country,iso3,continent,lat_grid,lon_grid,inform_risk_score,risk_label,eq_count,eq_mag_mean,eq_mag_max,eq_depth_mean
Russian Federation,RUS,Europe,66.5,-179.5,4.0,Medium,0,0.0,0.0,0.0
Russian Federation,RUS,Europe,67.5,-179.5,4.0,Medium,0,0.0,0.0,0.0
Russian Federation,RUS,Europe,68.5,-179.5,4.0,Medium,0,0.0,0.0,0.0
Russian Federation,RUS,Europe,71.5,-179.5,4.0,Medium,0,0.0,0.0,0.0
Russian Federation,RUS,Europe,65.5,-178.5,4.0,Medium,0,0.0,0.0,0.0
Russian Federation,RUS,Europe,66.5,-178.5,4.0,Medium,0,0.0,0.0,0.0
Russian Federation,RUS,Europe,67.5,-178.5,4.0,Medium,0,0.0,0.0,0.0
Russian Federation,RUS,Europe,65.5,-177.5,4.0,Medium,0,0.0,0.0,0.0
Russian Federation,RUS,Europe,66.5,-177.5,4.0,Medium,0,0.0,0.0,0.0
Russian Federation,RUS,Europe,67.5,-177.5,4.0,Medium,0,0.0,0.0,0.0
Russian Federation,RUS,Europe,65.5,-176.5,4.0,Medium,0,0.0,0.0,0.0
Russian Federation,RUS,Europe,66.5,-176.5,4.0,Medium,0,0.0,0.0,0.0
Russian Federation,RUS,Europe,67.5,-176.5,4.0,Medium,0,0.0,0.0,0.0
Russian Federation,RUS,Europe,65.5,-175.5,4.0,Medium,0,0.0,0.0,0.0
Russian Federation,RUS,Europe,66.5,-175.5,4.0,Medium,0,0.0,0.0,0.0
Russian Federation,RUS,Europe,65.5,-174.5,4.0,Medium,1,4.5,4.5,10.0
Russian Federation,RUS,Europe,64.5,-173.5,4.0,Medium,1,4.6,4.6,10.0
Russian Federation,RUS,Europe,65.5,-173.5,4.0,Medium,2,4.5,4.5,10.0
Russian Federation,RUS,Europe,66.5,-173.5,4.0,Medium,0,0.0,0.0,0.0
Russian Federation,RUS,Europe,65.5,-172.5,4.0,Medium,0,0.0,0.0,0.0
Russian Federation,RUS,Europe,66.5,-172.5,4.0,Medium,0,0.0,0.0,0.0
United States of America,USA,North America,63.5,-171.5,3.2,Low,0,0.0,0.0,0.0
Russian Federation,RUS,Europe,66.5,-171.5,4.0,Medium,1,4.6,4.6,10.0
United States of America,USA,North America,63.5,-170.5,3.2,Low,0,0.0,0.0,0.0
United States of America,USA,North America,65.5,-167.5,3.2,Low,0,0.0,0.0,0.0
United States of America,USA,North America,65.5,-166.5,3.2,Low,3,4.8,5.0,18.8
United States of America,USA,North America,68.5,-166.5,3.2,Low,0,0.0,0.0,0.0
United States of America,USA,North America,61.5,-165.5,3.2,Low,0,0.0,0.0,0.0
United States of America,USA,North America,65.5,-165.5,3.2,Low,0,0.0,0.0,0.0
United States of America,USA,North America,68.5,-165.5,3.2,Low,0,0.0,0.0,0.0
United States of America,USA,North America,54.5,-164.5,3.2,Low,7,4.8286,4.9,62.6186
United States of America,USA,North America,60.5,-164.5,3.2,Low,0,0.0,0.0,0.0
United States of America,USA,North America,61.5,-164.5,3.2,Low,0,0.0,0.0,0.0
United States of America,USA,North America,62.5,-164.5,3.2,Low,0,0.0,0.0,0.0
United States of America,USA,North America,64.5,-164.5,3.2,Low,0,0.0,0.0,0.0
United States of America,USA,North America,65.5,-164.5,3.2,Low,1,4.7,4.7,25.4
United States of America,USA,North America,66.5,-164.5,3.2,Low,0,0.0,0.0,0.0
United States of America,USA,North America,68.5,-164.5,3.2,Low,0,0.0,0.0,0.0
United States of America,USA,North America,60.5,-163.5,3.2,Low,0,0.0,0.0,0.0
United States of America,USA,North America,61.5,-163.5,3.2,Low,0,0.0,0.0,0.0
United States of America,USA,North America,62.5,-163.5,3.2,Low,0,0.0,0.0,0.0
United States of America,USA,North America,65.5,-163.5,3.2,Low,0,0.0,0.0,0.0
United States of America,USA,North America,67.5,-163.5,3.2,Low,0,0.0,0.0,0.0
United States of America,USA,North America,68.5,-163.5,3.2,Low,0,0.0,0.0,0.0
United States of America,USA,North America,55.5,-162.5,3.2,Low,3,4.7,4.8,126.7567
United States of America,USA,North America,60.5,-162.5,3.2,Low,0,0.0,0.0,0.0
United States of America,USA,North America,61.5,-162.5,3.2,Low,0,0.0,0.0,0.0
United States of America,USA,North America,62.5,-162.5,3.2,Low,0,0.0,0.0,0.0
United States of America,USA,North America,65.5,-162.5,3.2,Low,2,4.75,4.8,7.1
United States of America,USA,North America,67.5,-162.5,3.2,Low,14,5.0929,5.8,21.5
United States of America,USA,North America,68.5,-162.5,3.2,Low,0,0.0,0.0,0.0
United States of America,USA,North America,69.5,-162.5,3.2,Low,0,0.0,0.0,0.0
United States of America,USA,North America,55.5,-161.5,3.2,Low,5,4.58,4.8,77.384
United States of America,USA,North America,59.5,-161.5,3.2,Low,0,0.0,0.0,0.0
United States of America,USA,North America,60.5,-161.5,3.2,Low,0,0.0,0.0,0.0
United States of America,USA,North America,61.5,-161.5,3.2,Low,0,0.0,0.0,0.0
United States of America,USA,North America,62.5,-161.5,3.2,Low,0,0.0,0.0,0.0
United States of America,USA,North America,65.5,-161.5,3.2,Low,0,0.0,0.0,0.0
United States of America,USA,North America,66.5,-161.5,3.2,Low,0,0.0,0.0,0.0
United States of America,USA,North America,67.5,-161.5,3.2,Low,2,4.75,4.9,13.6
United States of America,USA,North America,68.5,-161.5,3.2,Low,0,0.0,0.0,0.0
United States of America,USA,North America,69.5,-161.5,3.2,Low,0,0.0,0.0,0.0
United States of America,USA,North America,59.5,-160.5,3.2,Low,0,0.0,0.0,0.0
United States of America,USA,North America,60.5,-160.5,3.2,Low,0,0.0,0.0,0.0
United States of America,USA,North America,61.5,-160.5,3.2,Low,0,0.0,0.0,0.0
United States of America,USA,North America,62.5,-160.5,3.2,Low,0,0.0,0.0,0.0
United States of America,USA,North America,63.5,-160.5,3.2,Low,0,0.0,0.0,0.0
United States of America,USA,North America,64.5,-160.5,3.2,Low,0,0.0,0.0,0.0
United States of America,USA,North America,65.5,-160.5,3.2,Low,1,4.5,4.5,10.0
United States of America,USA,North America,66.5,-160.5,3.2,Low,0,0.0,0.0,0.0
United States of America,USA,North America,67.5,-160.5,3.2,Low,1,4.5,4.5,10.0
United States of America,USA,North America,68.5,-160.5,3.2,Low,0,0.0,0.0,0.0
United States of America,USA,North America,69.5,-160.5,3.2,Low,0,0.0,0.0,0.0
United States of America,USA,North America,70.5,-160.5,3.2,Low,0,0.0,0.0,0.0
United States of America,USA,North America,56.5,-159.5,3.2,Low,1,4.5,4.5,152.0
United States of America,USA,North America,59.5,-159.5,3.2,Low,0,0.0,0.0,0.0
United States of America,USA,North America,60.5,-159.5,3.2,Low,0,0.0,0.0,0.0
United States of America,USA,North America,61.5,-159.5,3.2,Low,0,0.0,0.0,0.0
United States of America,USA,North America,62.5,-159.5,3.2,Low,0,0.0,0.0,0.0
United States of America,USA,North America,63.5,-159.5,3.2,Low,0,0.0,0.0,0.0
United States of America,USA,North America,64.5,-159.5,3.2,Low,0,0.0,0.0,0.0
United States of America,USA,North America,65.5,-159.5,3.2,Low,0,0.0,0.0,0.0
United States of America,USA,North America,66.5,-159.5,3.2,Low,0,0.0,0.0,0.0
United States of America,USA,North America,67.5,-159.5,3.2,Low,0,0.0,0.0,0.0
United States of America,USA,North America,68.5,-159.5,3.2,Low,0,0.0,0.0,0.0
United States of America,USA,North America,69.5,-159.5,3.2,Low,0,0.0,0.0,0.0
United States of America,USA,North America,70.5,-159.5,3.2,Low,0,0.0,0.0,0.0
United States of America,USA,North America,56.5,-158.5,3.2,Low,1,5.5,5.5,91.5
United States of America,USA,North America,59.5,-158.5,3.2,Low,0,0.0,0.0,0.0
United States of America,USA,North America,60.5,-158.5,3.2,Low,0,0.0,0.0,0.0
United States of America,USA,North America,61.5,-158.5,3.2,Low,1,4.6,4.6,20.0
United States of America,USA,North America,62.5,-158.5,3.2,Low,0,0.0,0.0,0.0
United States of America,USA,North America,63.5,-158.5,3.2,Low,0,0.0,0.0,0.0
United States of America,USA,North America,64.5,-158.5,3.2,Low,0,0.0,0.0,0.0
United States of America,USA,North America,65.5,-158.5,3.2,Low,0,0.0,0.0,0.0
United States of America,USA,North America,66.5,-158.5,3.2,Low,0,0.0,0.0,0.0
United States of America,USA,North America,67.5,-158.5,3.2,Low,0,0.0,0.0,0.0
United States of America,USA,North America,68.5,-158.5,3.2,Low,0,0.0,0.0,0.0
United States of America,USA,North America,69.5,-158.5,3.2,Low,0,0.0,0.0,0.0
United States of America,USA,North America,70.5,-158.5,3.2,Low,0,0.0,0.0,0.0
United States of America,USA,North America,57.5,-157.5,3.2,Low,7,4.9571,6.2,6.3857
United States of America,USA,North America,59.5,-157.5,3.2,Low,0,0.0,0.0,0.0
United States of America,USA,North America,60.5,-157.5,3.2,Low,0,0.0,0.0,0.0
United States of America,USA,North America,61.5,-157.5,3.2,Low,0,0.0,0.0,0.0
United States of America,USA,North America,62.5,-157.5,3.2,Low,0,0.0,0.0,0.0
United States of America,USA,North America,63.5,-157.5,3.2,Low,0,0.0,0.0,0.0
United States of America,USA,North America,64.5,-157.5,3.2,Low,0,0.0,0.0,0.0
United States of America,USA,North America,65.5,-157.5,3.2,Low,0,0.0,0.0,0.0
United States of America,USA,North America,66.5,-157.5,3.2,Low,15,4.8067,5.4,9.2933
United States of America,USA,North America,67.5,-157.5,3.2,Low,0,0.0,0.0,0.0
United States of America,USA,North America,68.5,-157.5,3.2,Low,0,0.0,0.0,0.0
United States of America,USA,North America,69.5,-157.5,3.2,Low,0,0.0,0.0,0.0
United States of America,USA,North America,70.5,-157.5,3.2,Low,0,0.0,0.0,0.0
United States of America,USA,North America,57.5,-156.5,3.2,Low,4,4.725,4.9,60.125
United States of America,USA,North America,58.5,-156.5,3.2,Low,3,5.1333,5.5,138.8333
United States of America,USA,North America,59.5,-156.5,3.2,Low,0,0.0,0.0,0.0
United States of America,USA,North America,60.5,-156.5,3.2,Low,0,0.0,0.0,0.0
United States of America,USA,North America,61.5,-156.5,3.2,Low,0,0.0,0.0,0.0
United States of America,USA,North America,62.5,-156.5,3.2,Low,0,0.0,0.0,0.0
United States of America,USA,North America,63.5,-156.5,3.2,Low,0,0.0,0.0,0.0
United States of America,USA,North America,64.5,-156.5,3.2,Low,0,0.0,0.0,0.0
United States of America,USA,North America,65.5,-156.5,3.2,Low,0,0.0,0.0,0.0
United States of America,USA,North America,66.5,-156.5,3.2,Low,0,0.0,0.0,0.0
United States of America,USA,North America,67.5,-156.5,3.2,Low,1,5.0,5.0,10.5
United States of America,USA,North America,68.5,-156.5,3.2,Low,0,0.0,0.0,0.0
United States of America,USA,North America,69.5,-156.5,3.2,Low,0,0.0,0.0,0.0
United States of America,USA,North America,70.5,-156.5,3.2,Low,0,0.0,0.0,0.0
United States of America,USA,North America,19.5,-155.5,3.2,Low,43,4.8533,6.7,16.9275
United States of America,USA,North America,58.5,-155.5,3.2,Low,4,4.8,5.2,102.775
United States of America,USA,North America,59.5,-155.5,3.2,Low,0,0.0,0.0,0.0
United States of America,USA,North America,60.5,-155.5,3.2,Low,0,0.0,0.0,0.0
United States of America,USA,North America,61.5,-155.5,3.2,Low,0,0.0,0.0,0.0
United States of America,USA,North America,62.5,-155.5,3.2,Low,0,0.0,0.0,0.0
United States of America,USA,North America,63.5,-155.5,3.2,Low,0,0.0,0.0,0.0
United States of America,USA,North America,64.5,-155.5,3.2,Low,0,0.0,0.0,0.0
United States of America,USA,North America,65.5,-155.5,3.2,Low,0,0.0,0.0,0.0
United States of America,USA,North America,66.5,-155.5,3.2,Low,0,0.0,0.0,0.0
United States of America,USA,North America,67.5,-155.5,3.2,Low,0,0.0,0.0,0.0
United States of America,USA,North America,68.5,-155.5,3.2,Low,0,0.0,0.0,0.0
United States of America,USA,North America,69.5,-155.5,3.2,Low,0,0.0,0.0,0.0
United States of America,USA,North America,70.5,-155.5,3.2,Low,0,0.0,0.0,0.0
United States of America,USA,North America,57.5,-154.5,3.2,Low,20,4.9,6.5,42.625
United States of America,USA,North America,58.5,-154.5,3.2,Low,7,5.0429,6.6,107.9714
United States of America,USA,North America,59.5,-154.5,3.2,Low,4,4.75,5.2,75.3
United States of America,USA,North America,60.5,-154.5,3.2,Low,0,0.0,0.0,0.0
United States of America,USA,North America,61.5,-154.5,3.2,Low,0,0.0,0.0,0.0
United States of America,USA,North America,62.5,-154.5,3.2,Low,0,0.0,0.0,0.0
United States of America,USA,North America,63.5,-154.5,3.2,Low,0,0.0,0.0,0.0
United States of America,USA,North America,64.5,-154.5,3.2,Low,0,0.0,0.0,0.0
United States of America,USA,North America,65.5,-154.5,3.2,Low,1,5.6,5.6,10.0
United States of America,USA,North America,66.5,-154.5,3.2,Low,0,0.0,0.0,0.0
United States of America,USA,North America,67.5,-154.5,3.2,Low,1,4.7,4.7,4.4
United States of America,USA,North America,68.5,-154.5,3.2,Low,0,0.0,0.0,0.0
United States of America,USA,North America,69.5,-154.5,3.2,Low,0,0.0,0.0,0.0
United States of America,USA,North America,70.5,-154.5,3.2,Low,0,0.0,0.0,0.0
United States of America,USA,North America,57.5,-153.5,3.2,Low,3,4.8667,5.1,48.3667
United States of America,USA,North America,60.5,-153.5,3.2,Low,9,4.8111,5.9,163.6889
United States of America,USA,North America,61.5,-153.5,3.2,Low,0,0.0,0.0,0.0
United States of America,USA,North America,62.5,-153.5,3.2,Low,0,0.0,0.0,0.0
United States of America,USA,North America,63.5,-153.5,3.2,Low,1,4.7,4.7,10.2
United States of America,USA,North America,64.5,-153.5,3.2,Low,0,0.0,0.0,0.0
United States of America,USA,North America,65.5,-153.5,3.2,Low,2,4.95,5.1,13.2
United States of America,USA,North America,66.5,-153.5,3.2,Low,0,0.0,0.0,0.0
United States of America,USA,North America,67.5,-153.5,3.2,Low,0,0.0,0.0,0.0
United States of America,USA,North America,68.5,-153.5,3.2,Low,0,0.0,0.0,0.0
United States of America,USA,North America,69.5,-153.5,3.2,Low,0,0.0,0.0,0.0
United States of America,USA,North America,70.5,-153.5,3.2,Low,0,0.0,0.0,0.0
United States of America,USA,North America,57.5,-152.5,3.2,Low,1,4.7,4.7,1.0
United States of America,USA,North America,60.5,-152.5,3.2,Low,15,4.9133,5.8,104.86
United States of America,USA,North America,61.5,-152.5,3.2,Low,6,4.9167,5.3,134.2
United States of America,USA,North America,62.5,-152.5,3.2,Low,2,4.5,4.5,142.7
United States of America,USA,North America,63.5,-152.5,3.2,Low,0,0.0,0.0,0.0
United States of America,USA,North America,64.5,-152.5,3.2,Low,3,4.7667,5.1,22.4
United States of America,USA,North America,65.5,-152.5,3.2,Low,0,0.0,0.0,0.0
United States of America,USA,North America,66.5,-152.5,3.2,Low,0,0.0,0.0,0.0
United States of America,USA,North America,67.5,-152.5,3.2,Low,0,0.0,0.0,0.0
United States of America,USA,North America,68.5,-152.5,3.2,Low,0,0.0,0.0,0.0
United States of America,USA,North America,69.5,-152.5,3.2,Low,0,0.0,0.0,0.0
United States of America,USA,North America,70.5,-152.5,3.2,Low,0,0.0,0.0,0.0
United States of America,USA,North America,59.5,-151.5,3.2,Low,6,4.8667,5.4,47.4167
United States of America,USA,North America,60.5,-151.5,3.2,Low,10,4.84,5.3,64.1
United States of America,USA,North America,61.5,-151.5,3.2,Low,12,4.9583,6.2,80.6667
United States of America,USA,North America,62.5,-151.5,3.2,Low,8,4.875,5.4,88.0875
United States of America,USA,North America,63.5,-151.5,3.2,Low,3,4.8,5.0,12.2
United States of America,USA,North America,64.5,-151.5,3.2,Low,0,0.0,0.0,0.0
United States of America,USA,North America,65.5,-151.5,3.2,Low,1,5.1,5.1,14.8
United States of America,USA,North America,66.5,-151.5,3.2,Low,0,0.0,0.0,0.0
United States of America,USA,North America,67.5,-151.5,3.2,Low,0,0.0,0.0,0.0
United States of America,USA,North America,68.5,-151.5,3.2,Low,0,0.0,0.0,0.0
United States of America,USA,North America,69.5,-151.5,3.2,Low,0,0.0,0.0,0.0
United States of America,USA,North America,70.5,-151.5,3.2,Low,0,0.0,0.0,0.0
United States of America,USA,North America,59.5,-150.5,3.2,Low,1,4.7,4.7,36.7
United States of America,USA,North America,60.5,-150.5,3.2,Low,5,4.64,4.8,55.28
United States of America,USA,North America,61.5,-150.5,3.2,Low,19,4.8632,5.8,49.4368
United States of America,USA,North America,62.5,-150.5,3.2,Low,9,4.7778,5.1,78.0333
United States of America,USA,North America,63.5,-150.5,3.2,Low,22,4.8727,5.8,113.7364
United States of America,USA,North America,64.5,-150.5,3.2,Low,0,0.0,0.0,0.0
United States of America,USA,North America,65.5,-150.5,3.2,Low,1,4.7,4.7,16.9
United States of America,USA,North America,66.5,-150.5,3.2,Low,0,0.0,0.0,0.0
United States of America,USA,North America,67.5,-150.5,3.2,Low,0,0.0,0.0,0.0
United States of America,USA,North America,68.5,-150.5,3.2,Low,0,0.0,0.0,0.0
United States of America,USA,North America,69.5,-150.5,3.2,Low,0,0.0,0.0,0.0
United States of America,USA,North America,60.5,-149.5,3.2,Low,3,4.6333,4.9,31.3
United States of America,USA,North America,61.5,-149.5,3.2,Low,32,4.8969,7.1,42.6281
United States of America,USA,North America,62.5,-149.5,3.2,Low,8,4.7875,5.4,65.3375
United States of America,USA,North America,63.5,-149.5,3.2,Low,5,4.8,4.9,48.36
United States of America,USA,North America,64.5,-149.5,3.2,Low,5,4.6,4.9,68.26
United States of America,USA,North America,65.5,-149.5,3.2,Low,4,4.95,5.2,16.525
United States of America,USA,North America,66.5,-149.5,3.2,Low,0,0.0,0.0,0.0
United States of America,USA,North America,67.5,-149.5,3.2,Low,0,0.0,0.0,0.0
United States of America,USA,North America,68.5,-149.5,3.2,Low,0,0.0,0.0,0.0
United States of America,USA,North America,69.5,-149.5,3.2,Low,0,0.0,0.0,0.0
United States of America,USA,North America,60.5,-148.5,3.2,Low,0,0.0,0.0,0.0
United States of America,USA,North America,61.5,-148.5,3.2,Low,1,4.6,4.6,13.1
United States of America,USA,North America,62.5,-148.5,3.2,Low,6,4.9167,6.1,52.6167
United States of America,USA,North America,63.5,-148.5,3.2,Low,5,4.92,5.5,58.82
United States of America,USA,North America,64.5,-148.5,3.2,Low,0,0.0,0.0,0.0
United States of America,USA,North America,65.5,-148.5,3.2,Low,0,0.0,0.0,0.0
United States of America,USA,North America,66.5,-148.5,3.2,Low,0,0.0,0.0,0.0
United States of America,USA,North America,67.5,-148.5,3.2,Low,0,0.0,0.0,0.0
United States of America,USA,North America,68.5,-148.5,3.2,Low,1,5.4,5.4,20.7
United States of America,USA,North America,69.5,-148.5,3.2,Low,0,0.0,0.0,0.0
United States of America,USA,North America,61.5,-147.5,3.2,Low,4,4.65,4.8,35.4
United States of America,USA,North America,62.5,-147.5,3.2,Low,0,0.0,0.0,0.0
United States of America,USA,North America,63.5,-147.5,3.2,Low,20,4.96,7.9,5.57
United States of America,USA,North America,64.5,-147.5,3.2,Low,2,4.6,4.7,7.35
United States of America,USA,North America,65.5,-147.5,3.2,Low,0,0.0,0.0,0.0
United States of America,USA,North America,66.5,-147.5,3.2,Low,0,0.0,0.0,0.0
United States of America,USA,North America,67.5,-147.5,3.2,Low,0,0.0,0.0,0.0
United States of America,USA,North America,68.5,-147.5,3.2,Low,1,4.5,4.5,20.0
United States of America,USA,North America,69.5,-147.5,3.2,Low,0,0.0,0.0,0.0
United States of America,USA,North America,61.5,-146.5,3.2,Low,7,4.6429,5.1,33.1714
United States of America,USA,North America,62.5,-146.5,3.2,Low,0,0.0,0.0,0.0
United States of America,USA,North America,63.5,-146.5,3.2,Low,1,5.1,5.1,4.8
United States of America,USA,North America,64.5,-146.5,3.2,Low,2,4.85,4.9,6.85
United States of America,USA,North America,65.5,-146.5,3.2,Low,0,0.0,0.0,0.0
United States of America,USA,North America,66.5,-146.5,3.2,Low,0,0.0,0.0,0.0
United States of America,USA,North America,67.5,-146.5,3.2,Low,0,0.0,0.0,0.0
United States of America,USA,North America,68.5,-146.5,3.2,Low,0,0.0,0.0,0.0
United States of America,USA,North America,69.5,-146.5,3.2,Low,2,4.85,5.1,5.85
United States of America,USA,North America,60.5,-145.5,3.2,Low,3,5.1,5.4,9.9667
United States of America,USA,North America,61.5,-145.5,3.2,Low,1,4.8,4.8,41.4
United States of America,USA,North America,62.5,-145.5,3.2,Low,2,4.5,4.5,19.7
United States of America,USA,North America,63.5,-145.5,3.2,Low,17,5.0,5.6,4.4412
United States of America,USA,North America,64.5,-145.5,3.2,Low,0,0.0,0.0,0.0
United States of America,USA,North America,65.5,-145.5,3.2,Low,0,0.0,0.0,0.0
United States of America,USA,North America,66.5,-145.5,3.2,Low,0,0.0,0.0,0.0
United States of America,USA,North America,67.5,-145.5,3.2,Low,1,4.6,4.6,10.7
United States of America,USA,North America,68.5,-145.5,3.2,Low,0,0.0,0.0,0.0
United States of America,USA,North America,69.5,-145.5,3.2,Low,5,4.98,6.4,11.82
United States of America,USA,North America,60.5,-144.5,3.2,Low,0,0.0,0.0,0.0
United States of America,USA,North America,61.5,-144.5,3.2,Low,0,0.0,0.0,0.0
United States of America,USA,North America,62.5,-144.5,3.2,Low,1,5.0,5.0,0.0
United States of America,USA,North America,63.5,-144.5,3.2,Low,11,4.8182,5.4,2.3727
United States of America,USA,North America,64.5,-144.5,3.2,Low,0,0.0,0.0,0.0
United States of America,USA,North America,65.5,-144.5,3.2,Low,1,4.8,4.8,15.2
United States of America,USA,North America,66.5,-144.5,3.2,Low,0,0.0,0.0,0.0
United States of America,USA,North America,67.5,-144.5,3.2,Low,0,0.0,0.0,0.0
United States of America,USA,North America,68.5,-144.5,3.2,Low,0,0.0,0.0,0.0
United States of America,USA,North America,69.5,-144.5,3.2,Low,26,4.8,6.0,12.8538
United States of America,USA,North America,60.5,-143.5,3.2,Low,2,4.85,5.2,4.35
United States of America,USA,North America,61.5,-143.5,3.2,Low,0,0.0,0.0,0.0
United States of America,USA,North America,62.5,-143.5,3.2,Low,6,4.8333,5.1,5.1167
United States of America,USA,North America,63.5,-143.5,3.2,Low,2,4.7,4.8,3.6
United States of America,USA,North America,64.5,-143.5,3.2,Low,0,0.0,0.0,0.0
United States of America,USA,North America,65.5,-143.5,3.2,Low,0,0.0,0.0,0.0
United States of America,USA,North America,66.5,-143.5,3.2,Low,0,0.0,0.0,0.0
United States of America,USA,North America,67.5,-143.5,3.2,Low,0,0.0,0.0,0.0
United States of America,USA,North America,68.5,-143.5,3.2,Low,0,0.0,0.0,0.0
United States of America,USA,North America,69.5,-143.5,3.2,Low,0,0.0,0.0,0.0
United States of America,USA,North America,60.5,-142.5,3.2,Low,0,0.0,0.0,0.0
United States of America,USA,North America,61.5,-142.5,3.2,Low,0,0.0,0.0,0.0
United States of America,USA,North America,62.5,-142.5,3.2,Low,6,4.8333,5.3,2.4667
United States of America,USA,North America,63.5,-142.5,3.2,Low,0,0.0,0.0,0.0
United States of America,USA,North America,64.5,-142.5,3.2,Low,0,0.0,0.0,0.0
United States of America,USA,North America,65.5,-142.5,3.2,Low,0,0.0,0.0,0.0
United States of America,USA,North America,66.5,-142.5,3.2,Low,4,4.9,5.4,7.25
United States of America,USA,North America,67.5,-142.5,3.2,Low,0,0.0,0.0,0.0
United States of America,USA,North America,68.5,-142.5,3.2,Low,0,0.0,0.0,0.0
United States of America,USA,North America,69.5,-142.5,3.2,Low,0,0.0,0.0,0.0
United States of America,USA,North America,60.5,-141.5,3.2,Low,2,4.9,5.0,12.15
United States of America,USA,North America,61.5,-141.5,3.2,Low,0,0.0,0.0,0.0
United States of America,USA,North America,62.5,-141.5,3.2,Low,1,5.0,5.0,1.1
United States of America,USA,North America,63.5,-141.5,3.2,Low,0,0.0,0.0,0.0
United States of America,USA,North America,64.5,-141.5,3.2,Low,0,0.0,0.0,0.0
United States of America,USA,North America,65.5,-141.5,3.2,Low,0,0.0,0.0,0.0
United States of America,USA,North America,66.5,-141.5,3.2,Low,1,4.5,4.5,20.0
United States of America,USA,North America,67.5,-141.5,3.2,Low,0,0.0,0.0,0.0
United States of America,USA,North America,68.5,-141.5,3.2,Low,0,0.0,0.0,0.0
United States of America,USA,North America,69.5,-141.5,3.2,Low,0,0.0,0.0,0.0
Canada,CAN,North America,60.5,-140.5,2.7,Low,5,5.1,6.0,15.196
Canada,CAN,North America,61.5,-140.5,2.7,Low,7,5.0714,5.7,7.0857
Canada,CAN,North America,62.5,-140.5,2.7,Low,0,0.0,0.0,0.0
Canada,CAN,North America,63.5,-140.5,2.7,Low,0,0.0,0.0,0.0
Canada,CAN,North America,64.5,-140.5,2.7,Low,1,4.5,4.5,10.0
Canada,CAN,North America,65.5,-140.5,2.7,Low,0,0.0,0.0,0.0
Canada,CAN,North America,66.5,-140.5,2.7,Low,0,0.0,0.0,0.0
Canada,CAN,North America,67.5,-140.5,2.7,Low,0,0.0,0.0,0.0
Canada,CAN,North America,68.5,-140.5,2.7,Low,0,0.0,0.0,0.0
Canada,CAN,North America,69.5,-140.5,2.7,Low,0,0.0,0.0,0.0
United States of America,USA,North America,59.5,-139.5,3.2,Low,1,5.3,5.3,16.2
Canada,CAN,North America,60.5,-139.5,2.7,Low,2,5.2,5.4,13.35
Canada,CAN,North America,61.5,-139.5,2.7,Low,1,4.8,4.8,2.963
Canada,CAN,North America,62.5,-139.5,2.7,Low,0,0.0,0.0,0.0
Canada,CAN,North America,63.5,-139.5,2.7,Low,0,0.0,0.0,0.0
Canada,CAN,North America,64.5,-139.5,2.7,Low,0,0.0,0.0,0.0
Canada,CAN,North America,65.5,-139.5,2.7,Low,0,0.0,0.0,0.0
Canada,CAN,North America,66.5,-139.5,2.7,Low,0,0.0,0.0,0.0
Canada,CAN,North America,67.5,-139.5,2.7,Low,0,0.0,0.0,0.0
Canada,CAN,North America,68.5,-139.5,2.7,Low,0,0.0,0.0,0.0
Canada,CAN,North America,69.5,-139.5,2.7,Low,0,0.0,0.0,0.0
United States of America,USA,North America,59.5,-138.5,3.2,Low,3,4.6,4.8,13.4
Canada,CAN,North America,60.5,-138.5,2.7,Low,0,0.0,0.0,0.0
Canada,CAN,North America,61.5,-138.5,2.7,Low,1,5.0,5.0,1.0
Canada,CAN,North America,62.5,-138.5,2.7,Low,0,0.0,0.0,0.0
Canada,CAN,North America,63.5,-138.5,2.7,Low,0,0.0,0.0,0.0
Canada,CAN,North America,64.5,-138.5,2.7,Low,0,0.0,0.0,0.0
Canada,CAN,North America,65.5,-138.5,2.7,Low,0,0.0,0.0,0.0
Canada,CAN,North America,66.5,-138.5,2.7,Low,0,0.0,0.0,0.0
Canada,CAN,North America,67.5,-138.5,2.7,Low,0,0.0,0.0,0.0
Canada,CAN,North America,68.5,-138.5,2.7,Low,0,0.0,0.0,0.0
United States of America,USA,North America,58.5,-137.5,3.2,Low,8,4.675,5.1,6.7875
Canada,CAN,North America,59.5,-137.5,2.7,Low,2,5.15,5.7,5.76
Canada,CAN,North America,60.5,-137.5,2.7,Low,0,0.0,0.0,0.0
Canada,CAN,North America,61.5,-137.5,2.7,Low,0,0.0,0.0,0.0
Canada,CAN,North America,62.5,-137.5,2.7,Low,0,0.0,0.0,0.0
Canada,CAN,North America,63.5,-137.5,2.7,Low,0,0.0,0.0,0.0
Canada,CAN,North America,64.5,-137.5,2.7,Low,0,0.0,0.0,0.0
Canada,CAN,North America,65.5,-137.5,2.7,Low,1,4.5,4.5,20.0
Canada,CAN,North America,66.5,-137.5,2.7,Low,0,0.0,0.0,0.0
Canada,CAN,North America,67.5,-137.5,2.7,Low,0,0.0,0.0,0.0
Canada,CAN,North America,68.5,-137.5,2.7,Low,0,0.0,0.0,0.0
United States of America,USA,North America,58.5,-136.5,3.2,Low,6,5.2333,6.1,6.3167
Canada,CAN,North America,59.5,-136.5,2.7,Low,15,5.2133,6.3,7.666
Canada,CAN,North America,60.5,-136.5,2.7,Low,0,0.0,0.0,0.0
Canada,CAN,North America,61.5,-136.5,2.7,Low,0,0.0,0.0,0.0
Canada,CAN,North America,62.5,-136.5,2.7,Low,0,0.0,0.0,0.0
Canada,CAN,North America,63.5,-136.5,2.7,Low,0,0.0,0.0,0.0
Canada,CAN,North America,64.5,-136.5,2.7,Low,0,0.0,0.0,0.0
Canada,CAN,North America,65.5,-136.5,2.7,Low,0,0.0,0.0,0.0
Canada,CAN,North America,66.5,-136.5,2.7,Low,0,0.0,0.0,0.0
Canada,CAN,North America,67.5,-136.5,2.7,Low,0,0.0,0.0,0.0
Canada,CAN,North America,68.5,-136.5,2.7,Low,2,4.95,5.0,10.0
United States of America,USA,North America,58.5,-135.5,3.2,Low,0,0.0,0.0,0.0
United States of America,USA,North America,59.5,-135.5,3.2,Low,1,4.6,4.6,0.6
Canada,CAN,North America,60.5,-135.5,2.7,Low,0,0.0,0.0,0.0
Canada,CAN,North America,61.5,-135.5,2.7,Low,0,0.0,0.0,0.0
Canada,CAN,North America,62.5,-135.5,2.7,Low,1,4.6,4.6,5.0
Canada,CAN,North America,63.5,-135.5,2.7,Low,0,0.0,0.0,0.0
Canada,CAN,North America,64.5,-135.5,2.7,Low,0,0.0,0.0,0.0
Canada,CAN,North America,65.5,-135.5,2.7,Low,0,0.0,0.0,0.0
Canada,CAN,North America,66.5,-135.5,2.7,Low,2,4.65,4.7,20.0
Canada,CAN,North America,67.5,-135.5,2.7,Low,0,0.0,0.0,0.0
Canada,CAN,North America,68.5,-135.5,2.7,Low,0,0.0,0.0,0.0
United States of America,USA,North America,58.5,-134.5,3.2,Low,0,0.0,0.0,0.0
Canada,CAN,North America,59.5,-134.5,2.7,Low,0,0.0,0.0,0.0
Canada,CAN,North America,60.5,-134.5,2.7,Low,0,0.0,0.0,0.0
Canada,CAN,North America,61.5,-134.5,2.7,Low,0,0.0,0.0,0.0
Canada,CAN,North America,62.5,-134.5,2.7,Low,0,0.0,0.0,0.0
Canada,CAN,North America,63.5,-134.5,2.7,Low,0,0.0,0.0,0.0
Canada,CAN,North America,64.5,-134.5,2.7,Low,1,5.1,5.1,10.0
Canada,CAN,North America,65.5,-134.5,2.7,Low,2,4.75,5.0,2.235
Canada,CAN,North America,66.5,-134.5,2.7,Low,0,0.0,0.0,0.0
Canada,CAN,North America,67.5,-134.5,2.7,Low,0,0.0,0.0,0.0
Canada,CAN,North America,68.5,-134.5,2.7,Low,0,0.0,0.0,0.0
Canada,CAN,North America,69.5,-134.5,2.7,Low,0,0.0,0.0,0.0
United States of America,USA,North America,57.5,-133.5,3.2,Low,0,0.0,0.0,0.0
Canada,CAN,North America,58.5,-133.5,2.7,Low,0,0.0,0.0,0.0
Canada,CAN,North America,59.5,-133.5,2.7,Low,0,0.0,0.0,0.0
Canada,CAN,North America,60.5,-133.5,2.7,Low,0,0.0,0.0,0.0
Canada,CAN,North America,61.5,-133.5,2.7,Low,0,0.0,0.0,0.0
Canada,CAN,North America,62.5,-133.5,2.7,Low,0,0.0,0.0,0.0
Canada,CAN,North America,63.5,-133.5,2.7,Low,0,0.0,0.0,0.0
Canada,CAN,North America,64.5,-133.5,2.7,Low,0,0.0,0.0,0.0
Canada,CAN,North America,65.5,-133.5,2.7,Low,3,4.5667,4.6,8.3333
Canada,CAN,North America,66.5,-133.5,2.7,Low,0,0.0,0.0,0.0
Canada,CAN,North America,67.5,-133.5,2.7,Low,0,0.0,0.0,0.0
Canada,CAN,North America,68.5,-133.5,2.7,Low,0,0.0,0.0,0.0
Canada,CAN,North America,69.5,-133.5,2.7,Low,0,0.0,0.0,0.0
Canada,CAN,North America,53.5,-132.5,2.7,Low,2,4.55,4.6,14.0
Canada,CAN,North America,57.5,-132.5,2.7,Low,0,0.0,0.0,0.0
Canada,CAN,North America,58.5,-132.5,2.7,Low,0,0.0,0.0,0.0
Canada,CAN,North America,59.5,-132.5,2.7,Low,0,0.0,0.0,0.0
Canada,CAN,North America,60.5,-132.5,2.7,Low,0,0.0,0.0,0.0
Canada,CAN,North America,61.5,-132.5,2.7,Low,1,4.6,4.6,1.0
Canada,CAN,North America,62.5,-132.5,2.7,Low,0,0.0,0.0,0.0
Canada,CAN,North America,63.5,-132.5,2.7,Low,0,0.0,0.0,0.0
Canada,CAN,North America,64.5,-132.5,2.7,Low,0,0.0,0.0,0.0
Canada,CAN,North America,65.5,-132.5,2.7,Low,0,0.0,0.0,0.0
Canada,CAN,North America,66.5,-132.5,2.7,Low,0,0.0,0.0,0.0
Canada,CAN,North America,67.5,-132.5,2.7,Low,0,0.0,0.0,0.0
Canada,CAN,North America,68.5,-132.5,2.7,Low,0,0.0,0.0,0.0
Canada,CAN,North America,69.5,-132.5,2.7,Low,0,0.0,0.0,0.0
United States of America,USA,North America,55.5,-131.5,3.2,Low,0,0.0,0.0,0.0
Canada,CAN,North America,56.5,-131.5,2.7,Low,0,0.0,0.0,0.0
Canada,CAN,North America,57.5,-131.5,2.7,Low,0,0.0,0.0,0.0
Canada,CAN,North America,58.5,-131.5,2.7,Low,0,0.0,0.0,0.0
Canada,CAN,North America,59.5,-131.5,2.7,Low,0,0.0,0.0,0.0
Canada,CAN,North America,60.5,-131.5,2.7,Low,0,0.0,0.0,0.0
Canada,CAN,North America,61.5,-131.5,2.7,Low,0,0.0,0.0,0.0
Canada,CAN,North America,62.5,-131.5,2.7,Low,0,0.0,0.0,0.0
Canada,CAN,North America,63.5,-131.5,2.7,Low,0,0.0,0.0,0.0
Canada,CAN,North America,64.5,-131.5,2.7,Low,1,5.4,5.4,10.0
Canada,CAN,North America,65.5,-131.5,2.7,Low,0,0.0,0.0,0.0
Canada,CAN,North America,66.5,-131.5,2.7,Low,0,0.0,0.0,0.0
Canada,CAN,North America,67.5,-131.5,2.7,Low,0,0.0,0.0,0.0
Canada,CAN,North America,68.5,-131.5,2.7,Low,0,0.0,0.0,0.0
Canada,CAN,North America,69.5,-131.5,2.7,Low,0,0.0,0.0,0.0
Canada,CAN,North America,54.5,-130.5,2.7,Low,0,0.0,0.0,0.0
United States of America,USA,North America,55.5,-130.5,3.2,Low,0,0.0,0.0,0.0
Canada,CAN,North America,56.5,-130.5,2.7,Low,0,0.0,0.0,0.0
Canada,CAN,North America,57.5,-130.5,2.7,Low,0,0.0,0.0,0.0
Canada,CAN,North America,58.5,-130.5,2.7,Low,0,0.0,0.0,0.0
Canada,CAN,North America,59.5,-130.5,2.7,Low,0,0.0,0.0,0.0
Canada,CAN,North America,60.5,-130.5,2.7,Low,0,0.0,0.0,0.0
Canada,CAN,North America,61.5,-130.5,2.7,Low,0,0.0,0.0,0.0
Canada,CAN,North America,62.5,-130.5,2.7,Low,0,0.0,0.0,0.0
Canada,CAN,North America,63.5,-130.5,2.7,Low,0,0.0,0.0,0.0
Canada,CAN,North America,64.5,-130.5,2.7,Low,6,4.7667,5.1,5.5
Canada,CAN,North America,65.5,-130.5,2.7,Low,1,4.5,4.5,1.0
Canada,CAN,North America,66.5,-130.5,2.7,Low,0,0.0,0.0,0.0
Canada,CAN,North America,67.5,-130.5,2.7,Low,0,0.0,0.0,0.0
Canada,CAN,North America,68.5,-130.5,2.7,Low,0,0.0,0.0,0.0
Canada,CAN,North America,69.5,-130.5,2.7,Low,0,0.0,0.0,0.0
Canada,CAN,North America,54.5,-129.5,2.7,Low,0,0.0,0.0,0.0
Canada,CAN,North America,55.5,-129.5,2.7,Low,0,0.0,0.0,0.0
Canada,CAN,North America,56.5,-129.5,2.7,Low,0,0.0,0.0,0.0
Canada,CAN,North America,57.5,-129.5,2.7,Low,0,0.0,0.0,0.0
Canada,CAN,North America,58.5,-129.5,2.7,Low,0,0.0,0.0,0.0
Canada,CAN,North America,59.5,-129.5,2.7,Low,0,0.0,0.0,0.0
Canada,CAN,North America,60.5,-129.5,2.7,Low,0,0.0,0.0,0.0
Canada,CAN,North America,61.5,-129.5,2.7,Low,0,0.0,0.0,0.0
Canada,CAN,North America,62.5,-129.5,2.7,Low,0,0.0,0.0,0.0
Canada,CAN,North America,63.5,-129.5,2.7,Low,1,5.2,5.2,10.0
Canada,CAN,North America,64.5,-129.5,2.7,Low,1,5.6,5.6,5.7
Canada,CAN,North America,65.5,-129.5,2.7,Low,0,0.0,0.0,0.0
Canada,CAN,North America,66.5,-129.5,2.7,Low,0,0.0,0.0,0.0
Canada,CAN,North America,67.5,-129.5,2.7,Low,0,0.0,0.0,0.0
Canada,CAN,North America,68.5,-129.5,2.7,Low,0,0.0,0.0,0.0
Canada,CAN,North America,69.5,-129.5,2.7,Low,0,0.0,0.0,0.0
Canada,CAN,North America,53.5,-128.5,2.7,Low,0,0.0,0.0,0.0
Canada,CAN,North America,54.5,-128.5,2.7,Low,0,0.0,0.0,0.0
Canada,CAN,North America,55.5,-128.5,2.7,Low,0,0.0,0.0,0.0
Canada,CAN,North America,56.5,-128.5,2.7,Low,0,0.0,0.0,0.0
Canada,CAN,North America,57.5,-128.5,2.7,Low,0,0.0,0.0,0.0
Canada,CAN,North America,58.5,-128.5,2.7,Low,0,0.0,0.0,0.0
Canada,CAN,North America,59.5,-128.5,2.7,Low,0,0.0,0.0,0.0
Canada,CAN,North America,60.5,-128.5,2.7,Low,0,0.0,0.0,0.0
Canada,CAN,North America,61.5,-128.5,2.7,Low,0,0.0,0.0,0.0
Canada,CAN,North America,62.5,-128.5,2.7,Low,0,0.0,0.0,0.0
Canada,CAN,North America,63.5,-128.5,2.7,Low,0,0.0,0.0,0.0
Canada,CAN,North America,64.5,-128.5,2.7,Low,1,4.7,4.7,20.0
Canada,CAN,North America,65.5,-128.5,2.7,Low,0,0.0,0.0,0.0
Canada,CAN,North America,66.5,-128.5,2.7,Low,0,0.0,0.0,0.0
Canada,CAN,North America,67.5,-128.5,2.7,Low,0,0.0,0.0,0.0
Canada,CAN,North America,68.5,-128.5,2.7,Low,0,0.0,0.0,0.0
Canada,CAN,North America,69.5,-128.5,2.7,Low,0,0.0,0.0,0.0
Canada,CAN,North America,50.5,-127.5,2.7,Low,0,0.0,0.0,0.0
Canada,CAN,North America,51.5,-127.5,2.7,Low,0,0.0,0.0,0.0
Canada,CAN,North America,52.5,-127.5,2.7,Low,0,0.0,0.0,0.0
Canada,CAN,North America,53.5,-127.5,2.7,Low,0,0.0,0.0,0.0
Canada,CAN,North America,54.5,-127.5,2.7,Low,0,0.0,0.0,0.0
Canada,CAN,North America,55.5,-127.5,2.7,Low,0,0.0,0.0,0.0
Canada,CAN,North America,56.5,-127.5,2.7,Low,0,0.0,0.0,0.0
Canada,CAN,North America,57.5,-127.5,2.7,Low,0,0.0,0.0,0.0
Canada,CAN,North America,58.5,-127.5,2.7,Low,0,0.0,0.0,0.0
Canada,CAN,North America,59.5,-127.5,2.7,Low,0,0.0,0.0,0.0
Canada,CAN,North America,60.5,-127.5,2.7,Low,0,0.0,0.0,0.0
Canada,CAN,North America,61.5,-127.5,2.7,Low,0,0.0,0.0,0.0
Canada,CAN,North America,62.5,-127.5,2.7,Low,1,4.5,4.5,7.0
Canada,CAN,North America,63.5,-127.5,2.7,Low,0,0.0,0.0,0.0
Canada,CAN,North America,64.5,-127.5,2.7,Low,0,0.0,0.0,0.0
Canada,CAN,North America,65.5,-127.5,2.7,Low,0,0.0,0.0,0.0
Canada,CAN,North America,66.5,-127.5,2.7,Low,0,0.0,0.0,0.0
Canada,CAN,North America,67.5,-127.5,2.7,Low,0,0.0,0.0,0.0
Canada,CAN,North America,68.5,-127.5,2.7,Low,0,0.0,0.0,0.0
Canada,CAN,North America,69.5,-127.5,2.7,Low,0,0.0,0.0,0.0
Canada,CAN,North America,49.5,-126.5,2.7,Low,6,5.4833,6.4,24.7655
Canada,CAN,North America,51.5,-126.5,2.7,Low,0,0.0,0.0,0.0
Canada,CAN,North America,52.5,-126.5,2.7,Low,0,0.0,0.0,0.0
Canada,CAN,North America,53.5,-126.5,2.7,Low,0,0.0,0.0,0.0
Canada,CAN,North America,54.5,-126.5,2.7,Low,0,0.0,0.0,0.0
Canada,CAN,North America,55.5,-126.5,2.7,Low,0,0.0,0.0,0.0
Canada,CAN,North America,56.5,-126.5,2.7,Low,0,0.0,0.0,0.0
Canada,CAN,North America,57.5,-126.5,2.7,Low,0,0.0,0.0,0.0
Canada,CAN,North America,58.5,-126.5,2.7,Low,0,0.0,0.0,0.0
Canada,CAN,North America,59.5,-126.5,2.7,Low,0,0.0,0.0,0.0
Canada,CAN,North America,60.5,-126.5,2.7,Low,0,0.0,0.0,0.0
Canada,CAN,North America,61.5,-126.5,2.7,Low,0,0.0,0.0,0.0
Canada,CAN,North America,62.5,-126.5,2.7,Low,0,0.0,0.0,0.0
Canada,CAN,North America,63.5,-126.5,2.7,Low,1,5.3,5.3,1.0
Canada,CAN,North America,64.5,-126.5,2.7,Low,0,0.0,0.0,0.0
Canada,CAN,North America,65.5,-126.5,2.7,Low,0,0.0,0.0,0.0
Canada,CAN,North America,66.5,-126.5,2.7,Low,0,0.0,0.0,0.0
Canada,CAN,North America,67.5,-126.5,2.7,Low,0,0.0,0.0,0.0
Canada,CAN,North America,68.5,-126.5,2.7,Low,0,0.0,0.0,0.0
Canada,CAN,North America,69.5,-126.5,2.7,Low,0,0.0,0.0,0.0
Canada,CAN,North America,49.5,-125.5,2.7,Low,1,4.8,4.8,24.64
Canada,CAN,North America,50.5,-125.5,2.7,Low,0,0.0,0.0,0.0
Canada,CAN,North America,51.5,-125.5,2.7,Low,0,0.0,0.0,0.0
Canada,CAN,North America,52.5,-125.5,2.7,Low,0,0.0,0.0,0.0
Canada,CAN,North America,53.5,-125.5,2.7,Low,0,0.0,0.0,0.0
Canada,CAN,North America,54.5,-125.5,2.7,Low,0,0.0,0.0,0.0
Canada,CAN,North America,55.5,-125.5,2.7,Low,0,0.0,0.0,0.0
Canada,CAN,North America,56.5,-125.5,2.7,Low,0,0.0,0.0,0.0
Canada,CAN,North America,57.5,-125.5,2.7,Low,0,0.0,0.0,0.0
Canada,CAN,North America,58.5,-125.5,2.7,Low,0,0.0,0.0,0.0
Canada,CAN,North America,59.5,-125.5,2.7,Low,0,0.0,0.0,0.0
Canada,CAN,North America,60.5,-125.5,2.7,Low,0,0.0,0.0,0.0
Canada,CAN,North America,61.5,-125.5,2.7,Low,0,0.0,0.0,0.0
Canada,CAN,North America,62.5,-125.5,2.7,Low,0,0.0,0.0,0.0
Canada,CAN,North America,63.5,-125.5,2.7,Low,0,0.0,0.0,0.0
Canada,CAN,North America,64.5,-125.5,2.7,Low,0,0.0,0.0,0.0
Canada,CAN,North America,65.5,-125.5,2.7,Low,0,0.0,0.0,0.0
Canada,CAN,North America,66.5,-125.5,2.7,Low,0,0.0,0.0,0.0
Canada,CAN,North America,67.5,-125.5,2.7,Low,0,0.0,0.0,0.0
Canada,CAN,North America,68.5,-125.5,2.7,Low,0,0.0,0.0,0.0
Canada,CAN,North America,69.5,-125.5,2.7,Low,0,0.0,0.0,0.0
Canada,CAN,North America,50.5,-124.5,2.7,Low,0,0.0,0.0,0.0
Canada,CAN,North America,51.5,-124.5,2.7,Low,1,4.7,4.7,10.0
Canada,CAN,North America,52.5,-124.5,2.7,Low,0,0.0,0.0,0.0
Canada,CAN,North America,53.5,-124.5,2.7,Low,0,0.0,0.0,0.0
Canada,CAN,North America,54.5,-124.5,2.7,Low,0,0.0,0.0,0.0
Canada,CAN,North America,55.5,-124.5,2.7,Low,0,0.0,0.0,0.0
Canada,CAN,North America,56.5,-124.5,2.7,Low,0,0.0,0.0,0.0
Canada,CAN,North America,57.5,-124.5,2.7,Low,0,0.0,0.0,0.0
Canada,CAN,North America,58.5,-124.5,2.7,Low,0,0.0,0.0,0.0
Canada,CAN,North America,59.5,-124.5,2.7,Low,0,0.0,0.0,0.0
Canada,CAN,North America,60.5,-124.5,2.7,Low,0,0.0,0.0,0.0
Canada,CAN,North America,61.5,-124.5,2.7,Low,0,0.0,0.0,0.0
Canada,CAN,North America,62.5,-124.5,2.7,Low,3,4.5667,4.7,5.6433
Canada,CAN,North America,63.5,-124.5,2.7,Low,0,0.0,0.0,0.0
Canada,CAN,North America,64.5,-124.5,2.7,Low,0,0.0,0.0,0.0
Canada,CAN,North America,65.5,-124.5,2.7,Low,0,0.0,0.0,0.0
Canada,CAN,North America,66.5,-124.5,2.7,Low,0,0.0,0.0,0.0
Canada,CAN,North America,67.5,-124.5,2.7,Low,0,0.0,0.0,0.0
Canada,CAN,North America,68.5,-124.5,2.7,Low,0,0.0,0.0,0.0
Canada,CAN,North America,69.5,-124.5,2.7,Low,0,0.0,0.0,0.0
Canada,CAN,North America,72.5,-124.5,2.7,Low,0,0.0,0.0,0.0
United States of America,USA,North America,39.5,-123.5,3.2,Low,2,4.65,4.79,7.783
United States of America,USA,North America,40.5,-123.5,3.2,Low,3,5.1867,5.4,28.2083
United States of America,USA,North America,41.5,-123.5,3.2,Low,1,5.6,5.6,27.358
United States of America,USA,North America,42.5,-123.5,3.2,Low,0,0.0,0.0,0.0
United States of America,USA,North America,43.5,-123.5,3.2,Low,0,0.0,0.0,0.0
United States of America,USA,North America,44.5,-123.5,3.2,Low,0,0.0,0.0,0.0
United States of America,USA,North America,45.5,-123.5,3.2,Low,0,0.0,0.0,0.0
United States of America,USA,North America,46.5,-123.5,3.2,Low,0,0.0,0.0,0.0
United States of America,USA,North America,47.5,-123.5,3.2,Low,2,4.9,5.0,45.379
Canada,CAN,North America,49.5,-123.5,2.7,Low,0,0.0,0.0,0.0
Canada,CAN,North America,50.5,-123.5,2.7,Low,0,0.0,0.0,0.0
Canada,CAN,North America,51.5,-123.5,2.7,Low,0,0.0,0.0,0.0
Canada,CAN,North America,52.5,-123.5,2.7,Low,0,0.0,0.0,0.0
Canada,CAN,North America,53.5,-123.5,2.7,Low,0,0.0,0.0,0.0
Canada,CAN,North America,54.5,-123.5,2.7,Low,0,0.0,0.0,0.0
Canada,CAN,North America,55.5,-123.5,2.7,Low,0,0.0,0.0,0.0
Canada,CAN,North America,56.5,-123.5,2.7,Low,0,0.0,0.0,0.0
Canada,CAN,North America,57.5,-123.5,2.7,Low,0,0.0,0.0,0.0
Canada,CAN,North America,58.5,-123.5,2.7,Low,0,0.0,0.0,0.0
Canada,CAN,North America,59.5,-123.5,2.7,Low,0,0.0,0.0,0.0
Canada,CAN,North America,60.5,-123.5,2.7,Low,0,0.0,0.0,0.0
Canada,CAN,North America,61.5,-123.5,2.7,Low,0,0.0,0.0,0.0
Canada,CAN,North America,62.5,-123.5,2.7,Low,0,0.0,0.0,0.0
Canada,CAN,North America,63.5,-123.5,2.7,Low,0,0.0,0.0,0.0
Canada,CAN,North America,64.5,-123.5,2.7,Low,0,0.0,0.0,0.0
Canada,CAN,North America,65.5,-123.5,2.7,Low,1,4.5,4.5,20.0
Canada,CAN,North America,66.5,-123.5,2.7,Low,0,0.0,0.0,0.0
Canada,CAN,North America,67.5,-123.5,2.7,Low,0,0.0,0.0,0.0
Canada,CAN,North America,68.5,-123.5,2.7,Low,0,0.0,0.0,0.0
Canada,CAN,North America,69.5,-123.5,2.7,Low,0,0.0,0.0,0.0
Canada,CAN,North America,71.5,-123.5,2.7,Low,0,0.0,0.0,0.0
Canada,CAN,North America,72.5,-123.5,2.7,Low,0,0.0,0.0,0.0
Canada,CAN,North America,73.5,-123.5,2.7,Low,0,0.0,0.0,0.0
United States of America,USA,North America,37.5,-122.5,3.2,Low,0,0.0,0.0,0.0
United States of America,USA,North America,38.5,-122.5,3.2,Low,9,4.8222,6.02,5.2113
United States of America,USA,North America,39.5,-122.5,3.2,Low,1,5.09,5.09,14.45
United States of America,USA,North America,40.5,-122.5,3.2,Low,2,4.6,4.7,6.109
United States of America,USA,North America,41.5,-122.5,3.2,Low,0,0.0,0.0,0.0
United States of America,USA,North America,42.5,-122.5,3.2,Low,0,0.0,0.0,0.0
United States of America,USA,North America,43.5,-122.5,3.2,Low,0,0.0,0.0,0.0
United States of America,USA,North America,44.5,-122.5,3.2,Low,0,0.0,0.0,0.0
United States of America,USA,North America,45.5,-122.5,3.2,Low,0,0.0,0.0,0.0
United States of America,USA,North America,46.5,-122.5,3.2,Low,0,0.0,0.0,0.0
United States of America,USA,North America,48.5,-122.5,3.2,Low,0,0.0,0.0,0.0
Canada,CAN,North America,49.5,-122.5,2.7,Low,0,0.0,0.0,0.0
Canada,CAN,North America,50.5,-122.5,2.7,Low,0,0.0,0.0,0.0
Canada,CAN,North America,51.5,-122.5,2.7,Low,0,0.0,0.0,0.0
Canada,CAN,North America,52.5,-122.5,2.7,Low,0,0.0,0.0,0.0
Canada,CAN,North America,53.5,-122.5,2.7,Low,0,0.0,0.0,0.0
Canada,CAN,North America,54.5,-122.5,2.7,Low,0,0.0,0.0,0.0
Canada,CAN,North America,55.5,-122.5,2.7,Low,0,0.0,0.0,0.0
Canada,CAN,North America,56.5,-122.5,2.7,Low,0,0.0,0.0,0.0
Canada,CAN,North America,57.5,-122.5,2.7,Low,2,4.55,4.6,7.5
Canada,CAN,North America,58.5,-122.5,2.7,Low,0,0.0,0.0,0.0
Canada,CAN,North America,59.5,-122.5,2.7,Low,0,0.0,0.0,0.0
Canada,CAN,North America,60.5,-122.5,2.7,Low,0,0.0,0.0,0.0
Canada,CAN,North America,61.5,-122.5,2.7,Low,0,0.0,0.0,0.0
Canada,CAN,North America,62.5,-122.5,2.7,Low,0,0.0,0.0,0.0
Canada,CAN,North America,63.5,-122.5,2.7,Low,0,0.0,0.0,0.0
Canada,CAN,North America,64.5,-122.5,2.7,Low,0,0.0,0.0,0.0
Canada,CAN,North America,65.5,-122.5,2.7,Low,1,4.6,4.6,9.03
Canada,CAN,North America,66.5,-122.5,2.7,Low,0,0.0,0.0,0.0
Canada,CAN,North America,67.5,-122.5,2.7,Low,0,0.0,0.0,0.0
Canada,CAN,North America,68.5,-122.5,2.7,Low,0,0.0,0.0,0.0
Canada,CAN,North America,69.5,-122.5,2.7,Low,0,0.0,0.0,0.0
Canada,CAN,North America,71.5,-122.5,2.7,Low,0,0.0,0.0,0.0
Canada,CAN,North America,72.5,-122.5,2.7,Low,0,0.0,0.0,0.0
Canada,CAN,North America,73.5,-122.5,2.7,Low,0,0.0,0.0,0.0
United States of America,USA,North America,36.5,-121.5,3.2,Low,6,4.655,4.9,7.4895
United States of America,USA,North America,37.5,-121.5,3.2,Low,3,5.0133,5.45,7.2103
United States of America,USA,North America,38.5,-121.5,3.2,Low,0,0.0,0.0,0.0
United States of America,USA,North America,39.5,-121.5,3.2,Low,0,0.0,0.0,0.0
United States of America,USA,North America,40.5,-121.5,3.2,Low,5,5.236,5.69,7.8316
United States of America,USA,North America,41.5,-121.5,3.2,Low,0,0.0,0.0,0.0
United States of America,USA,North America,42.5,-121.5,3.2,Low,0,0.0,0.0,0.0
United States of America,USA,North America,43.5,-121.5,3.2,Low,0,0.0,0.0,0.0
United States of America,USA,North America,44.5,-121.5,3.2,Low,0,0.0,0.0,0.0
United States of America,USA,North America,45.5,-121.5,3.2,Low,1,4.5,4.5,4.915
United States of America,USA,North America,46.5,-121.5,3.2,Low,1,4.5,4.5,1.649
United States of America,USA,North America,47.5,-121.5,3.2,Low,0,0.0,0.0,0.0
United States of America,USA,North America,48.5,-121.5,3.2,Low,0,0.0,0.0,0.0
Canada,CAN,North America,49.5,-121.5,2.7,Low,0,0.0,0.0,0.0
Canada,CAN,North America,50.5,-121.5,2.7,Low,0,0.0,0.0,0.0
Canada,CAN,North America,51.5,-121.5,2.7,Low,0,0.0,0.0,0.0
Canada,CAN,North America,52.5,-121.5,2.7,Low,0,0.0,0.0,0.0
Canada,CAN,North America,53.5,-121.5,2.7,Low,0,0.0,0.0,0.0
Canada,CAN,North America,54.5,-121.5,2.7,Low,0,0.0,0.0,0.0
Canada,CAN,North America,55.5,-121.5,2.7,Low,0,0.0,0.0,0.0
Canada,CAN,North America,56.5,-121.5,2.7,Low,0,0.0,0.0,0.0
Canada,CAN,North America,57.5,-121.5,2.7,Low,0,0.0,0.0,0.0
Canada,CAN,North America,58.5,-121.5,2.7,Low,0,0.0,0.0,0.0
Canada,CAN,North America,59.5,-121.5,2.7,Low,0,0.0,0.0,0.0
Canada,CAN,North America,60.5,-121.5,2.7,Low,0,0.0,0.0,0.0
Canada,CAN,North America,61.5,-121.5,2.7,Low,0,0.0,0.0,0.0
Canada,CAN,North America,62.5,-121.5,2.7,Low,0,0.0,0.0,0.0
Canada,CAN,North America,63.5,-121.5,2.7,Low,0,0.0,0.0,0.0
Canada,CAN,North America,64.5,-121.5,2.7,Low,0,0.0,0.0,0.0
Canada,CAN,North America,65.5,-121.5,2.7,Low,0,0.0,0.0,0.0
Canada,CAN,North America,66.5,-121.5,2.7,Low,0,0.0,0.0,0.0
Canada,CAN,North America,67.5,-121.5,2.7,Low,0,0.0,0.0,0.0
Canada,CAN,North America,68.5,-121.5,2.7,Low,0,0.0,0.0,0.0
Canada,CAN,North America,69.5,-121.5,2.7,Low,0,0.0,0.0,0.0
Canada,CAN,North America,71.5,-121.5,2.7,Low,0,0.0,0.0,0.0
Canada,CAN,North America,72.5,-121.5,2.7,Low,0,0.0,0.0,0.0
Canada,CAN,North America,73.5,-121.5,2.7,Low,0,0.0,0.0,0.0
Canada,CAN,North America,76.5,-121.5,2.7,Low,0,0.0,0.0,0.0
United States of America,USA,North America,35.5,-120.5,3.2,Low,5,4.788,5.97,8.1534
United States of America,USA,North America,36.5,-120.5,3.2,Low,1,5.29,5.29,8.619
United States of America,USA,North America,37.5,-120.5,3.2,Low,0,0.0,0.0,0.0
United States of America,USA,North America,38.5,-120.5,3.2,Low,0,0.0,0.0,0.0
United States of America,USA,North America,39.5,-120.5,3.2,Low,5,4.77,5.2,4.6352
United States of America,USA,North America,40.5,-120.5,3.2,Low,0,0.0,0.0,0.0
United States of America,USA,North America,41.5,-120.5,3.2,Low,0,0.0,0.0,0.0
United States of America,USA,North America,42.5,-120.5,3.2,Low,0,0.0,0.0,0.0
United States of America,USA,North America,43.5,-120.5,3.2,Low,0,0.0,0.0,0.0
United States of America,USA,North America,44.5,-120.5,3.2,Low,0,0.0,0.0,0.0
United States of America,USA,North America,45.5,-120.5,3.2,Low,0,0.0,0.0,0.0
United States of America,USA,North America,46.5,-120.5,3.2,Low,0,0.0,0.0,0.0
United States of America,USA,North America,47.5,-120.5,3.2,Low,0,0.0,0.0,0.0
United States of America,USA,North America,48.5,-120.5,3.2,Low,0,0.0,0.0,0.0
Canada,CAN,North America,49.5,-120.5,2.7,Low,1,4.5,4.5,10.0
Canada,CAN,North America,50.5,-120.5,2.7,Low,0,0.0,0.0,0.0
Canada,CAN,North America,51.5,-120.5,2.7,Low,0,0.0,0.0,0.0
Canada,CAN,North America,52.5,-120.5,2.7,Low,0,0.0,0.0,0.0
Canada,CAN,North America,53.5,-120.5,2.7,Low,0,0.0,0.0,0.0
Canada,CAN,North America,54.5,-120.5,2.7,Low,0,0.0,0.0,0.0
Canada,CAN,North America,55.5,-120.5,2.7,Low,0,0.0,0.0,0.0
Canada,CAN,North America,56.5,-120.5,2.7,Low,0,0.0,0.0,0.0
Canada,CAN,North America,57.5,-120.5,2.7,Low,0,0.0,0.0,0.0
Canada,CAN,North America,58.5,-120.5,2.7,Low,0,0.0,0.0,0.0
Canada,CAN,North America,59.5,-120.5,2.7,Low,0,0.0,0.0,0.0
Canada,CAN,North America,60.5,-120.5,2.7,Low,0,0.0,0.0,0.0
Canada,CAN,North America,61.5,-120.5,2.7,Low,0,0.0,0.0,0.0
Canada,CAN,North America,62.5,-120.5,2.7,Low,0,0.0,0.0,0.0
Canada,CAN,North America,63.5,-120.5,2.7,Low,0,0.0,0.0,0.0
Canada,CAN,North America,64.5,-120.5,2.7,Low,0,0.0,0.0,0.0
Canada,CAN,North America,65.5,-120.5,2.7,Low,0,0.0,0.0,0.0
Canada,CAN,North America,66.5,-120.5,2.7,Low,0,0.0,0.0,0.0
Canada,CAN,North America,67.5,-120.5,2.7,Low,0,0.0,0.0,0.0
Canada,CAN,North America,68.5,-120.5,2.7,Low,0,0.0,0.0,0.0
Canada,CAN,North America,69.5,-120.5,2.7,Low,0,0.0,0.0,0.0
Canada,CAN,North America,71.5,-120.5,2.7,Low,0,0.0,0.0,0.0
Canada,CAN,North America,72.5,-120.5,2.7,Low,0,0.0,0.0,0.0
Canada,CAN,North America,73.5,-120.5,2.7,Low,0,0.0,0.0,0.0
Canada,CAN,North America,76.5,-120.5,2.7,Low,0,0.0,0.0,0.0
United States of America,USA,North America,34.5,-119.5,3.2,Low,2,4.94,5.08,5.98
United States of America,USA,North America,35.5,-119.5,3.2,Low,3,4.7167,4.87,13.811
United States of America,USA,North America,36.5,-119.5,3.2,Low,0,0.0,0.0,0.0
United States of America,USA,North America,37.5,-119.5,3.2,Low,0,0.0,0.0,0.0
United States of America,USA,North America,38.5,-119.5,3.2,Low,6,4.935,6.0,5.0767
United States of America,USA,North America,39.5,-119.5,3.2,Low,3,4.8,5.1,4.6667
United States of America,USA,North America,40.5,-119.5,3.2,Low,0,0.0,0.0,0.0
United States of America,USA,North America,41.5,-119.5,3.2,Low,8,4.6125,4.7,5.9375
United States of America,USA,North America,42.5,-119.5,3.2,Low,0,0.0,0.0,0.0
United States of America,USA,North America,43.5,-119.5,3.2,Low,0,0.0,0.0,0.0
United States of America,USA,North America,44.5,-119.5,3.2,Low,0,0.0,0.0,0.0
United States of America,USA,North America,45.5,-119.5,3.2,Low,0,0.0,0.0,0.0
United States of America,USA,North America,46.5,-119.5,3.2,Low,0,0.0,0.0,0.0
United States of America,USA,North America,47.5,-119.5,3.2,Low,0,0.0,0.0,0.0
United States of America,USA,North America,48.5,-119.5,3.2,Low,1,4.6,4.6,11.168
Canada,CAN,North America,49.5,-119.5,2.7,Low,0,0.0,0.0,0.0
Canada,CAN,North America,50.5,-119.5,2.7,Low,0,0.0,0.0,0.0
Canada,CAN,North America,51.5,-119.5,2.7,Low,0,0.0,0.0,0.0
Canada,CAN,North America,52.5,-119.5,2.7,Low,0,0.0,0.0,0.0
Canada,CAN,North America,53.5,-119.5,2.7,Low,0,0.0,0.0,0.0
Canada,CAN,North America,54.5,-119.5,2.7,Low,0,0.0,0.0,0.0
Canada,CAN,North America,55.5,-119.5,2.7,Low,0,0.0,0.0,0.0
Canada,CAN,North America,56.5,-119.5,2.7,Low,1,5.3,5.3,10.0
Canada,CAN,North America,57.5,-119.5,2.7,Low,0,0.0,0.0,0.0
Canada,CAN,North America,58.5,-119.5,2.7,Low,0,0.0,0.0,0.0
Canada,CAN,North America,59.5,-119.5,2.7,Low,0,0.0,0.0,0.0
Canada,CAN,North America,60.5,-119.5,2.7,Low,0,0.0,0.0,0.0
Canada,CAN,North America,61.5,-119.5,2.7,Low,0,0.0,0.0,0.0
Canada,CAN,North America,62.5,-119.5,2.7,Low,0,0.0,0.0,0.0
Canada,CAN,North America,63.5,-119.5,2.7,Low,0,0.0,0.0,0.0
Canada,CAN,North America,64.5,-119.5,2.7,Low,0,0.0,0.0,0.0
Canada,CAN,North America,65.5,-119.5,2.7,Low,0,0.0,0.0,0.0
Canada,CAN,North America,66.5,-119.5,2.7,Low,0,0.0,0.0,0.0
Canada,CAN,North America,67.5,-119.5,2.7,Low,0,0.0,0.0,0.0
Canada,CAN,North America,68.5,-119.5,2.7,Low,0,0.0,0.0,0.0
Canada,CAN,North America,72.5,-119.5,2.7,Low,0,0.0,0.0,0.0
Canada,CAN,North America,73.5,-119.5,2.7,Low,0,0.0,0.0,0.0
Canada,CAN,North America,76.5,-119.5,2.7,Low,0,0.0,0.0,0.0
United States of America,USA,North America,34.5,-118.5,3.2,Low,2,4.6,4.66,11.966
United States of America,USA,North America,35.5,-118.5,3.2,Low,2,4.785,5.03,3.828
United States of America,USA,North America,36.5,-118.5,3.2,Low,0,0.0,0.0,0.0
United States of America,USA,North America,37.5,-118.5,3.2,Low,3,4.63,4.77,9.4817
United States of America,USA,North America,38.5,-118.5,3.2,Low,16,5.0331,5.6,6.4288
United States of America,USA,North America,39.5,-118.5,3.2,Low,0,0.0,0.0,0.0
United States of America,USA,North America,40.5,-118.5,3.2,Low,0,0.0,0.0,0.0
United States of America,USA,North America,41.5,-118.5,3.2,Low,0,0.0,0.0,0.0
United States of America,USA,North America,42.5,-118.5,3.2,Low,0,0.0,0.0,0.0
United States of America,USA,North America,43.5,-118.5,3.2,Low,0,0.0,0.0,0.0
United States of America,USA,North America,44.5,-118.5,3.2,Low,0,0.0,0.0,0.0
United States of America,USA,North America,45.5,-118.5,3.2,Low,0,0.0,0.0,0.0
United States of America,USA,North America,46.5,-118.5,3.2,Low,0,0.0,0.0,0.0
United States of America,USA,North America,47.5,-118.5,3.2,Low,0,0.0,0.0,0.0
United States of America,USA,North America,48.5,-118.5,3.2,Low,0,0.0,0.0,0.0
Canada,CAN,North America,49.5,-118.5,2.7,Low,0,0.0,0.0,0.0
Canada,CAN,North America,50.5,-118.5,2.7,Low,0,0.0,0.0,0.0
Canada,CAN,North America,51.5,-118.5,2.7,Low,0,0.0,0.0,0.0
Canada,CAN,North America,52.5,-118.5,2.7,Low,0,0.0,0.0,0.0
Canada,CAN,North America,53.5,-118.5,2.7,Low,0,0.0,0.0,0.0
Canada,CAN,North America,54.5,-118.5,2.7,Low,0,0.0,0.0,0.0
Canada,CAN,North America,55.5,-118.5,2.7,Low,0,0.0,0.0,0.0
Canada,CAN,North America,56.5,-118.5,2.7,Low,0,0.0,0.0,0.0
Canada,CAN,North America,57.5,-118.5,2.7,Low,0,0.0,0.0,0.0
Canada,CAN,North America,58.5,-118.5,2.7,Low,0,0.0,0.0,0.0
Canada,CAN,North America,59.5,-118.5,2.7,Low,0,0.0,0.0,0.0
Canada,CAN,North America,60.5,-118.5,2.7,Low,0,0.0,0.0,0.0
Canada,CAN,North America,61.5,-118.5,2.7,Low,0,0.0,0.0,0.0
Canada,CAN,North America,62.5,-118.5,2.7,Low,0,0.0,0.0,0.0
Canada,CAN,North America,63.5,-118.5,2.7,Low,0,0.0,0.0,0.0
Canada,CAN,North America,64.5,-118.5,2.7,Low,0,0.0,0.0,0.0
Canada,CAN,North America,65.5,-118.5,2.7,Low,0,0.0,0.0,0.0
Canada,CAN,North America,66.5,-118.5,2.7,Low,0,0.0,0.0,0.0
Canada,CAN,North America,67.5,-118.5,2.7,Low,0,0.0,0.0,0.0
Canada,CAN,North America,68.5,-118.5,2.7,Low,0,0.0,0.0,0.0
Canada,CAN,North America,71.5,-118.5,2.7,Low,0,0.0,0.0,0.0
Canada,CAN,North America,73.5,-118.5,2.7,Low,0,0.0,0.0,0.0
Canada,CAN,North America,76.5,-118.5,2.7,Low,0,0.0,0.0,0.0
Canada,CAN,North America,77.5,-118.5,2.7,Low,0,0.0,0.0,0.0
United States of America,USA,North America,33.5,-117.5,3.2,Low,4,5.0125,5.44,10.539
United States of America,USA,North America,34.5,-117.5,3.2,Low,2,4.73,4.88,8.904
United States of America,USA,North America,35.5,-117.5,3.2,Low,36,4.875,7.1,6.1958
United States of America,USA,North America,36.5,-117.5,3.2,Low,14,4.8707,5.8,1.6901
United States of America,USA,North America,37.5,-117.5,3.2,Low,2,4.775,4.8,13.25
United States of America,USA,North America,38.5,-117.5,3.2,Low,20,4.88,6.5,7.105
United States of America,USA,North America,39.5,-117.5,3.2,Low,0,0.0,0.0,0.0
United States of America,USA,North America,40.5,-117.5,3.2,Low,0,0.0,0.0,0.0
United States of America,USA,North America,41.5,-117.5,3.2,Low,0,0.0,0.0,0.0
United States of America,USA,North America,42.5,-117.5,3.2,Low,0,0.0,0.0,0.0
United States of America,USA,North America,43.5,-117.5,3.2,Low,0,0.0,0.0,0.0
United States of America,USA,North America,44.5,-117.5,3.2,Low,0,0.0,0.0,0.0
United States of America,USA,North America,45.5,-117.5,3.2,Low,0,0.0,0.0,0.0
United States of America,USA,North America,46.5,-117.5,3.2,Low,0,0.0,0.0,0.0
United States of America,USA,North America,47.5,-117.5,3.2,Low,0,0.0,0.0,0.0
United States of America,USA,North America,48.5,-117.5,3.2,Low,0,0.0,0.0,0.0
Canada,CAN,North America,49.5,-117.5,2.7,Low,0,0.0,0.0,0.0
Canada,CAN,North America,50.5,-117.5,2.7,Low,0,0.0,0.0,0.0
Canada,CAN,North America,51.5,-117.5,2.7,Low,0,0.0,0.0,0.0
Canada,CAN,North America,52.5,-117.5,2.7,Low,0,0.0,0.0,0.0
Canada,CAN,North America,53.5,-117.5,2.7,Low,0,0.0,0.0,0.0
Canada,CAN,North America,54.5,-117.5,2.7,Low,0,0.0,0.0,0.0
Canada,CAN,North America,55.5,-117.5,2.7,Low,0,0.0,0.0,0.0
Canada,CAN,North America,56.5,-117.5,2.7,Low,0,0.0,0.0,0.0
Canada,CAN,North America,57.5,-117.5,2.7,Low,0,0.0,0.0,0.0
Canada,CAN,North America,58.5,-117.5,2.7,Low,0,0.0,0.0,0.0
Canada,CAN,North America,59.5,-117.5,2.7,Low,0,0.0,0.0,0.0
Canada,CAN,North America,60.5,-117.5,2.7,Low,0,0.0,0.0,0.0
Canada,CAN,North America,61.5,-117.5,2.7,Low,0,0.0,0.0,0.0
Canada,CAN,North America,62.5,-117.5,2.7,Low,0,0.0,0.0,0.0
Canada,CAN,North America,63.5,-117.5,2.7,Low,0,0.0,0.0,0.0
Canada,CAN,North America,64.5,-117.5,2.7,Low,0,0.0,0.0,0.0
Canada,CAN,North America,65.5,-117.5,2.7,Low,0,0.0,0.0,0.0
Canada,CAN,North America,66.5,-117.5,2.7,Low,0,0.0,0.0,0.0
Canada,CAN,North America,67.5,-117.5,2.7,Low,0,0.0,0.0,0.0
Canada,CAN,North America,68.5,-117.5,2.7,Low,0,0.0,0.0,0.0
Canada,CAN,North America,71.5,-117.5,2.7,Low,0,0.0,0.0,0.0
Canada,CAN,North America,72.5,-117.5,2.7,Low,0,0.0,0.0,0.0
Canada,CAN,North America,73.5,-117.5,2.7,Low,0,0.0,0.0,0.0
Canada,CAN,North America,77.5,-117.5,2.7,Low,0,0.0,0.0,0.0
Mexico,MEX,North America,31.5,-116.5,4.8,Medium,1,4.53,4.53,14.51
Mexico,MEX,North America,32.5,-116.5,4.8,Medium,1,4.62,4.62,13.436
United States of America,USA,North America,33.5,-116.5,3.2,Low,7,4.9914,5.42,11.8443
United States of America,USA,North America,34.5,-116.5,3.2,Low,8,4.7175,5.06,4.0064
United States of America,USA,North America,35.5,-116.5,3.2,Low,1,4.62,4.62,3.07
United States of America,USA,North America,36.5,-116.5,3.2,Low,0,0.0,0.0,0.0
United States of America,USA,North America,37.5,-116.5,3.2,Low,0,0.0,0.0,0.0
United States of America,USA,North America,38.5,-116.5,3.2,Low,0,0.0,0.0,0.0
United States of America,USA,North America,39.5,-116.5,3.2,Low,2,4.55,4.6,6.4
United States of America,USA,North America,40.5,-116.5,3.2,Low,0,0.0,0.0,0.0
United States of America,USA,North America,41.5,-116.5,3.2,Low,0,0.0,0.0,0.0
United States of America,USA,North America,42.5,-116.5,3.2,Low,0,0.0,0.0,0.0
United States of America,USA,North America,43.5,-116.5,3.2,Low,0,0.0,0.0,0.0
United States of America,USA,North America,44.5,-116.5,3.2,Low,0,0.0,0.0,0.0
United States of America,USA,North America,45.5,-116.5,3.2,Low,0,0.0,0.0,0.0
United States of America,USA,North America,46.5,-116.5,3.2,Low,0,0.0,0.0,0.0
United States of America,USA,North America,47.5,-116.5,3.2,Low,0,0.0,0.0,0.0
United States of America,USA,North America,48.5,-116.5,3.2,Low,0,0.0,0.0,0.0
Canada,CAN,North America,49.5,-116.5,2.7,Low,0,0.0,0.0,0.0
Canada,CAN,North America,50.5,-116.5,2.7,Low,0,0.0,0.0,0.0
Canada,CAN,North America,51.5,-116.5,2.7,Low,0,0.0,0.0,0.0
Canada,CAN,North America,52.5,-116.5,2.7,Low,0,0.0,0.0,0.0
Canada,CAN,North America,53.5,-116.5,2.7,Low,0,0.0,0.0,0.0
Canada,CAN,North America,54.5,-116.5,2.7,Low,1,4.6,4.6,5.0
Canada,CAN,North America,55.5,-116.5,2.7,Low,0,0.0,0.0,0.0
Canada,CAN,North America,56.5,-116.5,2.7,Low,4,4.85,5.3,7.691
Canada,CAN,North America,57.5,-116.5,2.7,Low,0,0.0,0.0,0.0
Canada,CAN,North America,58.5,-116.5,2.7,Low,0,0.0,0.0,0.0
Canada,CAN,North America,59.5,-116.5,2.7,Low,0,0.0,0.0,0.0
Canada,CAN,North America,60.5,-116.5,2.7,Low,0,0.0,0.0,0.0
Canada,CAN,North America,61.5,-116.5,2.7,Low,0,0.0,0.0,0.0
Canada,CAN,North America,62.5,-116.5,2.7,Low,0,0.0,0.0,0.0
Canada,CAN,North America,63.5,-116.5,2.7,Low,0,0.0,0.0,0.0
Canada,CAN,North America,64.5,-116.5,2.7,Low,0,0.0,0.0,0.0
Canada,CAN,North America,65.5,-116.5,2.7,Low,0,0.0,0.0,0.0
Canada,CAN,North America,66.5,-116.5,2.7,Low,0,0.0,0.0,0.0
Canada,CAN,North America,67.5,-116.5,2.7,Low,0,0.0,0.0,0.0
Canada,CAN,North America,68.5,-116.5,2.7,Low,0,0.0,0.0,0.0
Canada,CAN,North America,69.5,-116.5,2.7,Low,0,0.0,0.0,0.0
Canada,CAN,North America,71.5,-116.5,2.7,Low,0,0.0,0.0,0.0
Canada,CAN,North America,72.5,-116.5,2.7,Low,0,0.0,0.0,0.0
Canada,CAN,North America,73.5,-116.5,2.7,Low,0,0.0,0.0,0.0
Canada,CAN,North America,75.5,-116.5,2.7,Low,0,0.0,0.0,0.0
Canada,CAN,North America,77.5,-116.5,2.7,Low,0,0.0,0.0,0.0
Mexico,MEX,North America,30.5,-115.5,4.8,Medium,0,0.0,0.0,0.0
Mexico,MEX,North America,31.5,-115.5,4.8,Medium,10,4.889,5.7,9.4204
Mexico,MEX,North America,32.5,-115.5,4.8,Medium,62,4.8906,7.2,8.4407
United States of America,USA,North America,33.5,-115.5,3.2,Low,14,4.8636,5.41,5.7086
United States of America,USA,North America,34.5,-115.5,3.2,Low,0,0.0,0.0,0.0
United States of America,USA,North America,35.5,-115.5,3.2,Low,1,4.5,4.5,8.6
United States of America,USA,North America,36.5,-115.5,3.2,Low,0,0.0,0.0,0.0
United States of America,USA,North America,37.5,-115.5,3.2,Low,0,0.0,0.0,0.0
United States of America,USA,North America,38.5,-115.5,3.2,Low,0,0.0,0.0,0.0
United States of America,USA,North America,39.5,-115.5,3.2,Low,0,0.0,0.0,0.0
United States of America,USA,North America,40.5,-115.5,3.2,Low,1,4.5,4.5,10.0
United States of America,USA,North America,41.5,-115.5,3.2,Low,0,0.0,0.0,0.0
United States of America,USA,North America,42.5,-115.5,3.2,Low,0,0.0,0.0,0.0
United States of America,USA,North America,43.5,-115.5,3.2,Low,0,0.0,0.0,0.0
United States of America,USA,North America,44.5,-115.5,3.2,Low,3,5.3,6.5,9.8667
United States of America,USA,North America,45.5,-115.5,3.2,Low,0,0.0,0.0,0.0
United States of America,USA,North America,46.5,-115.5,3.2,Low,0,0.0,0.0,0.0
United States of America,USA,North America,47.5,-115.5,3.2,Low,0,0.0,0.0,0.0
United States of America,USA,North America,48.5,-115.5,3.2,Low,0,0.0,0.0,0.0
Canada,CAN,North America,49.5,-115.5,2.7,Low,0,0.0,0.0,0.0
Canada,CAN,North America,50.5,-115.5,2.7,Low,0,0.0,0.0,0.0
Canada,CAN,North America,51.5,-115.5,2.7,Low,0,0.0,0.0,0.0
Canada,CAN,North America,52.5,-115.5,2.7,Low,0,0.0,0.0,0.0
Canada,CAN,North America,53.5,-115.5,2.7,Low,0,0.0,0.0,0.0
Canada,CAN,North America,54.5,-115.5,2.7,Low,0,0.0,0.0,0.0
Canada,CAN,North America,55.5,-115.5,2.7,Low,0,0.0,0.0,0.0
Canada,CAN,North America,56.5,-115.5,2.7,Low,0,0.0,0.0,0.0
Canada,CAN,North America,57.5,-115.5,2.7,Low,0,0.0,0.0,0.0
Canada,CAN,North America,58.5,-115.5,2.7,Low,0,0.0,0.0,0.0
Canada,CAN,North America,59.5,-115.5,2.7,Low,0,0.0,0.0,0.0
Canada,CAN,North America,60.5,-115.5,2.7,Low,0,0.0,0.0,0.0
Canada,CAN,North America,61.5,-115.5,2.7,Low,0,0.0,0.0,0.0
Canada,CAN,North America,62.5,-115.5,2.7,Low,0,0.0,0.0,0.0
Canada,CAN,North America,63.5,-115.5,2.7,Low,0,0.0,0.0,0.0
Canada,CAN,North America,64.5,-115.5,2.7,Low,0,0.0,0.0,0.0
Canada,CAN,North America,65.5,-115.5,2.7,Low,0,0.0,0.0,0.0
Canada,CAN,North America,66.5,-115.5,2.7,Low,0,0.0,0.0,0.0
Canada,CAN,North America,67.5,-115.5,2.7,Low,0,0.0,0.0,0.0
Canada,CAN,North America,68.5,-115.5,2.7,Low,0,0.0,0.0,0.0
Canada,CAN,North America,69.5,-115.5,2.7,Low,0,0.0,0.0,0.0
Canada,CAN,North America,71.5,-115.5,2.7,Low,0,0.0,0.0,0.0
Canada,CAN,North America,72.5,-115.5,2.7,Low,0,0.0,0.0,0.0
Canada,CAN,North America,75.5,-115.5,2.7,Low,0,0.0,0.0,0.0
Mexico,MEX,North America,27.5,-114.5,4.8,Medium,0,0.0,0.0,0.0
Mexico,MEX,North America,29.5,-114.5,4.8,Medium,7,4.9571,5.3,10.0
United States of America,USA,North America,32.5,-114.5,3.2,Low,0,0.0,0.0,0.0
United States of America,USA,North America,33.5,-114.5,3.2,Low,0,0.0,0.0,0.0
United States of America,USA,North America,34.5,-114.5,3.2,Low,0,0.0,0.0,0.0
United States of America,USA,North America,35.5,-114.5,3.2,Low,0,0.0,0.0,0.0
United States of America,USA,North America,36.5,-114.5,3.2,Low,0,0.0,0.0,0.0
United States of America,USA,North America,37.5,-114.5,3.2,Low,2,4.9,5.3,2.0
United States of America,USA,North America,38.5,-114.5,3.2,Low,0,0.0,0.0,0.0
United States of America,USA,North America,39.5,-114.5,3.2,Low,0,0.0,0.0,0.0
United States of America,USA,North America,40.5,-114.5,3.2,Low,1,4.7,4.7,7.48
United States of America,USA,North America,41.5,-114.5,3.2,Low,5,5.0,5.9,7.78
United States of America,USA,North America,42.5,-114.5,3.2,Low,0,0.0,0.0,0.0
United States of America,USA,North America,43.5,-114.5,3.2,Low,0,0.0,0.0,0.0
United States of America,USA,North America,44.5,-114.5,3.2,Low,2,4.9,5.0,6.0
United States of America,USA,North America,45.5,-114.5,3.2,Low,0,0.0,0.0,0.0
United States of America,USA,North America,46.5,-114.5,3.2,Low,0,0.0,0.0,0.0
United States of America,USA,North America,47.5,-114.5,3.2,Low,0,0.0,0.0,0.0
United States of America,USA,North America,48.5,-114.5,3.2,Low,0,0.0,0.0,0.0
Canada,CAN,North America,49.5,-114.5,2.7,Low,1,4.6,4.6,1.0
Canada,CAN,North America,50.5,-114.5,2.7,Low,0,0.0,0.0,0.0
Canada,CAN,North America,51.5,-114.5,2.7,Low,0,0.0,0.0,0.0
Canada,CAN,North America,52.5,-114.5,2.7,Low,0,0.0,0.0,0.0
Canada,CAN,North America,53.5,-114.5,2.7,Low,0,0.0,0.0,0.0
Canada,CAN,North America,54.5,-114.5,2.7,Low,0,0.0,0.0,0.0
Canada,CAN,North America,55.5,-114.5,2.7,Low,0,0.0,0.0,0.0
Canada,CAN,North America,56.5,-114.5,2.7,Low,0,0.0,0.0,0.0
Canada,CAN,North America,57.5,-114.5,2.7,Low,0,0.0,0.0,0.0
Canada,CAN,North America,58.5,-114.5,2.7,Low,0,0.0,0.0,0.0
Canada,CAN,North America,59.5,-114.5,2.7,Low,0,0.0,0.0,0.0
Canada,CAN,North America,60.5,-114.5,2.7,Low,0,0.0,0.0,0.0
Canada,CAN,North America,61.5,-114.5,2.7,Low,0,0.0,0.0,0.0
Canada,CAN,North America,62.5,-114.5,2.7,Low,0,0.0,0.0,0.0
Canada,CAN,North America,63.5,-114.5,2.7,Low,0,0.0,0.0,0.0
Canada,CAN,North America,64.5,-114.5,2.7,Low,0,0.0,0.0,0.0
Canada,CAN,North America,65.5,-114.5,2.7,Low,0,0.0,0.0,0.0
Canada,CAN,North America,66.5,-114.5,2.7,Low,0,0.0,0.0,0.0
Canada,CAN,North America,67.5,-114.5,2.7,Low,0,0.0,0.0,0.0
Canada,CAN,North America,68.5,-114.5,2.7,Low,0,0.0,0.0,0.0
Canada,CAN,North America,69.5,-114.5,2.7,Low,0,0.0,0.0,0.0
Canada,CAN,North America,71.5,-114.5,2.7,Low,0,0.0,0.0,0.0
Canada,CAN,North America,72.5,-114.5,2.7,Low,0,0.0,0.0,0.0
Canada,CAN,North America,75.5,-114.5,2.7,Low,0,0.0,0.0,0.0
Mexico,MEX,North America,27.5,-113.5,4.8,Medium,0,0.0,0.0,0.0
Mexico,MEX,North America,28.5,-113.5,4.8,Medium,12,5.1833,7.0,10.1667
Mexico,MEX,North America,31.5,-113.5,4.8,Medium,0,0.0,0.0,0.0
United States of America,USA,North America,32.5,-113.5,3.2,Low,0,0.0,0.0,0.0
United States of America,USA,North America,33.5,-113.5,3.2,Low,0,0.0,0.0,0.0
United States of America,USA,North America,34.5,-113.5,3.2,Low,0,0.0,0.0,0.0
United States of America,USA,North America,35.5,-113.5,3.2,Low,0,0.0,0.0,0.0
United States of America,USA,North America,36.5,-113.5,3.2,Low,0,0.0,0.0,0.0
United States of America,USA,North America,37.5,-113.5,3.2,Low,0,0.0,0.0,0.0
United States of America,USA,North America,38.5,-113.5,3.2,Low,0,0.0,0.0,0.0
United States of America,USA,North America,39.5,-113.5,3.2,Low,0,0.0,0.0,0.0
United States of America,USA,North America,40.5,-113.5,3.2,Low,0,0.0,0.0,0.0
United States of America,USA,North America,41.5,-113.5,3.2,Low,0,0.0,0.0,0.0
United States of America,USA,North America,42.5,-113.5,3.2,Low,0,0.0,0.0,0.0
United States of America,USA,North America,43.5,-113.5,3.2,Low,0,0.0,0.0,0.0
United States of America,USA,North America,44.5,-113.5,3.2,Low,1,4.5,4.5,5.0
United States of America,USA,North America,45.5,-113.5,3.2,Low,0,0.0,0.0,0.0
United States of America,USA,North America,46.5,-113.5,3.2,Low,0,0.0,0.0,0.0
United States of America,USA,North America,47.5,-113.5,3.2,Low,0,0.0,0.0,0.0
United States of America,USA,North America,48.5,-113.5,3.2,Low,0,0.0,0.0,0.0
Canada,CAN,North America,49.5,-113.5,2.7,Low,0,0.0,0.0,0.0
Canada,CAN,North America,50.5,-113.5,2.7,Low,0,0.0,0.0,0.0
Canada,CAN,North America,51.5,-113.5,2.7,Low,0,0.0,0.0,0.0
Canada,CAN,North America,52.5,-113.5,2.7,Low,0,0.0,0.0,0.0
Canada,CAN,North America,53.5,-113.5,2.7,Low,0,0.0,0.0,0.0
Canada,CAN,North America,54.5,-113.5,2.7,Low,0,0.0,0.0,0.0
Canada,CAN,North America,55.5,-113.5,2.7,Low,0,0.0,0.0,0.0
Canada,CAN,North America,56.5,-113.5,2.7,Low,0,0.0,0.0,0.0
Canada,CAN,North America,57.5,-113.5,2.7,Low,0,0.0,0.0,0.0
Canada,CAN,North America,58.5,-113.5,2.7,Low,0,0.0,0.0,0.0
Canada,CAN,North America,59.5,-113.5,2.7,Low,0,0.0,0.0,0.0
Canada,CAN,North America,60.5,-113.5,2.7,Low,0,0.0,0.0,0.0
Canada,CAN,North America,61.5,-113.5,2.7,Low,0,0.0,0.0,0.0
Canada,CAN,North America,62.5,-113.5,2.7,Low,0,0.0,0.0,0.0
Canada,CAN,North America,63.5,-113.5,2.7,Low,0,0.0,0.0,0.0
Canada,CAN,North America,64.5,-113.5,2.7,Low,0,0.0,0.0,0.0
Canada,CAN,North America,65.5,-113.5,2.7,Low,0,0.0,0.0,0.0
Canada,CAN,North America,66.5,-113.5,2.7,Low,0,0.0,0.0,0.0
Canada,CAN,North America,67.5,-113.5,2.7,Low,0,0.0,0.0,0.0
Canada,CAN,North America,69.5,-113.5,2.7,Low,0,0.0,0.0,0.0
Canada,CAN,North America,70.5,-113.5,2.7,Low,0,0.0,0.0,0.0
Canada,CAN,North America,71.5,-113.5,2.7,Low,0,0.0,0.0,0.0
Canada,CAN,North America,72.5,-113.5,2.7,Low,0,0.0,0.0,0.0
Canada,CAN,North America,74.5,-113.5,2.7,Low,0,0.0,0.0,0.0
Canada,CAN,North America,75.5,-113.5,2.7,Low,0,0.0,0.0,0.0
Mexico,MEX,North America,26.5,-112.5,4.8,Medium,0,0.0,0.0,0.0
Mexico,MEX,North America,27.5,-112.5,4.8,Medium,2,4.9,5.2,10.0
Mexico,MEX,North America,30.5,-112.5,4.8,Medium,0,0.0,0.0,0.0
Mexico,MEX,North America,31.5,-112.5,4.8,Medium,0,0.0,0.0,0.0
United States of America,USA,North America,32.5,-112.5,3.2,Low,0,0.0,0.0,0.0
United States of America,USA,North America,33.5,-112.5,3.2,Low,0,0.0,0.0,0.0
United States of America,USA,North America,34.5,-112.5,3.2,Low,0,0.0,0.0,0.0
United States of America,USA,North America,35.5,-112.5,3.2,Low,0,0.0,0.0,0.0
United States of America,USA,North America,36.5,-112.5,3.2,Low,0,0.0,0.0,0.0
United States of America,USA,North America,37.5,-112.5,3.2,Low,0,0.0,0.0,0.0
United States of America,USA,North America,38.5,-112.5,3.2,Low,1,4.56,4.56,11.09
United States of America,USA,North America,39.5,-112.5,3.2,Low,0,0.0,0.0,0.0
United States of America,USA,North America,40.5,-112.5,3.2,Low,3,4.9533,5.7,10.54
United States of America,USA,North America,41.5,-112.5,3.2,Low,0,0.0,0.0,0.0
United States of America,USA,North America,42.5,-112.5,3.2,Low,0,0.0,0.0,0.0
United States of America,USA,North America,43.5,-112.5,3.2,Low,0,0.0,0.0,0.0
United States of America,USA,North America,44.5,-112.5,3.2,Low,1,4.6,4.6,14.45
United States of America,USA,North America,45.5,-112.5,3.2,Low,1,5.6,5.6,12.9
United States of America,USA,North America,46.5,-112.5,3.2,Low,2,5.4,5.8,13.455
United States of America,USA,North America,47.5,-112.5,3.2,Low,0,0.0,0.0,0.0
United States of America,USA,North America,48.5,-112.5,3.2,Low,0,0.0,0.0,0.0
Canada,CAN,North America,49.5,-112.5,2.7,Low,0,0.0,0.0,0.0
Canada,CAN,North America,50.5,-112.5,2.7,Low,0,0.0,0.0,0.0
Canada,CAN,North America,51.5,-112.5,2.7,Low,0,0.0,0.0,0.0
Canada,CAN,North America,52.5,-112.5,2.7,Low,0,0.0,0.0,0.0
Canada,CAN,North America,53.5,-112.5,2.7,Low,0,0.0,0.0,0.0
Canada,CAN,North America,54.5,-112.5,2.7,Low,0,0.0,0.0,0.0
Canada,CAN,North America,55.5,-112.5,2.7,Low,0,0.0,0.0,0.0
Canada,CAN,North America,56.5,-112.5,2.7,Low,0,0.0,0.0,0.0
Canada,CAN,North America,57.5,-112.5,2.7,Low,0,0.0,0.0,0.0
Canada,CAN,North America,58.5,-112.5,2.7,Low,0,0.0,0.0,0.0
Canada,CAN,North America,59.5,-112.5,2.7,Low,0,0.0,0.0,0.0
Canada,CAN,North America,60.5,-112.5,2.7,Low,0,0.0,0.0,0.0
Canada,CAN,North America,61.5,-112.5,2.7,Low,0,0.0,0.0,0.0
Canada,CAN,North America,62.5,-112.5,2.7,Low,0,0.0,0.0,0.0
Canada,CAN,North America,63.5,-112.5,2.7,Low,0,0.0,0.0,0.0
Canada,CAN,North America,64.5,-112.5,2.7,Low,0,0.0,0.0,0.0
Canada,CAN,North America,65.5,-112.5,2.7,Low,0,0.0,0.0,0.0
Canada,CAN,North America,66.5,-112.5,2.7,Low,0,0.0,0.0,0.0
Canada,CAN,North America,67.5,-112.5,2.7,Low,0,0.0,0.0,0.0
Canada,CAN,North America,69.5,-112.5,2.7,Low,0,0.0,0.0,0.0
Canada,CAN,North America,70.5,-112.5,2.7,Low,0,0.0,0.0,0.0
Canada,CAN,North America,71.5,-112.5,2.7,Low,0,0.0,0.0,0.0
Canada,CAN,North America,72.5,-112.5,2.7,Low,0,0.0,0.0,0.0
Canada,CAN,North America,74.5,-112.5,2.7,Low,0,0.0,0.0,0.0
Canada,CAN,North America,75.5,-112.5,2.7,Low,0,0.0,0.0,0.0
Canada,CAN,North America,78.5,-112.5,2.7,Low,0,0.0,0.0,0.0
Mexico,MEX,North America,24.5,-111.5,4.8,Medium,0,0.0,0.0,0.0
Mexico,MEX,North America,25.5,-111.5,4.8,Medium,0,0.0,0.0,0.0
Mexico,MEX,North America,28.5,-111.5,4.8,Medium,0,0.0,0.0,0.0
Mexico,MEX,North America,29.5,-111.5,4.8,Medium,0,0.0,0.0,0.0
Mexico,MEX,North America,30.5,-111.5,4.8,Medium,0,0.0,0.0,0.0
United States of America,USA,North America,31.5,-111.5,3.2,Low,0,0.0,0.0,0.0
United States of America,USA,North America,32.5,-111.5,3.2,Low,0,0.0,0.0,0.0
United States of America,USA,North America,33.5,-111.5,3.2,Low,0,0.0,0.0,0.0
United States of America,USA,North America,34.5,-111.5,3.2,Low,0,0.0,0.0,0.0
United States of America,USA,North America,35.5,-111.5,3.2,Low,1,4.7,4.7,5.0
United States of America,USA,North America,36.5,-111.5,3.2,Low,0,0.0,0.0,0.0
United States of America,USA,North America,37.5,-111.5,3.2,Low,0,0.0,0.0,0.0
United States of America,USA,North America,38.5,-111.5,3.2,Low,0,0.0,0.0,0.0
United States of America,USA,North America,39.5,-111.5,3.2,Low,0,0.0,0.0,0.0
United States of America,USA,North America,40.5,-111.5,3.2,Low,0,0.0,0.0,0.0
United States of America,USA,North America,41.5,-111.5,3.2,Low,1,4.89,4.89,10.16
United States of America,USA,North America,42.5,-111.5,3.2,Low,9,4.8333,5.3,7.3922
United States of America,USA,North America,43.5,-111.5,3.2,Low,0,0.0,0.0,0.0
United States of America,USA,North America,44.5,-111.5,3.2,Low,0,0.0,0.0,0.0
United States of America,USA,North America,45.5,-111.5,3.2,Low,0,0.0,0.0,0.0
United States of America,USA,North America,46.5,-111.5,3.2,Low,0,0.0,0.0,0.0
United States of America,USA,North America,47.5,-111.5,3.2,Low,0,0.0,0.0,0.0
United States of America,USA,North America,48.5,-111.5,3.2,Low,0,0.0,0.0,0.0
Canada,CAN,North America,49.5,-111.5,2.7,Low,0,0.0,0.0,0.0
Canada,CAN,North America,50.5,-111.5,2.7,Low,0,0.0,0.0,0.0
Canada,CAN,North America,51.5,-111.5,2.7,Low,0,0.0,0.0,0.0
Canada,CAN,North America,52.5,-111.5,2.7,Low,0,0.0,0.0,0.0
Canada,CAN,North America,53.5,-111.5,2.7,Low,0,0.0,0.0,0.0
Canada,CAN,North America,54.5,-111.5,2.7,Low,0,0.0,0.0,0.0
Canada,CAN,North America,55.5,-111.5,2.7,Low,0,0.0,0.0,0.0
Canada,CAN,North America,56.5,-111.5,2.7,Low,0,0.0,0.0,0.0
Canada,CAN,North America,57.5,-111.5,2.7,Low,0,0.0,0.0,0.0
Canada,CAN,North America,58.5,-111.5,2.7,Low,0,0.0,0.0,0.0
Canada,CAN,North America,59.5,-111.5,2.7,Low,0,0.0,0.0,0.0
Canada,CAN,North America,60.5,-111.5,2.7,Low,0,0.0,0.0,0.0
Canada,CAN,North America,61.5,-111.5,2.7,Low,0,0.0,0.0,0.0
Canada,CAN,North America,62.5,-111.5,2.7,Low,0,0.0,0.0,0.0
Canada,CAN,North America,63.5,-111.5,2.7,Low,0,0.0,0.0,0.0
Canada,CAN,North America,64.5,-111.5,2.7,Low,0,0.0,0.0,0.0
Canada,CAN,North America,65.5,-111.5,2.7,Low,0,0.0,0.0,0.0
Canada,CAN,North America,66.5,-111.5,2.7,Low,0,0.0,0.0,0.0
Canada,CAN,North America,67.5,-111.5,2.7,Low,0,0.0,0.0,0.0
Canada,CAN,North America,69.5,-111.5,2.7,Low,0,0.0,0.0,0.0
Canada,CAN,North America,70.5,-111.5,2.7,Low,0,0.0,0.0,0.0
Canada,CAN,North America,71.5,-111.5,2.7,Low,0,0.0,0.0,0.0
Canada,CAN,North America,72.5,-111.5,2.7,Low,0,0.0,0.0,0.0
Canada,CAN,North America,75.5,-111.5,2.7,Low,0,0.0,0.0,0.0
Canada,CAN,North America,77.5,-111.5,2.7,Low,0,0.0,0.0,0.0
Canada,CAN,North America,78.5,-111.5,2.7,Low,0,0.0,0.0,0.0
Mexico,MEX,North America,27.5,-110.5,4.8,Medium,0,0.0,0.0,0.0
Mexico,MEX,North America,28.5,-110.5,4.8,Medium,0,0.0,0.0,0.0
Mexico,MEX,North America,29.5,-110.5,4.8,Medium,0,0.0,0.0,0.0
Mexico,MEX,North America,30.5,-110.5,4.8,Medium,0,0.0,0.0,0.0
United States of America,USA,North America,31.5,-110.5,3.2,Low,0,0.0,0.0,0.0
United States of America,USA,North America,32.5,-110.5,3.2,Low,0,0.0,0.0,0.0
United States of America,USA,North America,33.5,-110.5,3.2,Low,0,0.0,0.0,0.0
United States of America,USA,North America,34.5,-110.5,3.2,Low,1,5.1,5.1,5.0
United States of America,USA,North America,35.5,-110.5,3.2,Low,0,0.0,0.0,0.0
United States of America,USA,North America,36.5,-110.5,3.2,Low,0,0.0,0.0,0.0
United States of America,USA,North America,37.5,-110.5,3.2,Low,0,0.0,0.0,0.0
United States of America,USA,North America,38.5,-110.5,3.2,Low,0,0.0,0.0,0.0
United States of America,USA,North America,39.5,-110.5,3.2,Low,0,0.0,0.0,0.0
United States of America,USA,North America,40.5,-110.5,3.2,Low,0,0.0,0.0,0.0
United States of America,USA,North America,41.5,-110.5,3.2,Low,0,0.0,0.0,0.0
United States of America,USA,North America,42.5,-110.5,3.2,Low,0,0.0,0.0,0.0
United States of America,USA,North America,43.5,-110.5,3.2,Low,3,4.8667,5.0,6.8
United States of America,USA,North America,44.5,-110.5,3.2,Low,1,4.83,4.83,5.62
United States of America,USA,North America,45.5,-110.5,3.2,Low,0,0.0,0.0,0.0
United States of America,USA,North America,46.5,-110.5,3.2,Low,0,0.0,0.0,0.0
United States of America,USA,North America,47.5,-110.5,3.2,Low,0,0.0,0.0,0.0
United States of America,USA,North America,48.5,-110.5,3.2,Low,0,0.0,0.0,0.0
Canada,CAN,North America,49.5,-110.5,2.7,Low,0,0.0,0.0,0.0
Canada,CAN,North America,50.5,-110.5,2.7,Low,0,0.0,0.0,0.0
Canada,CAN,North America,51.5,-110.5,2.7,Low,0,0.0,0.0,0.0
Canada,CAN,North America,52.5,-110.5,2.7,Low,0,0.0,0.0,0.0
Canada,CAN,North America,53.5,-110.5,2.7,Low,0,0.0,0.0,0.0
Canada,CAN,North America,54.5,-110.5,2.7,Low,0,0.0,0.0,0.0
Canada,CAN,North America,55.5,-110.5,2.7,Low,0,0.0,0.0,0.0
Canada,CAN,North America,56.5,-110.5,2.7,Low,0,0.0,0.0,0.0
Canada,CAN,North America,57.5,-110.5,2.7,Low,0,0.0,0.0,0.0
Canada,CAN,North America,58.5,-110.5,2.7,Low,0,0.0,0.0,0.0
Canada,CAN,North America,59.5,-110.5,2.7,Low,0,0.0,0.0,0.0
Canada,CAN,North America,60.5,-110.5,2.7,Low,0,0.0,0.0,0.0
Canada,CAN,North America,61.5,-110.5,2.7,Low,2,4.55,4.6,12.995
Canada,CAN,North America,62.5,-110.5,2.7,Low,0,0.0,0.0,0.0
Canada,CAN,North America,63.5,-110.5,2.7,Low,0,0.0,0.0,0.0
Canada,CAN,North America,64.5,-110.5,2.7,Low,0,0.0,0.0,0.0
Canada,CAN,North America,65.5,-110.5,2.7,Low,0,0.0,0.0,0.0
Canada,CAN,North America,66.5,-110.5,2.7,Low,0,0.0,0.0,0.0
Canada,CAN,North America,67.5,-110.5,2.7,Low,0,0.0,0.0,0.0
Canada,CAN,North America,69.5,-110.5,2.7,Low,0,0.0,0.0,0.0
Canada,CAN,North America,70.5,-110.5,2.7,Low,0,0.0,0.0,0.0
Canada,CAN,North America,71.5,-110.5,2.7,Low,0,0.0,0.0,0.0
Canada,CAN,North America,72.5,-110.5,2.7,Low,0,0.0,0.0,0.0
Canada,CAN,North America,75.5,-110.5,2.7,Low,0,0.0,0.0,0.0
Canada,CAN,North America,78.5,-110.5,2.7,Low,0,0.0,0.0,0.0
Mexico,MEX,North America,27.5,-109.5,4.8,Medium,0,0.0,0.0,0.0
Mexico,MEX,North America,28.5,-109.5,4.8,Medium,0,0.0,0.0,0.0
Mexico,MEX,North America,29.5,-109.5,4.8,Medium,0,0.0,0.0,0.0
Mexico,MEX,North America,30.5,-109.5,4.8,Medium,1,5.2,5.2,10.0
United States of America,USA,North America,31.5,-109.5,3.2,Low,0,0.0,0.0,0.0
United States of America,USA,North America,32.5,-109.5,3.2,Low,1,5.3,5.3,6.44
United States of America,USA,North America,33.5,-109.5,3.2,Low,0,0.0,0.0,0.0
United States of America,USA,North America,34.5,-109.5,3.2,Low,0,0.0,0.0,0.0
United States of America,USA,North America,35.5,-109.5,3.2,Low,0,0.0,0.0,0.0
United States of America,USA,North America,36.5,-109.5,3.2,Low,0,0.0,0.0,0.0
United States of America,USA,North America,37.5,-109.5,3.2,Low,0,0.0,0.0,0.0
United States of America,USA,North America,38.5,-109.5,3.2,Low,0,0.0,0.0,0.0
United States of America,USA,North America,39.5,-109.5,3.2,Low,0,0.0,0.0,0.0
United States of America,USA,North America,40.5,-109.5,3.2,Low,0,0.0,0.0,0.0
United States of America,USA,North America,41.5,-109.5,3.2,Low,0,0.0,0.0,0.0
United States of America,USA,North America,42.5,-109.5,3.2,Low,1,4.8,4.8,76.2
United States of America,USA,North America,43.5,-109.5,3.2,Low,0,0.0,0.0,0.0
United States of America,USA,North America,44.5,-109.5,3.2,Low,0,0.0,0.0,0.0
United States of America,USA,North America,45.5,-109.5,3.2,Low,0,0.0,0.0,0.0
United States of America,USA,North America,46.5,-109.5,3.2,Low,0,0.0,0.0,0.0
United States of America,USA,North America,47.5,-109.5,3.2,Low,0,0.0,0.0,0.0
United States of America,USA,North America,48.5,-109.5,3.2,Low,0,0.0,0.0,0.0
Canada,CAN,North America,49.5,-109.5,2.7,Low,0,0.0,0.0,0.0
Canada,CAN,North America,50.5,-109.5,2.7,Low,0,0.0,0.0,0.0
Canada,CAN,North America,51.5,-109.5,2.7,Low,0,0.0,0.0,0.0
Canada,CAN,North America,52.5,-109.5,2.7,Low,0,0.0,0.0,0.0
Canada,CAN,North America,53.5,-109.5,2.7,Low,0,0.0,0.0,0.0
Canada,CAN,North America,54.5,-109.5,2.7,Low,0,0.0,0.0,0.0
Canada,CAN,North America,55.5,-109.5,2.7,Low,0,0.0,0.0,0.0
Canada,CAN,North America,56.5,-109.5,2.7,Low,0,0.0,0.0,0.0
Canada,CAN,North America,57.5,-109.5,2.7,Low,0,0.0,0.0,0.0
Canada,CAN,North America,58.5,-109.5,2.7,Low,0,0.0,0.0,0.0
Canada,CAN,North America,59.5,-109.5,2.7,Low,0,0.0,0.0,0.0
Canada,CAN,North America,60.5,-109.5,2.7,Low,0,0.0,0.0,0.0
Canada,CAN,North America,61.5,-109.5,2.7,Low,0,0.0,0.0,0.0
Canada,CAN,North America,62.5,-109.5,2.7,Low,0,0.0,0.0,0.0
Canada,CAN,North America,63.5,-109.5,2.7,Low,0,0.0,0.0,0.0
Canada,CAN,North America,64.5,-109.5,2.7,Low,0,0.0,0.0,0.0
Canada,CAN,North America,65.5,-109.5,2.7,Low,0,0.0,0.0,0.0
Canada,CAN,North America,66.5,-109.5,2.7,Low,0,0.0,0.0,0.0
Canada,CAN,North America,67.5,-109.5,2.7,Low,0,0.0,0.0,0.0
Canada,CAN,North America,69.5,-109.5,2.7,Low,0,0.0,0.0,0.0
Canada,CAN,North America,70.5,-109.5,2.7,Low,0,0.0,0.0,0.0
Canada,CAN,North America,71.5,-109.5,2.7,Low,0,0.0,0.0,0.0
Canada,CAN,North America,72.5,-109.5,2.7,Low,0,0.0,0.0,0.0
Canada,CAN,North America,76.5,-109.5,2.7,Low,0,0.0,0.0,0.0
Mexico,MEX,North America,25.5,-108.5,4.8,Medium,0,0.0,0.0,0.0
Mexico,MEX,North America,26.5,-108.5,4.8,Medium,0,0.0,0.0,0.0
Mexico,MEX,North America,27.5,-108.5,4.8,Medium,0,0.0,0.0,0.0
Mexico,MEX,North America,28.5,-108.5,4.8,Medium,0,0.0,0.0,0.0
Mexico,MEX,North America,29.5,-108.5,4.8,Medium,0,0.0,0.0,0.0
Mexico,MEX,North America,30.5,-108.5,4.8,Medium,0,0.0,0.0,0.0
United States of America,USA,North America,31.5,-108.5,3.2,Low,0,0.0,0.0,0.0
United States of America,USA,North America,32.5,-108.5,3.2,Low,0,0.0,0.0,0.0
United States of America,USA,North America,33.5,-108.5,3.2,Low,0,0.0,0.0,0.0
United States of America,USA,North America,34.5,-108.5,3.2,Low,0,0.0,0.0,0.0
United States of America,USA,North America,35.5,-108.5,3.2,Low,0,0.0,0.0,0.0
United States of America,USA,North America,36.5,-108.5,3.2,Low,0,0.0,0.0,0.0
United States of America,USA,North America,37.5,-108.5,3.2,Low,0,0.0,0.0,0.0
United States of America,USA,North America,38.5,-108.5,3.2,Low,0,0.0,0.0,0.0
United States of America,USA,North America,39.5,-108.5,3.2,Low,0,0.0,0.0,0.0
United States of America,USA,North America,40.5,-108.5,3.2,Low,0,0.0,0.0,0.0
United States of America,USA,North America,41.5,-108.5,3.2,Low,0,0.0,0.0,0.0
United States of America,USA,North America,42.5,-108.5,3.2,Low,0,0.0,0.0,0.0
United States of America,USA,North America,43.5,-108.5,3.2,Low,0,0.0,0.0,0.0
United States of America,USA,North America,44.5,-108.5,3.2,Low,0,0.0,0.0,0.0
United States of America,USA,North America,45.5,-108.5,3.2,Low,0,0.0,0.0,0.0
United States of America,USA,North America,46.5,-108.5,3.2,Low,0,0.0,0.0,0.0
United States of America,USA,North America,47.5,-108.5,3.2,Low,0,0.0,0.0,0.0
United States of America,USA,North America,48.5,-108.5,3.2,Low,0,0.0,0.0,0.0
Canada,CAN,North America,49.5,-108.5,2.7,Low,0,0.0,0.0,0.0
Canada,CAN,North America,50.5,-108.5,2.7,Low,0,0.0,0.0,0.0
Canada,CAN,North America,51.5,-108.5,2.7,Low,0,0.0,0.0,0.0
Canada,CAN,North America,52.5,-108.5,2.7,Low,0,0.0,0.0,0.0
Canada,CAN,North America,53.5,-108.5,2.7,Low,0,0.0,0.0,0.0
Canada,CAN,North America,54.5,-108.5,2.7,Low,0,0.0,0.0,0.0
Canada,CAN,North America,55.5,-108.5,2.7,Low,0,0.0,0.0,0.0
Canada,CAN,North America,56.5,-108.5,2.7,Low,0,0.0,0.0,0.0
Canada,CAN,North America,57.5,-108.5,2.7,Low,0,0.0,0.0,0.0
Canada,CAN,North America,58.5,-108.5,2.7,Low,0,0.0,0.0,0.0
Canada,CAN,North America,59.5,-108.5,2.7,Low,0,0.0,0.0,0.0
Canada,CAN,North America,60.5,-108.5,2.7,Low,0,0.0,0.0,0.0
Canada,CAN,North America,61.5,-108.5,2.7,Low,0,0.0,0.0,0.0
Canada,CAN,North America,62.5,-108.5,2.7,Low,0,0.0,0.0,0.0
Canada,CAN,North America,63.5,-108.5,2.7,Low,0,0.0,0.0,0.0
Canada,CAN,North America,64.5,-108.5,2.7,Low,0,0.0,0.0,0.0
Canada,CAN,North America,65.5,-108.5,2.7,Low,0,0.0,0.0,0.0
Canada,CAN,North America,66.5,-108.5,2.7,Low,0,0.0,0.0,0.0
Canada,CAN,North America,67.5,-108.5,2.7,Low,0,0.0,0.0,0.0
Canada,CAN,North America,69.5,-108.5,2.7,Low,0,0.0,0.0,0.0
Canada,CAN,North America,70.5,-108.5,2.7,Low,0,0.0,0.0,0.0
Canada,CAN,North America,71.5,-108.5,2.7,Low,0,0.0,0.0,0.0
Canada,CAN,North America,75.5,-108.5,2.7,Low,0,0.0,0.0,0.0
Canada,CAN,North America,76.5,-108.5,2.7,Low,0,0.0,0.0,0.0
Mexico,MEX,North America,24.5,-107.5,4.8,Medium,0,0.0,0.0,0.0
Mexico,MEX,North America,25.5,-107.5,4.8,Medium,1,4.5,4.5,10.0
Mexico,MEX,North America,26.5,-107.5,4.8,Medium,0,0.0,0.0,0.0
Mexico,MEX,North America,27.5,-107.5,4.8,Medium,0,0.0,0.0,0.0
Mexico,MEX,North America,28.5,-107.5,4.8,Medium,1,4.6,4.6,15.13
Mexico,MEX,North America,29.5,-107.5,4.8,Medium,0,0.0,0.0,0.0
Mexico,MEX,North America,30.5,-107.5,4.8,Medium,0,0.0,0.0,0.0
Mexico,MEX,North America,31.5,-107.5,4.8,Medium,0,0.0,0.0,0.0
United States of America,USA,North America,32.5,-107.5,3.2,Low,0,0.0,0.0,0.0
United States of America,USA,North America,33.5,-107.5,3.2,Low,0,0.0,0.0,0.0
United States of America,USA,North America,34.5,-107.5,3.2,Low,0,0.0,0.0,0.0
United States of America,USA,North America,35.5,-107.5,3.2,Low,0,0.0,0.0,0.0
United States of America,USA,North America,36.5,-107.5,3.2,Low,0,0.0,0.0,0.0
United States of America,USA,North America,37.5,-107.5,3.2,Low,0,0.0,0.0,0.0
United States of America,USA,North America,38.5,-107.5,3.2,Low,0,0.0,0.0,0.0
United States of America,USA,North America,39.5,-107.5,3.2,Low,0,0.0,0.0,0.0
United States of America,USA,North America,40.5,-107.5,3.2,Low,0,0.0,0.0,0.0
United States of America,USA,North America,41.5,-107.5,3.2,Low,0,0.0,0.0,0.0
United States of America,USA,North America,42.5,-107.5,3.2,Low,0,0.0,0.0,0.0
United States of America,USA,North America,43.5,-107.5,3.2,Low,0,0.0,0.0,0.0
United States of America,USA,North America,44.5,-107.5,3.2,Low,0,0.0,0.0,0.0
United States of America,USA,North America,45.5,-107.5,3.2,Low,0,0.0,0.0,0.0
United States of America,USA,North America,46.5,-107.5,3.2,Low,0,0.0,0.0,0.0
United States of America,USA,North America,47.5,-107.5,3.2,Low,0,0.0,0.0,0.0
United States of America,USA,North America,48.5,-107.5,3.2,Low,0,0.0,0.0,0.0
Canada,CAN,North America,49.5,-107.5,2.7,Low,0,0.0,0.0,0.0
Canada,CAN,North America,50.5,-107.5,2.7,Low,0,0.0,0.0,0.0
Canada,CAN,North America,51.5,-107.5,2.7,Low,0,0.0,0.0,0.0
Canada,CAN,North America,52.5,-107.5,2.7,Low,0,0.0,0.0,0.0
Canada,CAN,North America,53.5,-107.5,2.7,Low,0,0.0,0.0,0.0
Canada,CAN,North America,54.5,-107.5,2.7,Low,0,0.0,0.0,0.0
Canada,CAN,North America,55.5,-107.5,2.7,Low,0,0.0,0.0,0.0
Canada,CAN,North America,56.5,-107.5,2.7,Low,0,0.0,0.0,0.0
Canada,CAN,North America,57.5,-107.5,2.7,Low,0,0.0,0.0,0.0
Canada,CAN,North America,58.5,-107.5,2.7,Low,0,0.0,0.0,0.0
Canada,CAN,North America,59.5,-107.5,2.7,Low,0,0.0,0.0,0.0
Canada,CAN,North America,60.5,-107.5,2.7,Low,0,0.0,0.0,0.0
Canada,CAN,North America,61.5,-107.5,2.7,Low,0,0.0,0.0,0.0
Canada,CAN,North America,62.5,-107.5,2.7,Low,0,0.0,0.0,0.0
Canada,CAN,North America,63.5,-107.5,2.7,Low,0,0.0,0.0,0.0
Canada,CAN,North America,64.5,-107.5,2.7,Low,0,0.0,0.0,0.0
Canada,CAN,North America,65.5,-107.5,2.7,Low,0,0.0,0.0,0.0
Canada,CAN,North America,66.5,-107.5,2.7,Low,0,0.0,0.0,0.0
Canada,CAN,North America,67.5,-107.5,2.7,Low,0,0.0,0.0,0.0
Canada,CAN,North America,68.5,-107.5,2.7,Low,0,0.0,0.0,0.0
Canada,CAN,North America,69.5,-107.5,2.7,Low,0,0.0,0.0,0.0
Canada,CAN,North America,70.5,-107.5,2.7,Low,0,0.0,0.0,0.0
Canada,CAN,North America,71.5,-107.5,2.7,Low,0,0.0,0.0,0.0
Canada,CAN,North America,72.5,-107.5,2.7,Low,0,0.0,0.0,0.0
Canada,CAN,North America,75.5,-107.5,2.7,Low,0,0.0,0.0,0.0
Mexico,MEX,North America,23.5,-106.5,4.8,Medium,0,0.0,0.0,0.0
Mexico,MEX,North America,24.5,-106.5,4.8,Medium,0,0.0,0.0,0.0
Mexico,MEX,North America,25.5,-106.5,4.8,Medium,2,4.8,5.1,21.95
Mexico,MEX,North America,26.5,-106.5,4.8,Medium,0,0.0,0.0,0.0
Mexico,MEX,North America,27.5,-106.5,4.8,Medium,0,0.0,0.0,0.0
Mexico,MEX,North America,28.5,-106.5,4.8,Medium,0,0.0,0.0,0.0
Mexico,MEX,North America,29.5,-106.5,4.8,Medium,0,0.0,0.0,0.0
Mexico,MEX,North America,30.5,-106.5,4.8,Medium,0,0.0,0.0,0.0
Mexico,MEX,North America,31.5,-106.5,4.8,Medium,0,0.0,0.0,0.0
United States of America,USA,North America,32.5,-106.5,3.2,Low,0,0.0,0.0,0.0
United States of America,USA,North America,33.5,-106.5,3.2,Low,0,0.0,0.0,0.0
United States of America,USA,North America,34.5,-106.5,3.2,Low,0,0.0,0.0,0.0
United States of America,USA,North America,35.5,-106.5,3.2,Low,0,0.0,0.0,0.0
United States of America,USA,North America,36.5,-106.5,3.2,Low,0,0.0,0.0,0.0
United States of America,USA,North America,37.5,-106.5,3.2,Low,0,0.0,0.0,0.0
United States of America,USA,North America,38.5,-106.5,3.2,Low,0,0.0,0.0,0.0
United States of America,USA,North America,39.5,-106.5,3.2,Low,0,0.0,0.0,0.0
United States of America,USA,North America,40.5,-106.5,3.2,Low,0,0.0,0.0,0.0
United States of America,USA,North America,41.5,-106.5,3.2,Low,0,0.0,0.0,0.0
United States of America,USA,North America,42.5,-106.5,3.2,Low,0,0.0,0.0,0.0
United States of America,USA,North America,43.5,-106.5,3.2,Low,0,0.0,0.0,0.0
United States of America,USA,North America,44.5,-106.5,3.2,Low,0,0.0,0.0,0.0
United States of America,USA,North America,45.5,-106.5,3.2,Low,0,0.0,0.0,0.0
United States of America,USA,North America,46.5,-106.5,3.2,Low,0,0.0,0.0,0.0
United States of America,USA,North America,47.5,-106.5,3.2,Low,0,0.0,0.0,0.0
United States of America,USA,North America,48.5,-106.5,3.2,Low,0,0.0,0.0,0.0
Canada,CAN,North America,49.5,-106.5,2.7,Low,0,0.0,0.0,0.0
Canada,CAN,North America,50.5,-106.5,2.7,Low,0,0.0,0.0,0.0
Canada,CAN,North America,51.5,-106.5,2.7,Low,0,0.0,0.0,0.0
Canada,CAN,North America,52.5,-106.5,2.7,Low,0,0.0,0.0,0.0
Canada,CAN,North America,53.5,-106.5,2.7,Low,0,0.0,0.0,0.0
Canada,CAN,North America,54.5,-106.5,2.7,Low,0,0.0,0.0,0.0
Canada,CAN,North America,55.5,-106.5,2.7,Low,0,0.0,0.0,0.0
Canada,CAN,North America,56.5,-106.5,2.7,Low,0,0.0,0.0,0.0
Canada,CAN,North America,57.5,-106.5,2.7,Low,0,0.0,0.0,0.0
Canada,CAN,North America,58.5,-106.5,2.7,Low,0,0.0,0.0,0.0
Canada,CAN,North America,59.5,-106.5,2.7,Low,0,0.0,0.0,0.0
Canada,CAN,North America,60.5,-106.5,2.7,Low,0,0.0,0.0,0.0
Canada,CAN,North America,61.5,-106.5,2.7,Low,0,0.0,0.0,0.0
Canada,CAN,North America,62.5,-106.5,2.7,Low,0,0.0,0.0,0.0
Canada,CAN,North America,63.5,-106.5,2.7,Low,0,0.0,0.0,0.0
Canada,CAN,North America,64.5,-106.5,2.7,Low,0,0.0,0.0,0.0
Canada,CAN,North America,65.5,-106.5,2.7,Low,0,0.0,0.0,0.0
Canada,CAN,North America,66.5,-106.5,2.7,Low,0,0.0,0.0,0.0
Canada,CAN,North America,67.5,-106.5,2.7,Low,0,0.0,0.0,0.0
Canada,CAN,North America,68.5,-106.5,2.7,Low,0,0.0,0.0,0.0
Canada,CAN,North America,69.5,-106.5,2.7,Low,0,0.0,0.0,0.0
Canada,CAN,North America,70.5,-106.5,2.7,Low,0,0.0,0.0,0.0
Canada,CAN,North America,71.5,-106.5,2.7,Low,0,0.0,0.0,0.0
Canada,CAN,North America,72.5,-106.5,2.7,Low,0,0.0,0.0,0.0
Canada,CAN,North America,73.5,-106.5,2.7,Low,0,0.0,0.0,0.0
Canada,CAN,North America,75.5,-106.5,2.7,Low,0,0.0,0.0,0.0
Mexico,MEX,North America,20.5,-105.5,4.8,Medium,0,0.0,0.0,0.0
Mexico,MEX,North America,22.5,-105.5,4.8,Medium,0,0.0,0.0,0.0
Mexico,MEX,North America,23.5,-105.5,4.8,Medium,0,0.0,0.0,0.0
Mexico,MEX,North America,24.5,-105.5,4.8,Medium,1,4.5,4.5,10.0
Mexico,MEX,North America,25.5,-105.5,4.8,Medium,0,0.0,0.0,0.0
Mexico,MEX,North America,26.5,-105.5,4.8,Medium,0,0.0,0.0,0.0
Mexico,MEX,North America,27.5,-105.5,4.8,Medium,5,4.8,5.4,9.47
Mexico,MEX,North America,28.5,-105.5,4.8,Medium,0,0.0,0.0,0.0
Mexico,MEX,North America,29.5,-105.5,4.8,Medium,0,0.0,0.0,0.0
Mexico,MEX,North America,30.5,-105.5,4.8,Medium,1,4.6,4.6,10.0
United States of America,USA,North America,31.5,-105.5,3.2,Low,0,0.0,0.0,0.0
United States of America,USA,North America,32.5,-105.5,3.2,Low,0,0.0,0.0,0.0
United States of America,USA,North America,33.5,-105.5,3.2,Low,0,0.0,0.0,0.0
United States of America,USA,North America,34.5,-105.5,3.2,Low,0,0.0,0.0,0.0
United States of America,USA,North America,35.5,-105.5,3.2,Low,0,0.0,0.0,0.0
United States of America,USA,North America,36.5,-105.5,3.2,Low,0,0.0,0.0,0.0
United States of America,USA,North America,37.5,-105.5,3.2,Low,0,0.0,0.0,0.0
United States of America,USA,North America,38.5,-105.5,3.2,Low,0,0.0,0.0,0.0
United States of America,USA,North America,39.5,-105.5,3.2,Low,0,0.0,0.0,0.0
United States of America,USA,North America,40.5,-105.5,3.2,Low,0,0.0,0.0,0.0
United States of America,USA,North America,41.5,-105.5,3.2,Low,0,0.0,0.0,0.0
United States of America,USA,North America,42.5,-105.5,3.2,Low,0,0.0,0.0,0.0
United States of America,USA,North America,43.5,-105.5,3.2,Low,0,0.0,0.0,0.0
United States of America,USA,North America,44.5,-105.5,3.2,Low,0,0.0,0.0,0.0
United States of America,USA,North America,45.5,-105.5,3.2,Low,0,0.0,0.0,0.0
United States of America,USA,North America,46.5,-105.5,3.2,Low,0,0.0,0.0,0.0
United States of America,USA,North America,47.5,-105.5,3.2,Low,0,0.0,0.0,0.0
United States of America,USA,North America,48.5,-105.5,3.2,Low,0,0.0,0.0,0.0
Canada,CAN,North America,49.5,-105.5,2.7,Low,0,0.0,0.0,0.0
Canada,CAN,North America,50.5,-105.5,2.7,Low,0,0.0,0.0,0.0
Canada,CAN,North America,51.5,-105.5,2.7,Low,0,0.0,0.0,0.0
Canada,CAN,North America,52.5,-105.5,2.7,Low,0,0.0,0.0,0.0
Canada,CAN,North America,53.5,-105.5,2.7,Low,0,0.0,0.0,0.0
Canada,CAN,North America,54.5,-105.5,2.7,Low,0,0.0,0.0,0.0
Canada,CAN,North America,55.5,-105.5,2.7,Low,0,0.0,0.0,0.0
Canada,CAN,North America,56.5,-105.5,2.7,Low,0,0.0,0.0,0.0
Canada,CAN,North America,57.5,-105.5,2.7,Low,0,0.0,0.0,0.0
Canada,CAN,North America,58.5,-105.5,2.7,Low,0,0.0,0.0,0.0
Canada,CAN,North America,59.5,-105.5,2.7,Low,0,0.0,0.0,0.0
Canada,CAN,North America,60.5,-105.5,2.7,Low,0,0.0,0.0,0.0
Canada,CAN,North America,61.5,-105.5,2.7,Low,0,0.0,0.0,0.0
Canada,CAN,North America,62.5,-105.5,2.7,Low,0,0.0,0.0,0.0
Canada,CAN,North America,63.5,-105.5,2.7,Low,0,0.0,0.0,0.0
Canada,CAN,North America,64.5,-105.5,2.7,Low,0,0.0,0.0,0.0
Canada,CAN,North America,65.5,-105.5,2.7,Low,0,0.0,0.0,0.0
Canada,CAN,North America,66.5,-105.5,2.7,Low,0,0.0,0.0,0.0
Canada,CAN,North America,67.5,-105.5,2.7,Low,0,0.0,0.0,0.0
Canada,CAN,North America,68.5,-105.5,2.7,Low,0,0.0,0.0,0.0
Canada,CAN,North America,69.5,-105.5,2.7,Low,0,0.0,0.0,0.0
Canada,CAN,North America,70.5,-105.5,2.7,Low,0,0.0,0.0,0.0
Canada,CAN,North America,71.5,-105.5,2.7,Low,0,0.0,0.0,0.0
Canada,CAN,North America,72.5,-105.5,2.7,Low,0,0.0,0.0,0.0
Canada,CAN,North America,73.5,-105.5,2.7,Low,0,0.0,0.0,0.0
Mexico,MEX,North America,19.5,-104.5,4.8,Medium,10,5.12,5.8,26.647
Mexico,MEX,North America,20.5,-104.5,4.8,Medium,0,0.0,0.0,0.0
Mexico,MEX,North America,21.5,-104.5,4.8,Medium,0,0.0,0.0,0.0
Mexico,MEX,North America,22.5,-104.5,4.8,Medium,0,0.0,0.0,0.0
Mexico,MEX,North America,23.5,-104.5,4.8,Medium,0,0.0,0.0,0.0
Mexico,MEX,North America,24.5,-104.5,4.8,Medium,0,0.0,0.0,0.0
Mexico,MEX,North America,25.5,-104.5,4.8,Medium,0,0.0,0.0,0.0
Mexico,MEX,North America,26.5,-104.5,4.8,Medium,0,0.0,0.0,0.0
Mexico,MEX,North America,27.5,-104.5,4.8,Medium,0,0.0,0.0,0.0
Mexico,MEX,North America,28.5,-104.5,4.8,Medium,0,0.0,0.0,0.0
Mexico,MEX,North America,29.5,-104.5,4.8,Medium,0,0.0,0.0,0.0
United States of America,USA,North America,30.5,-104.5,3.2,Low,0,0.0,0.0,0.0
United States of America,USA,North America,31.5,-104.5,3.2,Low,7,4.6857,5.0,7.1008
United States of America,USA,North America,32.5,-104.5,3.2,Low,0,0.0,0.0,0.0
United States of America,USA,North America,33.5,-104.5,3.2,Low,0,0.0,0.0,0.0
United States of America,USA,North America,34.5,-104.5,3.2,Low,0,0.0,0.0,0.0
United States of America,USA,North America,35.5,-104.5,3.2,Low,0,0.0,0.0,0.0
United States of America,USA,North America,36.5,-104.5,3.2,Low,1,5.0,5.0,5.0
United States of America,USA,North America,37.5,-104.5,3.2,Low,3,4.8333,5.3,4.6667
United States of America,USA,North America,38.5,-104.5,3.2,Low,0,0.0,0.0,0.0
United States of America,USA,North America,39.5,-104.5,3.2,Low,0,0.0,0.0,0.0
United States of America,USA,North America,40.5,-104.5,3.2,Low,0,0.0,0.0,0.0
United States of America,USA,North America,41.5,-104.5,3.2,Low,0,0.0,0.0,0.0
United States of America,USA,North America,42.5,-104.5,3.2,Low,0,0.0,0.0,0.0
United States of America,USA,North America,43.5,-104.5,3.2,Low,0,0.0,0.0,0.0
United States of America,USA,North America,44.5,-104.5,3.2,Low,0,0.0,0.0,0.0
United States of America,USA,North America,45.5,-104.5,3.2,Low,0,0.0,0.0,0.0
United States of America,USA,North America,46.5,-104.5,3.2,Low,0,0.0,0.0,0.0
United States of America,USA,North America,47.5,-104.5,3.2,Low,0,0.0,0.0,0.0
United States of America,USA,North America,48.5,-104.5,3.2,Low,0,0.0,0.0,0.0
Canada,CAN,North America,49.5,-104.5,2.7,Low,0,0.0,0.0,0.0
Canada,CAN,North America,50.5,-104.5,2.7,Low,0,0.0,0.0,0.0
Canada,CAN,North America,51.5,-104.5,2.7,Low,0,0.0,0.0,0.0
Canada,CAN,North America,52.5,-104.5,2.7,Low,0,0.0,0.0,0.0
Canada,CAN,North America,53.5,-104.5,2.7,Low,0,0.0,0.0,0.0
Canada,CAN,North America,54.5,-104.5,2.7,Low,0,0.0,0.0,0.0
Canada,CAN,North America,55.5,-104.5,2.7,Low,0,0.0,0.0,0.0
Canada,CAN,North America,56.5,-104.5,2.7,Low,0,0.0,0.0,0.0
Canada,CAN,North America,57.5,-104.5,2.7,Low,0,0.0,0.0,0.0
Canada,CAN,North America,58.5,-104.5,2.7,Low,0,0.0,0.0,0.0
Canada,CAN,North America,59.5,-104.5,2.7,Low,0,0.0,0.0,0.0
Canada,CAN,North America,60.5,-104.5,2.7,Low,0,0.0,0.0,0.0
Canada,CAN,North America,61.5,-104.5,2.7,Low,0,0.0,0.0,0.0
Canada,CAN,North America,62.5,-104.5,2.7,Low,0,0.0,0.0,0.0
Canada,CAN,North America,63.5,-104.5,2.7,Low,0,0.0,0.0,0.0
Canada,CAN,North America,64.5,-104.5,2.7,Low,0,0.0,0.0,0.0
Canada,CAN,North America,65.5,-104.5,2.7,Low,0,0.0,0.0,0.0
Canada,CAN,North America,66.5,-104.5,2.7,Low,0,0.0,0.0,0.0
Canada,CAN,North America,67.5,-104.5,2.7,Low,0,0.0,0.0,0.0
Canada,CAN,North America,69.5,-104.5,2.7,Low,0,0.0,0.0,0.0
Canada,CAN,North America,70.5,-104.5,2.7,Low,0,0.0,0.0,0.0
Canada,CAN,North America,78.5,-104.5,2.7,Low,0,0.0,0.0,0.0
Mexico,MEX,North America,18.5,-103.5,4.8,Medium,28,4.8321,5.8,23.7615
Mexico,MEX,North America,19.5,-103.5,4.8,Medium,2,4.5,4.5,55.3
Mexico,MEX,North America,20.5,-103.5,4.8,Medium,1,4.5,4.5,10.0
Mexico,MEX,North America,21.5,-103.5,4.8,Medium,0,0.0,0.0,0.0
Mexico,MEX,North America,22.5,-103.5,4.8,Medium,0,0.0,0.0,0.0
Mexico,MEX,North America,23.5,-103.5,4.8,Medium,0,0.0,0.0,0.0
Mexico,MEX,North America,24.5,-103.5,4.8,Medium,0,0.0,0.0,0.0
Mexico,MEX,North America,25.5,-103.5,4.8,Medium,0,0.0,0.0,0.0
Mexico,MEX,North America,26.5,-103.5,4.8,Medium,0,0.0,0.0,0.0
Mexico,MEX,North America,27.5,-103.5,4.8,Medium,0,0.0,0.0,0.0
Mexico,MEX,North America,28.5,-103.5,4.8,Medium,0,0.0,0.0,0.0
United States of America,USA,North America,29.5,-103.5,3.2,Low,0,0.0,0.0,0.0
United States of America,USA,North America,30.5,-103.5,3.2,Low,0,0.0,0.0,0.0
United States of America,USA,North America,31.5,-103.5,3.2,Low,3,5.0333,5.4,7.2499
United States of America,USA,North America,32.5,-103.5,3.2,Low,0,0.0,0.0,0.0
United States of America,USA,North America,33.5,-103.5,3.2,Low,0,0.0,0.0,0.0
United States of America,USA,North America,34.5,-103.5,3.2,Low,0,0.0,0.0,0.0
United States of America,USA,North America,35.5,-103.5,3.2,Low,0,0.0,0.0,0.0
United States of America,USA,North America,36.5,-103.5,3.2,Low,0,0.0,0.0,0.0
United States of America,USA,North America,37.5,-103.5,3.2,Low,0,0.0,0.0,0.0
United States of America,USA,North America,38.5,-103.5,3.2,Low,0,0.0,0.0,0.0
United States of America,USA,North America,39.5,-103.5,3.2,Low,0,0.0,0.0,0.0
United States of America,USA,North America,40.5,-103.5,3.2,Low,0,0.0,0.0,0.0
United States of America,USA,North America,41.5,-103.5,3.2,Low,0,0.0,0.0,0.0
United States of America,USA,North America,42.5,-103.5,3.2,Low,0,0.0,0.0,0.0
United States of America,USA,North America,43.5,-103.5,3.2,Low,0,0.0,0.0,0.0
United States of America,USA,North America,44.5,-103.5,3.2,Low,0,0.0,0.0,0.0
United States of America,USA,North America,45.5,-103.5,3.2,Low,0,0.0,0.0,0.0
United States of America,USA,North America,46.5,-103.5,3.2,Low,0,0.0,0.0,0.0
United States of America,USA,North America,47.5,-103.5,3.2,Low,0,0.0,0.0,0.0
United States of America,USA,North America,48.5,-103.5,3.2,Low,0,0.0,0.0,0.0
Canada,CAN,North America,49.5,-103.5,2.7,Low,0,0.0,0.0,0.0
Canada,CAN,North America,50.5,-103.5,2.7,Low,0,0.0,0.0,0.0
Canada,CAN,North America,51.5,-103.5,2.7,Low,0,0.0,0.0,0.0
Canada,CAN,North America,52.5,-103.5,2.7,Low,0,0.0,0.0,0.0
Canada,CAN,North America,53.5,-103.5,2.7,Low,0,0.0,0.0,0.0
Canada,CAN,North America,54.5,-103.5,2.7,Low,0,0.0,0.0,0.0
Canada,CAN,North America,55.5,-103.5,2.7,Low,0,0.0,0.0,0.0
Canada,CAN,North America,56.5,-103.5,2.7,Low,0,0.0,0.0,0.0
Canada,CAN,North America,57.5,-103.5,2.7,Low,0,0.0,0.0,0.0
Canada,CAN,North America,58.5,-103.5,2.7,Low,0,0.0,0.0,0.0
Canada,CAN,North America,59.5,-103.5,2.7,Low,0,0.0,0.0,0.0
Canada,CAN,North America,60.5,-103.5,2.7,Low,0,0.0,0.0,0.0
Canada,CAN,North America,61.5,-103.5,2.7,Low,0,0.0,0.0,0.0
Canada,CAN,North America,62.5,-103.5,2.7,Low,0,0.0,0.0,0.0
Canada,CAN,North America,63.5,-103.5,2.7,Low,0,0.0,0.0,0.0
Canada,CAN,North America,64.5,-103.5,2.7,Low,0,0.0,0.0,0.0
Canada,CAN,North America,65.5,-103.5,2.7,Low,0,0.0,0.0,0.0
Canada,CAN,North America,66.5,-103.5,2.7,Low,0,0.0,0.0,0.0
Canada,CAN,North America,67.5,-103.5,2.7,Low,0,0.0,0.0,0.0
Canada,CAN,North America,69.5,-103.5,2.7,Low,0,0.0,0.0,0.0
Canada,CAN,North America,70.5,-103.5,2.7,Low,0,0.0,0.0,0.0
Canada,CAN,North America,78.5,-103.5,2.7,Low,0,0.0,0.0,0.0
Mexico,MEX,North America,18.5,-102.5,4.8,Medium,27,5.1741,7.6,42.8413
Mexico,MEX,North America,19.5,-102.5,4.8,Medium,0,0.0,0.0,0.0
Mexico,MEX,North America,20.5,-102.5,4.8,Medium,0,0.0,0.0,0.0
Mexico,MEX,North America,21.5,-102.5,4.8,Medium,0,0.0,0.0,0.0
Mexico,MEX,North America,22.5,-102.5,4.8,Medium,0,0.0,0.0,0.0
Mexico,MEX,North America,23.5,-102.5,4.8,Medium,0,0.0,0.0,0.0
Mexico,MEX,North America,24.5,-102.5,4.8,Medium,0,0.0,0.0,0.0
Mexico,MEX,North America,25.5,-102.5,4.8,Medium,0,0.0,0.0,0.0
Mexico,MEX,North America,26.5,-102.5,4.8,Medium,0,0.0,0.0,0.0
Mexico,MEX,North America,27.5,-102.5,4.8,Medium,0,0.0,0.0,0.0
Mexico,MEX,North America,28.5,-102.5,4.8,Medium,0,0.0,0.0,0.0
Mexico,MEX,North America,29.5,-102.5,4.8,Medium,0,0.0,0.0,0.0
United States of America,USA,North America,30.5,-102.5,3.2,Low,0,0.0,0.0,0.0
United States of America,USA,North America,31.5,-102.5,3.2,Low,0,0.0,0.0,0.0
United States of America,USA,North America,32.5,-102.5,3.2,Low,1,5.2,5.2,8.1923
United States of America,USA,North America,33.5,-102.5,3.2,Low,0,0.0,0.0,0.0
United States of America,USA,North America,34.5,-102.5,3.2,Low,0,0.0,0.0,0.0
United States of America,USA,North America,35.5,-102.5,3.2,Low,0,0.0,0.0,0.0
United States of America,USA,North America,36.5,-102.5,3.2,Low,0,0.0,0.0,0.0
United States of America,USA,North America,37.5,-102.5,3.2,Low,0,0.0,0.0,0.0
United States of America,USA,North America,38.5,-102.5,3.2,Low,0,0.0,0.0,0.0
United States of America,USA,North America,39.5,-102.5,3.2,Low,0,0.0,0.0,0.0
United States of America,USA,North America,40.5,-102.5,3.2,Low,0,0.0,0.0,0.0
United States of America,USA,North America,41.5,-102.5,3.2,Low,0,0.0,0.0,0.0
United States of America,USA,North America,42.5,-102.5,3.2,Low,0,0.0,0.0,0.0
United States of America,USA,North America,43.5,-102.5,3.2,Low,0,0.0,0.0,0.0
United States of America,USA,North America,44.5,-102.5,3.2,Low,0,0.0,0.0,0.0
United States of America,USA,North America,45.5,-102.5,3.2,Low,0,0.0,0.0,0.0
United States of America,USA,North America,46.5,-102.5,3.2,Low,0,0.0,0.0,0.0
United States of America,USA,North America,47.5,-102.5,3.2,Low,0,0.0,0.0,0.0
United States of America,USA,North America,48.5,-102.5,3.2,Low,0,0.0,0.0,0.0
Canada,CAN,North America,49.5,-102.5,2.7,Low,0,0.0,0.0,0.0
Canada,CAN,North America,50.5,-102.5,2.7,Low,0,0.0,0.0,0.0
Canada,CAN,North America,51.5,-102.5,2.7,Low,0,0.0,0.0,0.0
Canada,CAN,North America,52.5,-102.5,2.7,Low,0,0.0,0.0,0.0
Canada,CAN,North America,53.5,-102.5,2.7,Low,0,0.0,0.0,0.0
Canada,CAN,North America,54.5,-102.5,2.7,Low,0,0.0,0.0,0.0
Canada,CAN,North America,55.5,-102.5,2.7,Low,0,0.0,0.0,0.0
Canada,CAN,North America,56.5,-102.5,2.7,Low,0,0.0,0.0,0.0
Canada,CAN,North America,57.5,-102.5,2.7,Low,0,0.0,0.0,0.0
Canada,CAN,North America,58.5,-102.5,2.7,Low,0,0.0,0.0,0.0
Canada,CAN,North America,59.5,-102.5,2.7,Low,0,0.0,0.0,0.0
Canada,CAN,North America,60.5,-102.5,2.7,Low,0,0.0,0.0,0.0
Canada,CAN,North America,61.5,-102.5,2.7,Low,0,0.0,0.0,0.0
Canada,CAN,North America,62.5,-102.5,2.7,Low,0,0.0,0.0,0.0
Canada,CAN,North America,63.5,-102.5,2.7,Low,0,0.0,0.0,0.0
Canada,CAN,North America,64.5,-102.5,2.7,Low,0,0.0,0.0,0.0
Canada,CAN,North America,65.5,-102.5,2.7,Low,0,0.0,0.0,0.0
Canada,CAN,North America,66.5,-102.5,2.7,Low,0,0.0,0.0,0.0
Canada,CAN,North America,67.5,-102.5,2.7,Low,0,0.0,0.0,0.0
Canada,CAN,North America,78.5,-102.5,2.7,Low,0,0.0,0.0,0.0
Mexico,MEX,North America,18.5,-101.5,4.8,Medium,28,5.0107,6.1,59.885
Mexico,MEX,North America,19.5,-101.5,4.8,Medium,0,0.0,0.0,0.0
Mexico,MEX,North America,20.5,-101.5,4.8,Medium,0,0.0,0.0,0.0
Mexico,MEX,North America,21.5,-101.5,4.8,Medium,0,0.0,0.0,0.0
Mexico,MEX,North America,22.5,-101.5,4.8,Medium,0,0.0,0.0,0.0
Mexico,MEX,North America,23.5,-101.5,4.8,Medium,0,0.0,0.0,0.0
Mexico,MEX,North America,24.5,-101.5,4.8,Medium,0,0.0,0.0,0.0
Mexico,MEX,North America,25.5,-101.5,4.8,Medium,0,0.0,0.0,0.0
Mexico,MEX,North America,26.5,-101.5,4.8,Medium,0,0.0,0.0,0.0
Mexico,MEX,North America,27.5,-101.5,4.8,Medium,0,0.0,0.0,0.0
Mexico,MEX,North America,28.5,-101.5,4.8,Medium,0,0.0,0.0,0.0
Mexico,MEX,North America,29.5,-101.5,4.8,Medium,0,0.0,0.0,0.0
United States of America,USA,North America,30.5,-101.5,3.2,Low,0,0.0,0.0,0.0
United States of America,USA,North America,31.5,-101.5,3.2,Low,0,0.0,0.0,0.0
United States of America,USA,North America,32.5,-101.5,3.2,Low,1,4.6,4.6,8.4369
United States of America,USA,North America,33.5,-101.5,3.2,Low,0,0.0,0.0,0.0
United States of America,USA,North America,34.5,-101.5,3.2,Low,0,0.0,0.0,0.0
United States of America,USA,North America,35.5,-101.5,3.2,Low,0,0.0,0.0,0.0
United States of America,USA,North America,36.5,-101.5,3.2,Low,0,0.0,0.0,0.0
United States of America,USA,North America,37.5,-101.5,3.2,Low,0,0.0,0.0,0.0
United States of America,USA,North America,38.5,-101.5,3.2,Low,0,0.0,0.0,0.0
United States of America,USA,North America,39.5,-101.5,3.2,Low,0,0.0,0.0,0.0
United States of America,USA,North America,40.5,-101.5,3.2,Low,0,0.0,0.0,0.0
United States of America,USA,North America,41.5,-101.5,3.2,Low,0,0.0,0.0,0.0
United States of America,USA,North America,42.5,-101.5,3.2,Low,0,0.0,0.0,0.0
United States of America,USA,North America,43.5,-101.5,3.2,Low,0,0.0,0.0,0.0
United States of America,USA,North America,44.5,-101.5,3.2,Low,0,0.0,0.0,0.0
United States of America,USA,North America,45.5,-101.5,3.2,Low,0,0.0,0.0,0.0
United States of America,USA,North America,46.5,-101.5,3.2,Low,0,0.0,0.0,0.0
United States of America,USA,North America,47.5,-101.5,3.2,Low,0,0.0,0.0,0.0
United States of America,USA,North America,48.5,-101.5,3.2,Low,0,0.0,0.0,0.0
Canada,CAN,North America,49.5,-101.5,2.7,Low,0,0.0,0.0,0.0
Canada,CAN,North America,50.5,-101.5,2.7,Low,0,0.0,0.0,0.0
Canada,CAN,North America,51.5,-101.5,2.7,Low,0,0.0,0.0,0.0
Canada,CAN,North America,52.5,-101.5,2.7,Low,0,0.0,0.0,0.0
Canada,CAN,North America,53.5,-101.5,2.7,Low,0,0.0,0.0,0.0
Canada,CAN,North America,54.5,-101.5,2.7,Low,0,0.0,0.0,0.0
Canada,CAN,North America,55.5,-101.5,2.7,Low,0,0.0,0.0,0.0
Canada,CAN,North America,56.5,-101.5,2.7,Low,0,0.0,0.0,0.0
Canada,CAN,North America,57.5,-101.5,2.7,Low,0,0.0,0.0,0.0
Canada,CAN,North America,58.5,-101.5,2.7,Low,0,0.0,0.0,0.0
Canada,CAN,North America,59.5,-101.5,2.7,Low,0,0.0,0.0,0.0
Canada,CAN,North America,60.5,-101.5,2.7,Low,0,0.0,0.0,0.0
Canada,CAN,North America,61.5,-101.5,2.7,Low,0,0.0,0.0,0.0
Canada,CAN,North America,62.5,-101.5,2.7,Low,0,0.0,0.0,0.0
Canada,CAN,North America,63.5,-101.5,2.7,Low,0,0.0,0.0,0.0
Canada,CAN,North America,64.5,-101.5,2.7,Low,0,0.0,0.0,0.0
Canada,CAN,North America,65.5,-101.5,2.7,Low,0,0.0,0.0,0.0
Canada,CAN,North America,66.5,-101.5,2.7,Low,0,0.0,0.0,0.0
Canada,CAN,North America,67.5,-101.5,2.7,Low,0,0.0,0.0,0.0
Canada,CAN,North America,72.5,-101.5,2.7,Low,0,0.0,0.0,0.0
Canada,CAN,North America,78.5,-101.5,2.7,Low,0,0.0,0.0,0.0
Mexico,MEX,North America,17.5,-100.5,4.8,Medium,33,5.0485,7.2,28.1417
Mexico,MEX,North America,18.5,-100.5,4.8,Medium,14,5.0214,6.1,60.0038
Mexico,MEX,North America,19.5,-100.5,4.8,Medium,1,4.5,4.5,4.06
Mexico,MEX,North America,20.5,-100.5,4.8,Medium,0,0.0,0.0,0.0
Mexico,MEX,North America,21.5,-100.5,4.8,Medium,0,0.0,0.0,0.0
Mexico,MEX,North America,22.5,-100.5,4.8,Medium,0,0.0,0.0,0.0
Mexico,MEX,North America,23.5,-100.5,4.8,Medium,2,4.8,5.0,10.0
Mexico,MEX,North America,24.5,-100.5,4.8,Medium,0,0.0,0.0,0.0
Mexico,MEX,North America,25.5,-100.5,4.8,Medium,1,4.6,4.6,33.0
Mexico,MEX,North America,26.5,-100.5,4.8,Medium,0,0.0,0.0,0.0
Mexico,MEX,North America,27.5,-100.5,4.8,Medium,0,0.0,0.0,0.0
Mexico,MEX,North America,28.5,-100.5,4.8,Medium,0,0.0,0.0,0.0
United States of America,USA,North America,29.5,-100.5,3.2,Low,0,0.0,0.0,0.0
United States of America,USA,North America,30.5,-100.5,3.2,Low,0,0.0,0.0,0.0
United States of America,USA,North America,31.5,-100.5,3.2,Low,0,0.0,0.0,0.0
United States of America,USA,North America,32.5,-100.5,3.2,Low,1,4.7,4.7,7.85
United States of America,USA,North America,33.5,-100.5,3.2,Low,0,0.0,0.0,0.0
United States of America,USA,North America,34.5,-100.5,3.2,Low,0,0.0,0.0,0.0
United States of America,USA,North America,35.5,-100.5,3.2,Low,0,0.0,0.0,0.0
United States of America,USA,North America,36.5,-100.5,3.2,Low,0,0.0,0.0,0.0
United States of America,USA,North America,37.5,-100.5,3.2,Low,0,0.0,0.0,0.0
United States of America,USA,North America,38.5,-100.5,3.2,Low,0,0.0,0.0,0.0
United States of America,USA,North America,39.5,-100.5,3.2,Low,0,0.0,0.0,0.0
United States of America,USA,North America,40.5,-100.5,3.2,Low,0,0.0,0.0,0.0
United States of America,USA,North America,41.5,-100.5,3.2,Low,0,0.0,0.0,0.0
United States of America,USA,North America,42.5,-100.5,3.2,Low,0,0.0,0.0,0.0
United States of America,USA,North America,43.5,-100.5,3.2,Low,0,0.0,0.0,0.0
United States of America,USA,North America,44.5,-100.5,3.2,Low,0,0.0,0.0,0.0
United States of America,USA,North America,45.5,-100.5,3.2,Low,0,0.0,0.0,0.0
United States of America,USA,North America,46.5,-100.5,3.2,Low,0,0.0,0.0,0.0
United States of America,USA,North America,47.5,-100.5,3.2,Low,0,0.0,0.0,0.0
United States of America,USA,North America,48.5,-100.5,3.2,Low,0,0.0,0.0,0.0
Canada,CAN,North America,49.5,-100.5,2.7,Low,0,0.0,0.0,0.0
Canada,CAN,North America,50.5,-100.5,2.7,Low,0,0.0,0.0,0.0
Canada,CAN,North America,51.5,-100.5,2.7,Low,0,0.0,0.0,0.0
Canada,CAN,North America,52.5,-100.5,2.7,Low,0,0.0,0.0,0.0
Canada,CAN,North America,53.5,-100.5,2.7,Low,0,0.0,0.0,0.0
Canada,CAN,North America,54.5,-100.5,2.7,Low,0,0.0,0.0,0.0
Canada,CAN,North America,55.5,-100.5,2.7,Low,0,0.0,0.0,0.0
Canada,CAN,North America,56.5,-100.5,2.7,Low,0,0.0,0.0,0.0
Canada,CAN,North America,57.5,-100.5,2.7,Low,0,0.0,0.0,0.0
Canada,CAN,North America,58.5,-100.5,2.7,Low,0,0.0,0.0,0.0
Canada,CAN,North America,59.5,-100.5,2.7,Low,0,0.0,0.0,0.0
Canada,CAN,North America,60.5,-100.5,2.7,Low,0,0.0,0.0,0.0
Canada,CAN,North America,61.5,-100.5,2.7,Low,0,0.0,0.0,0.0
Canada,CAN,North America,62.5,-100.5,2.7,Low,0,0.0,0.0,0.0
Canada,CAN,North America,63.5,-100.5,2.7,Low,0,0.0,0.0,0.0
Canada,CAN,North America,64.5,-100.5,2.7,Low,0,0.0,0.0,0.0
Canada,CAN,North America,65.5,-100.5,2.7,Low,0,0.0,0.0,0.0
Canada,CAN,North America,66.5,-100.5,2.7,Low,0,0.0,0.0,0.0
Canada,CAN,North America,67.5,-100.5,2.7,Low,0,0.0,0.0,0.0
Canada,CAN,North America,72.5,-100.5,2.7,Low,0,0.0,0.0,0.0
Canada,CAN,North America,73.5,-100.5,2.7,Low,0,0.0,0.0,0.0
Canada,CAN,North America,75.5,-100.5,2.7,Low,0,0.0,0.0,0.0
Canada,CAN,North America,76.5,-100.5,2.7,Low,0,0.0,0.0,0.0
Canada,CAN,North America,78.5,-100.5,2.7,Low,0,0.0,0.0,0.0
Mexico,MEX,North America,17.5,-99.5,4.8,Medium,17,5.0059,6.5,28.3955
Mexico,MEX,North America,18.5,-99.5,4.8,Medium,7,4.8571,5.8,62.9371
Mexico,MEX,North America,19.5,-99.5,4.8,Medium,0,0.0,0.0,0.0
Mexico,MEX,North America,20.5,-99.5,4.8,Medium,0,0.0,0.0,0.0
Mexico,MEX,North America,21.5,-99.5,4.8,Medium,0,0.0,0.0,0.0
Mexico,MEX,North America,22.5,-99.5,4.8,Medium,0,0.0,0.0,0.0
Mexico,MEX,North America,23.5,-99.5,4.8,Medium,0,0.0,0.0,0.0
Mexico,MEX,North America,24.5,-99.5,4.8,Medium,0,0.0,0.0,0.0
Mexico,MEX,North America,25.5,-99.5,4.8,Medium,1,4.5,4.5,37.7
Mexico,MEX,North America,26.5,-99.5,4.8,Medium,0,0.0,0.0,0.0
United States of America,USA,North America,27.5,-99.5,3.2,Low,0,0.0,0.0,0.0
United States of America,USA,North America,28.5,-99.5,3.2,Low,0,0.0,0.0,0.0
United States of America,USA,North America,29.5,-99.5,3.2,Low,0,0.0,0.0,0.0
United States of America,USA,North America,30.5,-99.5,3.2,Low,0,0.0,0.0,0.0
United States of America,USA,North America,31.5,-99.5,3.2,Low,0,0.0,0.0,0.0
United States of America,USA,North America,32.5,-99.5,3.2,Low,0,0.0,0.0,0.0
United States of America,USA,North America,33.5,-99.5,3.2,Low,0,0.0,0.0,0.0
United States of America,USA,North America,34.5,-99.5,3.2,Low,0,0.0,0.0,0.0
United States of America,USA,North America,35.5,-99.5,3.2,Low,0,0.0,0.0,0.0
United States of America,USA,North America,36.5,-99.5,3.2,Low,0,0.0,0.0,0.0
United States of America,USA,North America,37.5,-99.5,3.2,Low,0,0.0,0.0,0.0
United States of America,USA,North America,38.5,-99.5,3.2,Low,0,0.0,0.0,0.0
United States of America,USA,North America,39.5,-99.5,3.2,Low,1,4.6,4.6,3.0
United States of America,USA,North America,40.5,-99.5,3.2,Low,0,0.0,0.0,0.0
United States of America,USA,North America,41.5,-99.5,3.2,Low,0,0.0,0.0,0.0
United States of America,USA,North America,42.5,-99.5,3.2,Low,0,0.0,0.0,0.0
United States of America,USA,North America,43.5,-99.5,3.2,Low,0,0.0,0.0,0.0
United States of America,USA,North America,44.5,-99.5,3.2,Low,0,0.0,0.0,0.0
United States of America,USA,North America,45.5,-99.5,3.2,Low,0,0.0,0.0,0.0
United States of America,USA,North America,46.5,-99.5,3.2,Low,0,0.0,0.0,0.0
United States of America,USA,North America,47.5,-99.5,3.2,Low,0,0.0,0.0,0.0
United States of America,USA,North America,48.5,-99.5,3.2,Low,0,0.0,0.0,0.0
Canada,CAN,North America,49.5,-99.5,2.7,Low,0,0.0,0.0,0.0
Canada,CAN,North America,50.5,-99.5,2.7,Low,0,0.0,0.0,0.0
Canada,CAN,North America,51.5,-99.5,2.7,Low,0,0.0,0.0,0.0
Canada,CAN,North America,52.5,-99.5,2.7,Low,0,0.0,0.0,0.0
Canada,CAN,North America,53.5,-99.5,2.7,Low,0,0.0,0.0,0.0
Canada,CAN,North America,54.5,-99.5,2.7,Low,0,0.0,0.0,0.0
Canada,CAN,North America,55.5,-99.5,2.7,Low,0,0.0,0.0,0.0
Canada,CAN,North America,56.5,-99.5,2.7,Low,0,0.0,0.0,0.0
Canada,CAN,North America,57.5,-99.5,2.7,Low,0,0.0,0.0,0.0
Canada,CAN,North America,58.5,-99.5,2.7,Low,0,0.0,0.0,0.0
Canada,CAN,North America,59.5,-99.5,2.7,Low,0,0.0,0.0,0.0
Canada,CAN,North America,60.5,-99.5,2.7,Low,0,0.0,0.0,0.0
Canada,CAN,North America,61.5,-99.5,2.7,Low,0,0.0,0.0,0.0
Canada,CAN,North America,62.5,-99.5,2.7,Low,0,0.0,0.0,0.0
Canada,CAN,North America,63.5,-99.5,2.7,Low,0,0.0,0.0,0.0
Canada,CAN,North America,64.5,-99.5,2.7,Low,0,0.0,0.0,0.0
Canada,CAN,North America,65.5,-99.5,2.7,Low,0,0.0,0.0,0.0
Canada,CAN,North America,66.5,-99.5,2.7,Low,0,0.0,0.0,0.0
Canada,CAN,North America,67.5,-99.5,2.7,Low,0,0.0,0.0,0.0
Canada,CAN,North America,69.5,-99.5,2.7,Low,0,0.0,0.0,0.0
Canada,CAN,North America,71.5,-99.5,2.7,Low,0,0.0,0.0,0.0
Canada,CAN,North America,72.5,-99.5,2.7,Low,0,0.0,0.0,0.0
Canada,CAN,North America,73.5,-99.5,2.7,Low,0,0.0,0.0,0.0
Canada,CAN,North America,75.5,-99.5,2.7,Low,0,0.0,0.0,0.0
Canada,CAN,North America,76.5,-99.5,2.7,Low,0,0.0,0.0,0.0
Mexico,MEX,North America,16.5,-98.5,4.8,Medium,154,4.8403,7.4,16.1471
Mexico,MEX,North America,17.5,-98.5,4.8,Medium,4,4.9,5.2,47.2375
Mexico,MEX,North America,18.5,-98.5,4.8,Medium,8,5.4125,7.1,60.8875
Mexico,MEX,North America,19.5,-98.5,4.8,Medium,0,0.0,0.0,0.0
Mexico,MEX,North America,20.5,-98.5,4.8,Medium,0,0.0,0.0,0.0
Mexico,MEX,North America,21.5,-98.5,4.8,Medium,0,0.0,0.0,0.0
Mexico,MEX,North America,22.5,-98.5,4.8,Medium,0,0.0,0.0,0.0
Mexico,MEX,North America,23.5,-98.5,4.8,Medium,0,0.0,0.0,0.0
Mexico,MEX,North America,24.5,-98.5,4.8,Medium,0,0.0,0.0,0.0
Mexico,MEX,North America,25.5,-98.5,4.8,Medium,0,0.0,0.0,0.0
United States of America,USA,North America,26.5,-98.5,3.2,Low,0,0.0,0.0,0.0
United States of America,USA,North America,27.5,-98.5,3.2,Low,0,0.0,0.0,0.0
United States of America,USA,North America,28.5,-98.5,3.2,Low,1,4.8,4.8,5.0
United States of America,USA,North America,29.5,-98.5,3.2,Low,0,0.0,0.0,0.0
United States of America,USA,North America,30.5,-98.5,3.2,Low,0,0.0,0.0,0.0
United States of America,USA,North America,31.5,-98.5,3.2,Low,0,0.0,0.0,0.0
United States of America,USA,North America,32.5,-98.5,3.2,Low,0,0.0,0.0,0.0
United States of America,USA,North America,33.5,-98.5,3.2,Low,0,0.0,0.0,0.0
United States of America,USA,North America,34.5,-98.5,3.2,Low,0,0.0,0.0,0.0
United States of America,USA,North America,35.5,-98.5,3.2,Low,0,0.0,0.0,0.0
United States of America,USA,North America,36.5,-98.5,3.2,Low,4,4.8,5.1,5.9778
United States of America,USA,North America,37.5,-98.5,3.2,Low,0,0.0,0.0,0.0
United States of America,USA,North America,38.5,-98.5,3.2,Low,0,0.0,0.0,0.0
United States of America,USA,North America,39.5,-98.5,3.2,Low,0,0.0,0.0,0.0
United States of America,USA,North America,40.5,-98.5,3.2,Low,0,0.0,0.0,0.0
United States of America,USA,North America,41.5,-98.5,3.2,Low,0,0.0,0.0,0.0
United States of America,USA,North America,42.5,-98.5,3.2,Low,0,0.0,0.0,0.0
United States of America,USA,North America,43.5,-98.5,3.2,Low,0,0.0,0.0,0.0
United States of America,USA,North America,44.5,-98.5,3.2,Low,0,0.0,0.0,0.0
United States of America,USA,North America,45.5,-98.5,3.2,Low,0,0.0,0.0,0.0
United States of America,USA,North America,46.5,-98.5,3.2,Low,0,0.0,0.0,0.0
United States of America,USA,North America,47.5,-98.5,3.2,Low,0,0.0,0.0,0.0
United States of America,USA,North America,48.5,-98.5,3.2,Low,0,0.0,0.0,0.0
Canada,CAN,North America,49.5,-98.5,2.7,Low,0,0.0,0.0,0.0
Canada,CAN,North America,50.5,-98.5,2.7,Low,0,0.0,0.0,0.0
Canada,CAN,North America,51.5,-98.5,2.7,Low,0,0.0,0.0,0.0
Canada,CAN,North America,52.5,-98.5,2.7,Low,0,0.0,0.0,0.0
Canada,CAN,North America,53.5,-98.5,2.7,Low,0,0.0,0.0,0.0
Canada,CAN,North America,54.5,-98.5,2.7,Low,0,0.0,0.0,0.0
Canada,CAN,North America,55.5,-98.5,2.7,Low,0,0.0,0.0,0.0
Canada,CAN,North America,56.5,-98.5,2.7,Low,0,0.0,0.0,0.0
Canada,CAN,North America,57.5,-98.5,2.7,Low,0,0.0,0.0,0.0
Canada,CAN,North America,58.5,-98.5,2.7,Low,0,0.0,0.0,0.0
Canada,CAN,North America,59.5,-98.5,2.7,Low,0,0.0,0.0,0.0
Canada,CAN,North America,60.5,-98.5,2.7,Low,0,0.0,0.0,0.0
Canada,CAN,North America,61.5,-98.5,2.7,Low,0,0.0,0.0,0.0
Canada,CAN,North America,62.5,-98.5,2.7,Low,0,0.0,0.0,0.0
Canada,CAN,North America,63.5,-98.5,2.7,Low,0,0.0,0.0,0.0
Canada,CAN,North America,64.5,-98.5,2.7,Low,0,0.0,0.0,0.0
Canada,CAN,North America,65.5,-98.5,2.7,Low,0,0.0,0.0,0.0
Canada,CAN,North America,66.5,-98.5,2.7,Low,0,0.0,0.0,0.0
Canada,CAN,North America,67.5,-98.5,2.7,Low,0,0.0,0.0,0.0
Canada,CAN,North America,69.5,-98.5,2.7,Low,0,0.0,0.0,0.0
Canada,CAN,North America,71.5,-98.5,2.7,Low,0,0.0,0.0,0.0
Canada,CAN,North America,72.5,-98.5,2.7,Low,0,0.0,0.0,0.0
Canada,CAN,North America,73.5,-98.5,2.7,Low,0,0.0,0.0,0.0
Canada,CAN,North America,75.5,-98.5,2.7,Low,0,0.0,0.0,0.0
Canada,CAN,North America,76.5,-98.5,2.7,Low,0,0.0,0.0,0.0
Canada,CAN,North America,78.5,-98.5,2.7,Low,0,0.0,0.0,0.0
Mexico,MEX,North America,16.5,-97.5,4.8,Medium,55,4.9836,7.2,22.2969
Mexico,MEX,North America,17.5,-97.5,4.8,Medium,5,4.8,5.8,46.476
Mexico,MEX,North America,18.5,-97.5,4.8,Medium,1,4.9,4.9,88.2
Mexico,MEX,North America,19.5,-97.5,4.8,Medium,1,4.7,4.7,10.0
Mexico,MEX,North America,20.5,-97.5,4.8,Medium,0,0.0,0.0,0.0
Mexico,MEX,North America,21.5,-97.5,4.8,Medium,0,0.0,0.0,0.0
Mexico,MEX,North America,25.5,-97.5,4.8,Medium,0,0.0,0.0,0.0
United States of America,USA,North America,26.5,-97.5,3.2,Low,0,0.0,0.0,0.0
United States of America,USA,North America,27.5,-97.5,3.2,Low,0,0.0,0.0,0.0
United States of America,USA,North America,28.5,-97.5,3.2,Low,0,0.0,0.0,0.0
United States of America,USA,North America,29.5,-97.5,3.2,Low,0,0.0,0.0,0.0
United States of America,USA,North America,30.5,-97.5,3.2,Low,0,0.0,0.0,0.0
United States of America,USA,North America,31.5,-97.5,3.2,Low,0,0.0,0.0,0.0
United States of America,USA,North America,32.5,-97.5,3.2,Low,0,0.0,0.0,0.0
United States of America,USA,North America,33.5,-97.5,3.2,Low,0,0.0,0.0,0.0
United States of America,USA,North America,34.5,-97.5,3.2,Low,0,0.0,0.0,0.0
United States of America,USA,North America,35.5,-97.5,3.2,Low,2,4.5,4.5,6.72
United States of America,USA,North America,36.5,-97.5,3.2,Low,3,4.5667,4.6,6.192
United States of America,USA,North America,37.5,-97.5,3.2,Low,1,4.9,4.9,4.03
United States of America,USA,North America,38.5,-97.5,3.2,Low,1,4.5,4.5,5.0
United States of America,USA,North America,39.5,-97.5,3.2,Low,0,0.0,0.0,0.0
United States of America,USA,North America,40.5,-97.5,3.2,Low,0,0.0,0.0,0.0
United States of America,USA,North America,41.5,-97.5,3.2,Low,0,0.0,0.0,0.0
United States of America,USA,North America,42.5,-97.5,3.2,Low,0,0.0,0.0,0.0
United States of America,USA,North America,43.5,-97.5,3.2,Low,0,0.0,0.0,0.0
United States of America,USA,North America,44.5,-97.5,3.2,Low,0,0.0,0.0,0.0
United States of America,USA,North America,45.5,-97.5,3.2,Low,0,0.0,0.0,0.0
United States of America,USA,North America,46.5,-97.5,3.2,Low,0,0.0,0.0,0.0
United States of America,USA,North America,47.5,-97.5,3.2,Low,0,0.0,0.0,0.0
United States of America,USA,North America,48.5,-97.5,3.2,Low,0,0.0,0.0,0.0
Canada,CAN,North America,49.5,-97.5,2.7,Low,0,0.0,0.0,0.0
Canada,CAN,North America,50.5,-97.5,2.7,Low,0,0.0,0.0,0.0
Canada,CAN,North America,51.5,-97.5,2.7,Low,0,0.0,0.0,0.0
Canada,CAN,North America,52.5,-97.5,2.7,Low,0,0.0,0.0,0.0
Canada,CAN,North America,53.5,-97.5,2.7,Low,0,0.0,0.0,0.0
Canada,CAN,North America,54.5,-97.5,2.7,Low,0,0.0,0.0,0.0
Canada,CAN,North America,55.5,-97.5,2.7,Low,0,0.0,0.0,0.0
Canada,CAN,North America,56.5,-97.5,2.7,Low,0,0.0,0.0,0.0
Canada,CAN,North America,57.5,-97.5,2.7,Low,0,0.0,0.0,0.0
Canada,CAN,North America,58.5,-97.5,2.7,Low,0,0.0,0.0,0.0
Canada,CAN,North America,59.5,-97.5,2.7,Low,0,0.0,0.0,0.0
Canada,CAN,North America,60.5,-97.5,2.7,Low,0,0.0,0.0,0.0
Canada,CAN,North America,61.5,-97.5,2.7,Low,0,0.0,0.0,0.0
Canada,CAN,North America,62.5,-97.5,2.7,Low,0,0.0,0.0,0.0
Canada,CAN,North America,63.5,-97.5,2.7,Low,0,0.0,0.0,0.0
Canada,CAN,North America,64.5,-97.5,2.7,Low,0,0.0,0.0,0.0
Canada,CAN,North America,65.5,-97.5,2.7,Low,0,0.0,0.0,0.0
Canada,CAN,North America,66.5,-97.5,2.7,Low,0,0.0,0.0,0.0
Canada,CAN,North America,67.5,-97.5,2.7,Low,0,0.0,0.0,0.0
Canada,CAN,North America,68.5,-97.5,2.7,Low,0,0.0,0.0,0.0
Canada,CAN,North America,69.5,-97.5,2.7,Low,0,0.0,0.0,0.0
Canada,CAN,North America,71.5,-97.5,2.7,Low,0,0.0,0.0,0.0
Canada,CAN,North America,72.5,-97.5,2.7,Low,0,0.0,0.0,0.0
Canada,CAN,North America,73.5,-97.5,2.7,Low,0,0.0,0.0,0.0
Canada,CAN,North America,78.5,-97.5,2.7,Low,0,0.0,0.0,0.0
Mexico,MEX,North America,16.5,-96.5,4.8,Medium,22,4.9682,5.6,41.0357
Mexico,MEX,North America,17.5,-96.5,4.8,Medium,5,4.74,5.0,75.252
Mexico,MEX,North America,18.5,-96.5,4.8,Medium,1,5.0,5.0,70.0
Mexico,MEX,North America,19.5,-96.5,4.8,Medium,1,4.8,4.8,7.75
United States of America,USA,North America,28.5,-96.5,3.2,Low,0,0.0,0.0,0.0
United States of America,USA,North America,29.5,-96.5,3.2,Low,0,0.0,0.0,0.0
United States of America,USA,North America,30.5,-96.5,3.2,Low,0,0.0,0.0,0.0
United States of America,USA,North America,31.5,-96.5,3.2,Low,0,0.0,0.0,0.0
United States of America,USA,North America,32.5,-96.5,3.2,Low,0,0.0,0.0,0.0
United States of America,USA,North America,33.5,-96.5,3.2,Low,0,0.0,0.0,0.0
United States of America,USA,North America,34.5,-96.5,3.2,Low,0,0.0,0.0,0.0
United States of America,USA,North America,35.5,-96.5,3.2,Low,4,5.075,5.7,4.4325
United States of America,USA,North America,36.5,-96.5,3.2,Low,1,5.8,5.8,5.557
United States of America,USA,North America,37.5,-96.5,3.2,Low,0,0.0,0.0,0.0
United States of America,USA,North America,38.5,-96.5,3.2,Low,0,0.0,0.0,0.0
United States of America,USA,North America,39.5,-96.5,3.2,Low,0,0.0,0.0,0.0
United States of America,USA,North America,40.5,-96.5,3.2,Low,0,0.0,0.0,0.0
United States of America,USA,North America,41.5,-96.5,3.2,Low,0,0.0,0.0,0.0
United States of America,USA,North America,42.5,-96.5,3.2,Low,0,0.0,0.0,0.0
United States of America,USA,North America,43.5,-96.5,3.2,Low,0,0.0,0.0,0.0
United States of America,USA,North America,44.5,-96.5,3.2,Low,0,0.0,0.0,0.0
United States of America,USA,North America,45.5,-96.5,3.2,Low,0,0.0,0.0,0.0
United States of America,USA,North America,46.5,-96.5,3.2,Low,0,0.0,0.0,0.0
United States of America,USA,North America,47.5,-96.5,3.2,Low,0,0.0,0.0,0.0
United States of America,USA,North America,48.5,-96.5,3.2,Low,0,0.0,0.0,0.0
Canada,CAN,North America,49.5,-96.5,2.7,Low,0,0.0,0.0,0.0
Canada,CAN,North America,50.5,-96.5,2.7,Low,0,0.0,0.0,0.0
Canada,CAN,North America,51.5,-96.5,2.7,Low,0,0.0,0.0,0.0
Canada,CAN,North America,52.5,-96.5,2.7,Low,0,0.0,0.0,0.0
Canada,CAN,North America,53.5,-96.5,2.7,Low,0,0.0,0.0,0.0
Canada,CAN,North America,54.5,-96.5,2.7,Low,0,0.0,0.0,0.0
Canada,CAN,North America,55.5,-96.5,2.7,Low,0,0.0,0.0,0.0
Canada,CAN,North America,56.5,-96.5,2.7,Low,0,0.0,0.0,0.0
Canada,CAN,North America,57.5,-96.5,2.7,Low,0,0.0,0.0,0.0
Canada,CAN,North America,58.5,-96.5,2.7,Low,0,0.0,0.0,0.0
Canada,CAN,North America,59.5,-96.5,2.7,Low,0,0.0,0.0,0.0
Canada,CAN,North America,60.5,-96.5,2.7,Low,0,0.0,0.0,0.0
Canada,CAN,North America,61.5,-96.5,2.7,Low,0,0.0,0.0,0.0
Canada,CAN,North America,62.5,-96.5,2.7,Low,0,0.0,0.0,0.0
Canada,CAN,North America,63.5,-96.5,2.7,Low,0,0.0,0.0,0.0
Canada,CAN,North America,64.5,-96.5,2.7,Low,0,0.0,0.0,0.0
Canada,CAN,North America,65.5,-96.5,2.7,Low,0,0.0,0.0,0.0
Canada,CAN,North America,66.5,-96.5,2.7,Low,0,0.0,0.0,0.0
Canada,CAN,North America,67.5,-96.5,2.7,Low,0,0.0,0.0,0.0
Canada,CAN,North America,69.5,-96.5,2.7,Low,0,0.0,0.0,0.0
Canada,CAN,North America,78.5,-96.5,2.7,Low,0,0.0,0.0,0.0
Mexico,MEX,North America,16.5,-95.5,4.8,Medium,48,4.8021,6.1,46.5511
Mexico,MEX,North America,17.5,-95.5,4.8,Medium,36,4.8556,6.3,105.4216
Mexico,MEX,North America,18.5,-95.5,4.8,Medium,6,5.2667,5.9,66.7867
United States of America,USA,North America,29.5,-95.5,3.2,Low,0,0.0,0.0,0.0
United States of America,USA,North America,30.5,-95.5,3.2,Low,0,0.0,0.0,0.0
United States of America,USA,North America,31.5,-95.5,3.2,Low,0,0.0,0.0,0.0
United States of America,USA,North America,32.5,-95.5,3.2,Low,0,0.0,0.0,0.0
United States of America,USA,North America,33.5,-95.5,3.2,Low,0,0.0,0.0,0.0
United States of America,USA,North America,34.5,-95.5,3.2,Low,0,0.0,0.0,0.0
United States of America,USA,North America,35.5,-95.5,3.2,Low,0,0.0,0.0,0.0
United States of America,USA,North America,36.5,-95.5,3.2,Low,0,0.0,0.0,0.0
United States of America,USA,North America,37.5,-95.5,3.2,Low,0,0.0,0.0,0.0
United States of America,USA,North America,38.5,-95.5,3.2,Low,0,0.0,0.0,0.0
United States of America,USA,North America,39.5,-95.5,3.2,Low,0,0.0,0.0,0.0
United States of America,USA,North America,40.5,-95.5,3.2,Low,0,0.0,0.0,0.0
United States of America,USA,North America,41.5,-95.5,3.2,Low,0,0.0,0.0,0.0
United States of America,USA,North America,42.5,-95.5,3.2,Low,0,0.0,0.0,0.0
United States of America,USA,North America,43.5,-95.5,3.2,Low,0,0.0,0.0,0.0
United States of America,USA,North America,44.5,-95.5,3.2,Low,0,0.0,0.0,0.0
United States of America,USA,North America,45.5,-95.5,3.2,Low,0,0.0,0.0,0.0
United States of America,USA,North America,46.5,-95.5,3.2,Low,0,0.0,0.0,0.0
United States of America,USA,North America,47.5,-95.5,3.2,Low,0,0.0,0.0,0.0
United States of America,USA,North America,48.5,-95.5,3.2,Low,0,0.0,0.0,0.0
Canada,CAN,North America,49.5,-95.5,2.7,Low,0,0.0,0.0,0.0
Canada,CAN,North America,50.5,-95.5,2.7,Low,0,0.0,0.0,0.0
Canada,CAN,North America,51.5,-95.5,2.7,Low,0,0.0,0.0,0.0
Canada,CAN,North America,52.5,-95.5,2.7,Low,0,0.0,0.0,0.0
Canada,CAN,North America,53.5,-95.5,2.7,Low,0,0.0,0.0,0.0
Canada,CAN,North America,54.5,-95.5,2.7,Low,0,0.0,0.0,0.0
Canada,CAN,North America,55.5,-95.5,2.7,Low,0,0.0,0.0,0.0
Canada,CAN,North America,56.5,-95.5,2.7,Low,0,0.0,0.0,0.0
Canada,CAN,North America,57.5,-95.5,2.7,Low,0,0.0,0.0,0.0
Canada,CAN,North America,58.5,-95.5,2.7,Low,0,0.0,0.0,0.0
Canada,CAN,North America,59.5,-95.5,2.7,Low,0,0.0,0.0,0.0
Canada,CAN,North America,60.5,-95.5,2.7,Low,0,0.0,0.0,0.0
Canada,CAN,North America,61.5,-95.5,2.7,Low,0,0.0,0.0,0.0
Canada,CAN,North America,62.5,-95.5,2.7,Low,0,0.0,0.0,0.0
Canada,CAN,North America,63.5,-95.5,2.7,Low,0,0.0,0.0,0.0
Canada,CAN,North America,64.5,-95.5,2.7,Low,0,0.0,0.0,0.0
Canada,CAN,North America,65.5,-95.5,2.7,Low,0,0.0,0.0,0.0
Canada,CAN,North America,66.5,-95.5,2.7,Low,0,0.0,0.0,0.0
Canada,CAN,North America,67.5,-95.5,2.7,Low,0,0.0,0.0,0.0
Canada,CAN,North America,70.5,-95.5,2.7,Low,1,4.5,4.5,18.0
Canada,CAN,North America,71.5,-95.5,2.7,Low,0,0.0,0.0,0.0
Canada,CAN,North America,72.5,-95.5,2.7,Low,0,0.0,0.0,0.0
Canada,CAN,North America,73.5,-95.5,2.7,Low,1,4.9,4.9,10.0
Canada,CAN,North America,75.5,-95.5,2.7,Low,0,0.0,0.0,0.0
Canada,CAN,North America,76.5,-95.5,2.7,Low,0,0.0,0.0,0.0
Canada,CAN,North America,80.5,-95.5,2.7,Low,0,0.0,0.0,0.0
Mexico,MEX,North America,16.5,-94.5,4.8,Medium,47,4.8532,6.5,84.2403
Mexico,MEX,North America,17.5,-94.5,4.8,Medium,51,4.802,6.6,143.2509
United States of America,USA,North America,30.5,-94.5,3.2,Low,0,0.0,0.0,0.0
United States of America,USA,North America,31.5,-94.5,3.2,Low,1,4.8,4.8,5.0
United States of America,USA,North America,32.5,-94.5,3.2,Low,0,0.0,0.0,0.0
United States of America,USA,North America,33.5,-94.5,3.2,Low,0,0.0,0.0,0.0
United States of America,USA,North America,34.5,-94.5,3.2,Low,0,0.0,0.0,0.0
United States of America,USA,North America,35.5,-94.5,3.2,Low,0,0.0,0.0,0.0
United States of America,USA,North America,36.5,-94.5,3.2,Low,0,0.0,0.0,0.0
United States of America,USA,North America,37.5,-94.5,3.2,Low,0,0.0,0.0,0.0
United States of America,USA,North America,38.5,-94.5,3.2,Low,0,0.0,0.0,0.0
United States of America,USA,North America,39.5,-94.5,3.2,Low,0,0.0,0.0,0.0
United States of America,USA,North America,40.5,-94.5,3.2,Low,0,0.0,0.0,0.0
United States of America,USA,North America,41.5,-94.5,3.2,Low,0,0.0,0.0,0.0
United States of America,USA,North America,42.5,-94.5,3.2,Low,0,0.0,0.0,0.0
United States of America,USA,North America,43.5,-94.5,3.2,Low,0,0.0,0.0,0.0
United States of America,USA,North America,44.5,-94.5,3.2,Low,0,0.0,0.0,0.0
United States of America,USA,North America,45.5,-94.5,3.2,Low,0,0.0,0.0,0.0
United States of America,USA,North America,46.5,-94.5,3.2,Low,0,0.0,0.0,0.0
United States of America,USA,North America,47.5,-94.5,3.2,Low,0,0.0,0.0,0.0
United States of America,USA,North America,48.5,-94.5,3.2,Low,0,0.0,0.0,0.0
Canada,CAN,North America,49.5,-94.5,2.7,Low,0,0.0,0.0,0.0
Canada,CAN,North America,50.5,-94.5,2.7,Low,0,0.0,0.0,0.0
Canada,CAN,North America,51.5,-94.5,2.7,Low,0,0.0,0.0,0.0
Canada,CAN,North America,52.5,-94.5,2.7,Low,0,0.0,0.0,0.0
Canada,CAN,North America,53.5,-94.5,2.7,Low,0,0.0,0.0,0.0
Canada,CAN,North America,54.5,-94.5,2.7,Low,0,0.0,0.0,0.0
Canada,CAN,North America,55.5,-94.5,2.7,Low,0,0.0,0.0,0.0
Canada,CAN,North America,56.5,-94.5,2.7,Low,0,0.0,0.0,0.0
Canada,CAN,North America,57.5,-94.5,2.7,Low,0,0.0,0.0,0.0
Canada,CAN,North America,58.5,-94.5,2.7,Low,0,0.0,0.0,0.0
Canada,CAN,North America,60.5,-94.5,2.7,Low,0,0.0,0.0,0.0
Canada,CAN,North America,61.5,-94.5,2.7,Low,0,0.0,0.0,0.0
Canada,CAN,North America,62.5,-94.5,2.7,Low,0,0.0,0.0,0.0
Canada,CAN,North America,63.5,-94.5,2.7,Low,0,0.0,0.0,0.0
Canada,CAN,North America,64.5,-94.5,2.7,Low,0,0.0,0.0,0.0
Canada,CAN,North America,65.5,-94.5,2.7,Low,0,0.0,0.0,0.0
Canada,CAN,North America,66.5,-94.5,2.7,Low,0,0.0,0.0,0.0
Canada,CAN,North America,67.5,-94.5,2.7,Low,0,0.0,0.0,0.0
Canada,CAN,North America,69.5,-94.5,2.7,Low,0,0.0,0.0,0.0
Canada,CAN,North America,70.5,-94.5,2.7,Low,0,0.0,0.0,0.0
Canada,CAN,North America,71.5,-94.5,2.7,Low,0,0.0,0.0,0.0
Canada,CAN,North America,72.5,-94.5,2.7,Low,0,0.0,0.0,0.0
Canada,CAN,North America,73.5,-94.5,2.7,Low,0,0.0,0.0,0.0
Canada,CAN,North America,75.5,-94.5,2.7,Low,0,0.0,0.0,0.0
Canada,CAN,North America,76.5,-94.5,2.7,Low,0,0.0,0.0,0.0
Canada,CAN,North America,77.5,-94.5,2.7,Low,0,0.0,0.0,0.0
Canada,CAN,North America,79.5,-94.5,2.7,Low,0,0.0,0.0,0.0
Canada,CAN,North America,80.5,-94.5,2.7,Low,0,0.0,0.0,0.0
Mexico,MEX,North America,16.5,-93.5,4.8,Medium,35,4.84,6.1,136.9598
Mexico,MEX,North America,17.5,-93.5,4.8,Medium,9,4.8111,5.4,169.62
United States of America,USA,North America,30.5,-93.5,3.2,Low,0,0.0,0.0,0.0
United States of America,USA,North America,31.5,-93.5,3.2,Low,0,0.0,0.0,0.0
United States of America,USA,North America,32.5,-93.5,3.2,Low,0,0.0,0.0,0.0
United States of America,USA,North America,33.5,-93.5,3.2,Low,0,0.0,0.0,0.0
United States of America,USA,North America,34.5,-93.5,3.2,Low,0,0.0,0.0,0.0
United States of America,USA,North America,35.5,-93.5,3.2,Low,0,0.0,0.0,0.0
United States of America,USA,North America,36.5,-93.5,3.2,Low,0,0.0,0.0,0.0
United States of America,USA,North America,37.5,-93.5,3.2,Low,0,0.0,0.0,0.0
United States of America,USA,North America,38.5,-93.5,3.2,Low,0,0.0,0.0,0.0
United States of America,USA,North America,39.5,-93.5,3.2,Low,0,0.0,0.0,0.0
United States of America,USA,North America,40.5,-93.5,3.2,Low,0,0.0,0.0,0.0
United States of America,USA,North America,41.5,-93.5,3.2,Low,0,0.0,0.0,0.0
United States of America,USA,North America,42.5,-93.5,3.2,Low,0,0.0,0.0,0.0
United States of America,USA,North America,43.5,-93.5,3.2,Low,0,0.0,0.0,0.0
United States of America,USA,North America,44.5,-93.5,3.2,Low,0,0.0,0.0,0.0
United States of America,USA,North America,45.5,-93.5,3.2,Low,0,0.0,0.0,0.0
United States of America,USA,North America,46.5,-93.5,3.2,Low,0,0.0,0.0,0.0
United States of America,USA,North America,47.5,-93.5,3.2,Low,0,0.0,0.0,0.0
United States of America,USA,North America,48.5,-93.5,3.2,Low,0,0.0,0.0,0.0
Canada,CAN,North America,49.5,-93.5,2.7,Low,0,0.0,0.0,0.0
Canada,CAN,North America,50.5,-93.5,2.7,Low,0,0.0,0.0,0.0
Canada,CAN,North America,51.5,-93.5,2.7,Low,0,0.0,0.0,0.0
Canada,CAN,North America,52.5,-93.5,2.7,Low,0,0.0,0.0,0.0
Canada,CAN,North America,53.5,-93.5,2.7,Low,0,0.0,0.0,0.0
Canada,CAN,North America,54.5,-93.5,2.7,Low,0,0.0,0.0,0.0
Canada,CAN,North America,55.5,-93.5,2.7,Low,0,0.0,0.0,0.0
Canada,CAN,North America,56.5,-93.5,2.7,Low,0,0.0,0.0,0.0
Canada,CAN,North America,57.5,-93.5,2.7,Low,0,0.0,0.0,0.0
Canada,CAN,North America,58.5,-93.5,2.7,Low,0,0.0,0.0,0.0
Canada,CAN,North America,62.5,-93.5,2.7,Low,0,0.0,0.0,0.0
Canada,CAN,North America,63.5,-93.5,2.7,Low,0,0.0,0.0,0.0
Canada,CAN,North America,64.5,-93.5,2.7,Low,0,0.0,0.0,0.0
Canada,CAN,North America,65.5,-93.5,2.7,Low,0,0.0,0.0,0.0
Canada,CAN,North America,66.5,-93.5,2.7,Low,0,0.0,0.0,0.0
Canada,CAN,North America,67.5,-93.5,2.7,Low,0,0.0,0.0,0.0
Canada,CAN,North America,68.5,-93.5,2.7,Low,0,0.0,0.0,0.0
Canada,CAN,North America,69.5,-93.5,2.7,Low,0,0.0,0.0,0.0
Canada,CAN,North America,70.5,-93.5,2.7,Low,0,0.0,0.0,0.0
Canada,CAN,North America,71.5,-93.5,2.7,Low,0,0.0,0.0,0.0
Canada,CAN,North America,73.5,-93.5,2.7,Low,0,0.0,0.0,0.0
Canada,CAN,North America,76.5,-93.5,2.7,Low,0,0.0,0.0,0.0
Canada,CAN,North America,79.5,-93.5,2.7,Low,0,0.0,0.0,0.0
Canada,CAN,North America,80.5,-93.5,2.7,Low,0,0.0,0.0,0.0
Mexico,MEX,North America,15.5,-92.5,4.8,Medium,58,4.8259,6.0,145.118
Mexico,MEX,North America,16.5,-92.5,4.8,Medium,12,4.875,5.8,189.3842
Mexico,MEX,North America,17.5,-92.5,4.8,Medium,2,4.55,4.6,9.55
Mexico,MEX,North America,18.5,-92.5,4.8,Medium,0,0.0,0.0,0.0
United States of America,USA,North America,30.5,-92.5,3.2,Low,0,0.0,0.0,0.0
United States of America,USA,North America,31.5,-92.5,3.2,Low,0,0.0,0.0,0.0
United States of America,USA,North America,32.5,-92.5,3.2,Low,0,0.0,0.0,0.0
United States of America,USA,North America,33.5,-92.5,3.2,Low,0,0.0,0.0,0.0
United States of America,USA,North America,34.5,-92.5,3.2,Low,0,0.0,0.0,0.0
United States of America,USA,North America,35.5,-92.5,3.2,Low,1,4.7,4.7,3.16
United States of America,USA,North America,36.5,-92.5,3.2,Low,0,0.0,0.0,0.0
United States of America,USA,North America,37.5,-92.5,3.2,Low,0,0.0,0.0,0.0
United States of America,USA,North America,38.5,-92.5,3.2,Low,0,0.0,0.0,0.0
United States of America,USA,North America,39.5,-92.5,3.2,Low,0,0.0,0.0,0.0
United States of America,USA,North America,40.5,-92.5,3.2,Low,0,0.0,0.0,0.0
United States of America,USA,North America,41.5,-92.5,3.2,Low,0,0.0,0.0,0.0
United States of America,USA,North America,42.5,-92.5,3.2,Low,0,0.0,0.0,0.0
United States of America,USA,North America,43.5,-92.5,3.2,Low,0,0.0,0.0,0.0
United States of America,USA,North America,44.5,-92.5,3.2,Low,0,0.0,0.0,0.0
United States of America,USA,North America,45.5,-92.5,3.2,Low,0,0.0,0.0,0.0
United States of America,USA,North America,46.5,-92.5,3.2,Low,0,0.0,0.0,0.0
United States of America,USA,North America,47.5,-92.5,3.2,Low,0,0.0,0.0,0.0
Canada,CAN,North America,48.5,-92.5,2.7,Low,0,0.0,0.0,0.0
Canada,CAN,North America,49.5,-92.5,2.7,Low,0,0.0,0.0,0.0
Canada,CAN,North America,50.5,-92.5,2.7,Low,0,0.0,0.0,0.0
Canada,CAN,North America,51.5,-92.5,2.7,Low,0,0.0,0.0,0.0
Canada,CAN,North America,52.5,-92.5,2.7,Low,0,0.0,0.0,0.0
Canada,CAN,North America,53.5,-92.5,2.7,Low,0,0.0,0.0,0.0
Canada,CAN,North America,54.5,-92.5,2.7,Low,0,0.0,0.0,0.0
Canada,CAN,North America,55.5,-92.5,2.7,Low,0,0.0,0.0,0.0
Canada,CAN,North America,56.5,-92.5,2.7,Low,0,0.0,0.0,0.0
Canada,CAN,North America,62.5,-92.5,2.7,Low,0,0.0,0.0,0.0
Canada,CAN,North America,63.5,-92.5,2.7,Low,0,0.0,0.0,0.0
Canada,CAN,North America,64.5,-92.5,2.7,Low,0,0.0,0.0,0.0
Canada,CAN,North America,65.5,-92.5,2.7,Low,0,0.0,0.0,0.0
Canada,CAN,North America,66.5,-92.5,2.7,Low,0,0.0,0.0,0.0
Canada,CAN,North America,67.5,-92.5,2.7,Low,0,0.0,0.0,0.0
Canada,CAN,North America,68.5,-92.5,2.7,Low,0,0.0,0.0,0.0
Canada,CAN,North America,69.5,-92.5,2.7,Low,0,0.0,0.0,0.0
Canada,CAN,North America,70.5,-92.5,2.7,Low,0,0.0,0.0,0.0
Canada,CAN,North America,73.5,-92.5,2.7,Low,0,0.0,0.0,0.0
Canada,CAN,North America,75.5,-92.5,2.7,Low,0,0.0,0.0,0.0
Canada,CAN,North America,76.5,-92.5,2.7,Low,0,0.0,0.0,0.0
Canada,CAN,North America,78.5,-92.5,2.7,Low,0,0.0,0.0,0.0
Canada,CAN,North America,79.5,-92.5,2.7,Low,0,0.0,0.0,0.0
Canada,CAN,North America,80.5,-92.5,2.7,Low,0,0.0,0.0,0.0
Guatemala,GTM,North America,14.5,-91.5,5.2,High,138,4.8877,6.3,85.0456
Guatemala,GTM,North America,15.5,-91.5,5.2,High,43,4.7698,6.1,139.4688
Mexico,MEX,North America,16.5,-91.5,4.8,Medium,7,4.6857,5.2,23.5
Mexico,MEX,North America,17.5,-91.5,4.8,Medium,2,4.6,4.6,9.15
Mexico,MEX,North America,18.5,-91.5,4.8,Medium,0,0.0,0.0,0.0
United States of America,USA,North America,30.5,-91.5,3.2,Low,0,0.0,0.0,0.0
United States of America,USA,North America,31.5,-91.5,3.2,Low,0,0.0,0.0,0.0
United States of America,USA,North America,32.5,-91.5,3.2,Low,0,0.0,0.0,0.0
United States of America,USA,North America,33.5,-91.5,3.2,Low,0,0.0,0.0,0.0
United States of America,USA,North America,34.5,-91.5,3.2,Low,0,0.0,0.0,0.0
United States of America,USA,North America,35.5,-91.5,3.2,Low,0,0.0,0.0,0.0
United States of America,USA,North America,36.5,-91.5,3.2,Low,0,0.0,0.0,0.0
United States of America,USA,North America,37.5,-91.5,3.2,Low,0,0.0,0.0,0.0
United States of America,USA,North America,38.5,-91.5,3.2,Low,0,0.0,0.0,0.0
United States of America,USA,North America,39.5,-91.5,3.2,Low,0,0.0,0.0,0.0
United States of America,USA,North America,40.5,-91.5,3.2,Low,0,0.0,0.0,0.0
United States of America,USA,North America,41.5,-91.5,3.2,Low,0,0.0,0.0,0.0
United States of America,USA,North America,42.5,-91.5,3.2,Low,0,0.0,0.0,0.0
United States of America,USA,North America,43.5,-91.5,3.2,Low,0,0.0,0.0,0.0
United States of America,USA,North America,44.5,-91.5,3.2,Low,0,0.0,0.0,0.0
United States of America,USA,North America,45.5,-91.5,3.2,Low,0,0.0,0.0,0.0
United States of America,USA,North America,46.5,-91.5,3.2,Low,0,0.0,0.0,0.0
United States of America,USA,North America,47.5,-91.5,3.2,Low,0,0.0,0.0,0.0
Canada,CAN,North America,48.5,-91.5,2.7,Low,0,0.0,0.0,0.0
Canada,CAN,North America,49.5,-91.5,2.7,Low,0,0.0,0.0,0.0
Canada,CAN,North America,50.5,-91.5,2.7,Low,0,0.0,0.0,0.0
Canada,CAN,North America,51.5,-91.5,2.7,Low,0,0.0,0.0,0.0
Canada,CAN,North America,52.5,-91.5,2.7,Low,0,0.0,0.0,0.0
Canada,CAN,North America,53.5,-91.5,2.7,Low,0,0.0,0.0,0.0
Canada,CAN,North America,54.5,-91.5,2.7,Low,0,0.0,0.0,0.0
Canada,CAN,North America,55.5,-91.5,2.7,Low,0,0.0,0.0,0.0
Canada,CAN,North America,56.5,-91.5,2.7,Low,0,0.0,0.0,0.0
Canada,CAN,North America,63.5,-91.5,2.7,Low,0,0.0,0.0,0.0
Canada,CAN,North America,64.5,-91.5,2.7,Low,0,0.0,0.0,0.0
Canada,CAN,North America,65.5,-91.5,2.7,Low,0,0.0,0.0,0.0
Canada,CAN,North America,66.5,-91.5,2.7,Low,0,0.0,0.0,0.0
Canada,CAN,North America,67.5,-91.5,2.7,Low,0,0.0,0.0,0.0
Canada,CAN,North America,68.5,-91.5,2.7,Low,0,0.0,0.0,0.0
Canada,CAN,North America,69.5,-91.5,2.7,Low,0,0.0,0.0,0.0
Canada,CAN,North America,73.5,-91.5,2.7,Low,0,0.0,0.0,0.0
Canada,CAN,North America,75.5,-91.5,2.7,Low,0,0.0,0.0,0.0
Canada,CAN,North America,76.5,-91.5,2.7,Low,0,0.0,0.0,0.0
Canada,CAN,North America,78.5,-91.5,2.7,Low,0,0.0,0.0,0.0
Canada,CAN,North America,79.5,-91.5,2.7,Low,0,0.0,0.0,0.0
Canada,CAN,North America,80.5,-91.5,2.7,Low,0,0.0,0.0,0.0
Guatemala,GTM,North America,14.5,-90.5,5.2,High,71,4.8704,6.2,129.4265
Guatemala,GTM,North America,15.5,-90.5,5.2,High,8,4.9375,6.4,56.7562
Guatemala,GTM,North America,16.5,-90.5,5.2,High,1,4.8,4.8,25.0
Guatemala,GTM,North America,17.5,-90.5,5.2,High,0,0.0,0.0,0.0
Mexico,MEX,North America,18.5,-90.5,4.8,Medium,0,0.0,0.0,0.0
Mexico,MEX,North America,19.5,-90.5,4.8,Medium,0,0.0,0.0,0.0
United States of America,USA,North America,29.5,-90.5,3.2,Low,0,0.0,0.0,0.0
United States of America,USA,North America,30.5,-90.5,3.2,Low,0,0.0,0.0,0.0
United States of America,USA,North America,31.5,-90.5,3.2,Low,0,0.0,0.0,0.0
United States of America,USA,North America,32.5,-90.5,3.2,Low,0,0.0,0.0,0.0
United States of America,USA,North America,33.5,-90.5,3.2,Low,0,0.0,0.0,0.0
United States of America,USA,North America,34.5,-90.5,3.2,Low,0,0.0,0.0,0.0
United States of America,USA,North America,35.5,-90.5,3.2,Low,0,0.0,0.0,0.0
United States of America,USA,North America,36.5,-90.5,3.2,Low,0,0.0,0.0,0.0
United States of America,USA,North America,37.5,-90.5,3.2,Low,0,0.0,0.0,0.0
United States of America,USA,North America,38.5,-90.5,3.2,Low,0,0.0,0.0,0.0
United States of America,USA,North America,39.5,-90.5,3.2,Low,0,0.0,0.0,0.0
United States of America,USA,North America,40.5,-90.5,3.2,Low,0,0.0,0.0,0.0
United States of America,USA,North America,41.5,-90.5,3.2,Low,0,0.0,0.0,0.0
United States of America,USA,North America,42.5,-90.5,3.2,Low,0,0.0,0.0,0.0
United States of America,USA,North America,43.5,-90.5,3.2,Low,0,0.0,0.0,0.0
United States of America,USA,North America,44.5,-90.5,3.2,Low,0,0.0,0.0,0.0
United States of America,USA,North America,45.5,-90.5,3.2,Low,0,0.0,0.0,0.0
United States of America,USA,North America,46.5,-90.5,3.2,Low,0,0.0,0.0,0.0
United States of America,USA,North America,47.5,-90.5,3.2,Low,0,0.0,0.0,0.0
Canada,CAN,North America,48.5,-90.5,2.7,Low,0,0.0,0.0,0.0
Canada,CAN,North America,49.5,-90.5,2.7,Low,0,0.0,0.0,0.0
Canada,CAN,North America,50.5,-90.5,2.7,Low,0,0.0,0.0,0.0
Canada,CAN,North America,51.5,-90.5,2.7,Low,0,0.0,0.0,0.0
Canada,CAN,North America,52.5,-90.5,2.7,Low,0,0.0,0.0,0.0
Canada,CAN,North America,53.5,-90.5,2.7,Low,0,0.0,0.0,0.0
Canada,CAN,North America,54.5,-90.5,2.7,Low,0,0.0,0.0,0.0
Canada,CAN,North America,55.5,-90.5,2.7,Low,0,0.0,0.0,0.0
Canada,CAN,North America,56.5,-90.5,2.7,Low,0,0.0,0.0,0.0
Canada,CAN,North America,64.5,-90.5,2.7,Low,0,0.0,0.0,0.0
Canada,CAN,North America,65.5,-90.5,2.7,Low,0,0.0,0.0,0.0
Canada,CAN,North America,66.5,-90.5,2.7,Low,0,0.0,0.0,0.0
Canada,CAN,North America,67.5,-90.5,2.7,Low,0,0.0,0.0,0.0
Canada,CAN,North America,68.5,-90.5,2.7,Low,0,0.0,0.0,0.0
Canada,CAN,North America,75.5,-90.5,2.7,Low,0,0.0,0.0,0.0
Canada,CAN,North America,78.5,-90.5,2.7,Low,0,0.0,0.0,0.0
Canada,CAN,North America,79.5,-90.5,2.7,Low,0,0.0,0.0,0.0
Canada,CAN,North America,80.5,-90.5,2.7,Low,0,0.0,0.0,0.0
Canada,CAN,North America,81.5,-90.5,2.7,Low,0,0.0,0.0,0.0
El Salvador,SLV,North America,13.5,-89.5,4.0,Medium,112,4.7804,6.6,68.8629
Guatemala,GTM,North America,14.5,-89.5,5.2,High,20,4.755,5.3,137.1547
Guatemala,GTM,North America,15.5,-89.5,5.2,High,1,5.2,5.2,10.0
Guatemala,GTM,North America,16.5,-89.5,5.2,High,1,4.5,4.5,10.0
Guatemala,GTM,North America,17.5,-89.5,5.2,High,0,0.0,0.0,0.0
Mexico,MEX,North America,18.5,-89.5,4.8,Medium,0,0.0,0.0,0.0
Mexico,MEX,North America,19.5,-89.5,4.8,Medium,0,0.0,0.0,0.0
Mexico,MEX,North America,20.5,-89.5,4.8,Medium,0,0.0,0.0,0.0
United States of America,USA,North America,29.5,-89.5,3.2,Low,0,0.0,0.0,0.0
United States of America,USA,North America,30.5,-89.5,3.2,Low,0,0.0,0.0,0.0
United States of America,USA,North America,31.5,-89.5,3.2,Low,0,0.0,0.0,0.0
United States of America,USA,North America,32.5,-89.5,3.2,Low,0,0.0,0.0,0.0
United States of America,USA,North America,33.5,-89.5,3.2,Low,0,0.0,0.0,0.0
United States of America,USA,North America,34.5,-89.5,3.2,Low,0,0.0,0.0,0.0
United States of America,USA,North America,35.5,-89.5,3.2,Low,0,0.0,0.0,0.0
United States of America,USA,North America,36.5,-89.5,3.2,Low,0,0.0,0.0,0.0
United States of America,USA,North America,37.5,-89.5,3.2,Low,0,0.0,0.0,0.0
United States of America,USA,North America,38.5,-89.5,3.2,Low,0,0.0,0.0,0.0
United States of America,USA,North America,39.5,-89.5,3.2,Low,0,0.0,0.0,0.0
United States of America,USA,North America,40.5,-89.5,3.2,Low,0,0.0,0.0,0.0
United States of America,USA,North America,41.5,-89.5,3.2,Low,0,0.0,0.0,0.0
United States of America,USA,North America,42.5,-89.5,3.2,Low,0,0.0,0.0,0.0
United States of America,USA,North America,43.5,-89.5,3.2,Low,0,0.0,0.0,0.0
United States of America,USA,North America,44.5,-89.5,3.2,Low,0,0.0,0.0,0.0
United States of America,USA,North America,45.5,-89.5,3.2,Low,0,0.0,0.0,0.0
United States of America,USA,North America,46.5,-89.5,3.2,Low,0,0.0,0.0,0.0
United States of America,USA,North America,47.5,-89.5,3.2,Low,0,0.0,0.0,0.0
Canada,CAN,North America,48.5,-89.5,2.7,Low,0,0.0,0.0,0.0
Canada,CAN,North America,49.5,-89.5,2.7,Low,0,0.0,0.0,0.0
Canada,CAN,North America,50.5,-89.5,2.7,Low,0,0.0,0.0,0.0
Canada,CAN,North America,51.5,-89.5,2.7,Low,0,0.0,0.0,0.0
Canada,CAN,North America,52.5,-89.5,2.7,Low,0,0.0,0.0,0.0
Canada,CAN,North America,53.5,-89.5,2.7,Low,0,0.0,0.0,0.0
Canada,CAN,North America,54.5,-89.5,2.7,Low,0,0.0,0.0,0.0
Canada,CAN,North America,55.5,-89.5,2.7,Low,0,0.0,0.0,0.0
Canada,CAN,North America,56.5,-89.5,2.7,Low,0,0.0,0.0,0.0
Canada,CAN,North America,64.5,-89.5,2.7,Low,0,0.0,0.0,0.0
Canada,CAN,North America,65.5,-89.5,2.7,Low,0,0.0,0.0,0.0
Canada,CAN,North America,66.5,-89.5,2.7,Low,0,0.0,0.0,0.0
Canada,CAN,North America,67.5,-89.5,2.7,Low,0,0.0,0.0,0.0
Canada,CAN,North America,68.5,-89.5,2.7,Low,0,0.0,0.0,0.0
Canada,CAN,North America,71.5,-89.5,2.7,Low,0,0.0,0.0,0.0
Canada,CAN,North America,72.5,-89.5,2.7,Low,0,0.0,0.0,0.0
Canada,CAN,North America,74.5,-89.5,2.7,Low,0,0.0,0.0,0.0
Canada,CAN,North America,75.5,-89.5,2.7,Low,0,0.0,0.0,0.0
Canada,CAN,North America,78.5,-89.5,2.7,Low,0,0.0,0.0,0.0
Canada,CAN,North America,79.5,-89.5,2.7,Low,0,0.0,0.0,0.0
Canada,CAN,North America,80.5,-89.5,2.7,Low,0,0.0,0.0,0.0
Canada,CAN,North America,81.5,-89.5,2.7,Low,0,0.0,0.0,0.0
El Salvador,SLV,North America,13.5,-88.5,4.0,Medium,94,4.8926,7.7,79.7074
Honduras,HND,North America,14.5,-88.5,5.5,High,0,0.0,0.0,0.0
Guatemala,GTM,North America,15.5,-88.5,5.2,High,5,4.92,5.2,15.556
Belize,BLZ,North America,16.5,-88.5,3.1,Low,0,0.0,0.0,0.0
Belize,BLZ,North America,17.5,-88.5,3.1,Low,0,0.0,0.0,0.0
Mexico,MEX,North America,18.5,-88.5,4.8,Medium,0,0.0,0.0,0.0
Mexico,MEX,North America,19.5,-88.5,4.8,Medium,0,0.0,0.0,0.0
Mexico,MEX,North America,20.5,-88.5,4.8,Medium,0,0.0,0.0,0.0
United States of America,USA,North America,30.5,-88.5,3.2,Low,0,0.0,0.0,0.0
United States of America,USA,North America,31.5,-88.5,3.2,Low,0,0.0,0.0,0.0
United States of America,USA,North America,32.5,-88.5,3.2,Low,0,0.0,0.0,0.0
United States of America,USA,North America,33.5,-88.5,3.2,Low,0,0.0,0.0,0.0
United States of America,USA,North America,34.5,-88.5,3.2,Low,0,0.0,0.0,0.0
United States of America,USA,North America,35.5,-88.5,3.2,Low,0,0.0,0.0,0.0
United States of America,USA,North America,36.5,-88.5,3.2,Low,0,0.0,0.0,0.0
United States of America,USA,North America,37.5,-88.5,3.2,Low,0,0.0,0.0,0.0
United States of America,USA,North America,38.5,-88.5,3.2,Low,0,0.0,0.0,0.0
United States of America,USA,North America,39.5,-88.5,3.2,Low,0,0.0,0.0,0.0
United States of America,USA,North America,40.5,-88.5,3.2,Low,0,0.0,0.0,0.0
United States of America,USA,North America,41.5,-88.5,3.2,Low,0,0.0,0.0,0.0
United States of America,USA,North America,42.5,-88.5,3.2,Low,0,0.0,0.0,0.0
United States of America,USA,North America,43.5,-88.5,3.2,Low,0,0.0,0.0,0.0
United States of America,USA,North America,44.5,-88.5,3.2,Low,0,0.0,0.0,0.0
United States of America,USA,North America,45.5,-88.5,3.2,Low,0,0.0,0.0,0.0
United States of America,USA,North America,46.5,-88.5,3.2,Low,0,0.0,0.0,0.0
United States of America,USA,North America,47.5,-88.5,3.2,Low,0,0.0,0.0,0.0
Canada,CAN,North America,48.5,-88.5,2.7,Low,0,0.0,0.0,0.0
Canada,CAN,North America,49.5,-88.5,2.7,Low,0,0.0,0.0,0.0
Canada,CAN,North America,50.5,-88.5,2.7,Low,0,0.0,0.0,0.0
Canada,CAN,North America,51.5,-88.5,2.7,Low,0,0.0,0.0,0.0
Canada,CAN,North America,52.5,-88.5,2.7,Low,0,0.0,0.0,0.0
Canada,CAN,North America,53.5,-88.5,2.7,Low,0,0.0,0.0,0.0
Canada,CAN,North America,54.5,-88.5,2.7,Low,0,0.0,0.0,0.0
Canada,CAN,North America,55.5,-88.5,2.7,Low,0,0.0,0.0,0.0
Canada,CAN,North America,56.5,-88.5,2.7,Low,0,0.0,0.0,0.0
Canada,CAN,North America,64.5,-88.5,2.7,Low,0,0.0,0.0,0.0
Canada,CAN,North America,65.5,-88.5,2.7,Low,0,0.0,0.0,0.0
Canada,CAN,North America,66.5,-88.5,2.7,Low,0,0.0,0.0,0.0
Canada,CAN,North America,67.5,-88.5,2.7,Low,0,0.0,0.0,0.0
Canada,CAN,North America,68.5,-88.5,2.7,Low,0,0.0,0.0,0.0
Canada,CAN,North America,70.5,-88.5,2.7,Low,0,0.0,0.0,0.0
Canada,CAN,North America,71.5,-88.5,2.7,Low,0,0.0,0.0,0.0
Canada,CAN,North America,72.5,-88.5,2.7,Low,0,0.0,0.0,0.0
Canada,CAN,North America,73.5,-88.5,2.7,Low,0,0.0,0.0,0.0
Canada,CAN,North America,74.5,-88.5,2.7,Low,0,0.0,0.0,0.0
Canada,CAN,North America,75.5,-88.5,2.7,Low,0,0.0,0.0,0.0
Canada,CAN,North America,76.5,-88.5,2.7,Low,0,0.0,0.0,0.0
Canada,CAN,North America,79.5,-88.5,2.7,Low,0,0.0,0.0,0.0
Canada,CAN,North America,81.5,-88.5,2.7,Low,0,0.0,0.0,0.0
Honduras,HND,North America,13.5,-87.5,5.5,High,22,4.8273,5.6,87.1559
Honduras,HND,North America,14.5,-87.5,5.5,High,4,4.8,5.3,19.775
Honduras,HND,North America,15.5,-87.5,5.5,High,9,4.7222,5.4,15.78
Mexico,MEX,North America,19.5,-87.5,4.8,Medium,0,0.0,0.0,0.0
Mexico,MEX,North America,20.5,-87.5,4.8,Medium,0,0.0,0.0,0.0
United States of America,USA,North America,30.5,-87.5,3.2,Low,0,0.0,0.0,0.0
United States of America,USA,North America,31.5,-87.5,3.2,Low,0,0.0,0.0,0.0
United States of America,USA,North America,32.5,-87.5,3.2,Low,0,0.0,0.0,0.0
United States of America,USA,North America,33.5,-87.5,3.2,Low,0,0.0,0.0,0.0
United States of America,USA,North America,34.5,-87.5,3.2,Low,0,0.0,0.0,0.0
United States of America,USA,North America,35.5,-87.5,3.2,Low,0,0.0,0.0,0.0
United States of America,USA,North America,36.5,-87.5,3.2,Low,0,0.0,0.0,0.0
United States of America,USA,North America,37.5,-87.5,3.2,Low,0,0.0,0.0,0.0
United States of America,USA,North America,38.5,-87.5,3.2,Low,3,4.8333,5.2,15.2533
United States of America,USA,North America,39.5,-87.5,3.2,Low,0,0.0,0.0,0.0
United States of America,USA,North America,40.5,-87.5,3.2,Low,0,0.0,0.0,0.0
United States of America,USA,North America,41.5,-87.5,3.2,Low,0,0.0,0.0,0.0
United States of America,USA,North America,42.5,-87.5,3.2,Low,0,0.0,0.0,0.0
United States of America,USA,North America,43.5,-87.5,3.2,Low,0,0.0,0.0,0.0
United States of America,USA,North America,44.5,-87.5,3.2,Low,0,0.0,0.0,0.0
United States of America,USA,North America,45.5,-87.5,3.2,Low,0,0.0,0.0,0.0
United States of America,USA,North America,46.5,-87.5,3.2,Low,0,0.0,0.0,0.0
United States of America,USA,North America,47.5,-87.5,3.2,Low,0,0.0,0.0,0.0
Canada,CAN,North America,48.5,-87.5,2.7,Low,0,0.0,0.0,0.0
Canada,CAN,North America,49.5,-87.5,2.7,Low,0,0.0,0.0,0.0
Canada,CAN,North America,50.5,-87.5,2.7,Low,0,0.0,0.0,0.0
Canada,CAN,North America,51.5,-87.5,2.7,Low,0,0.0,0.0,0.0
Canada,CAN,North America,52.5,-87.5,2.7,Low,0,0.0,0.0,0.0
Canada,CAN,North America,53.5,-87.5,2.7,Low,0,0.0,0.0,0.0
Canada,CAN,North America,54.5,-87.5,2.7,Low,0,0.0,0.0,0.0
Canada,CAN,North America,55.5,-87.5,2.7,Low,0,0.0,0.0,0.0
Canada,CAN,North America,65.5,-87.5,2.7,Low,0,0.0,0.0,0.0
Canada,CAN,North America,66.5,-87.5,2.7,Low,0,0.0,0.0,0.0
Canada,CAN,North America,70.5,-87.5,2.7,Low,0,0.0,0.0,0.0
Canada,CAN,North America,71.5,-87.5,2.7,Low,0,0.0,0.0,0.0
Canada,CAN,North America,72.5,-87.5,2.7,Low,0,0.0,0.0,0.0
Canada,CAN,North America,73.5,-87.5,2.7,Low,0,0.0,0.0,0.0
Canada,CAN,North America,74.5,-87.5,2.7,Low,0,0.0,0.0,0.0
Canada,CAN,North America,75.5,-87.5,2.7,Low,0,0.0,0.0,0.0
Canada,CAN,North America,76.5,-87.5,2.7,Low,0,0.0,0.0,0.0
Canada,CAN,North America,77.5,-87.5,2.7,Low,0,0.0,0.0,0.0
Canada,CAN,North America,78.5,-87.5,2.7,Low,0,0.0,0.0,0.0
Canada,CAN,North America,79.5,-87.5,2.7,Low,0,0.0,0.0,0.0
Canada,CAN,North America,81.5,-87.5,2.7,Low,0,0.0,0.0,0.0
Nicaragua,NIC,North America,12.5,-86.5,4.4,Medium,53,4.8811,6.1,97.548
Nicaragua,NIC,North America,13.5,-86.5,4.4,Medium,0,0.0,0.0,0.0
Honduras,HND,North America,14.5,-86.5,5.5,High,1,4.8,4.8,10.0
Honduras,HND,North America,15.5,-86.5,5.5,High,6,4.9333,5.4,18.3333
United States of America,USA,North America,30.5,-86.5,3.2,Low,0,0.0,0.0,0.0
United States of America,USA,North America,31.5,-86.5,3.2,Low,0,0.0,0.0,0.0
United States of America,USA,North America,32.5,-86.5,3.2,Low,0,0.0,0.0,0.0
United States of America,USA,North America,33.5,-86.5,3.2,Low,0,0.0,0.0,0.0
United States of America,USA,North America,34.5,-86.5,3.2,Low,0,0.0,0.0,0.0
United States of America,USA,North America,35.5,-86.5,3.2,Low,0,0.0,0.0,0.0
United States of America,USA,North America,36.5,-86.5,3.2,Low,0,0.0,0.0,0.0
United States of America,USA,North America,37.5,-86.5,3.2,Low,0,0.0,0.0,0.0
United States of America,USA,North America,38.5,-86.5,3.2,Low,0,0.0,0.0,0.0
United States of America,USA,North America,39.5,-86.5,3.2,Low,0,0.0,0.0,0.0
United States of America,USA,North America,40.5,-86.5,3.2,Low,0,0.0,0.0,0.0
United States of America,USA,North America,41.5,-86.5,3.2,Low,0,0.0,0.0,0.0
United States of America,USA,North America,42.5,-86.5,3.2,Low,0,0.0,0.0,0.0
United States of America,USA,North America,43.5,-86.5,3.2,Low,0,0.0,0.0,0.0
United States of America,USA,North America,44.5,-86.5,3.2,Low,0,0.0,0.0,0.0
United States of America,USA,North America,45.5,-86.5,3.2,Low,0,0.0,0.0,0.0
United States of America,USA,North America,46.5,-86.5,3.2,Low,0,0.0,0.0,0.0
United States of America,USA,North America,47.5,-86.5,3.2,Low,0,0.0,0.0,0.0
Canada,CAN,North America,48.5,-86.5,2.7,Low,0,0.0,0.0,0.0
Canada,CAN,North America,49.5,-86.5,2.7,Low,0,0.0,0.0,0.0
Canada,CAN,North America,50.5,-86.5,2.7,Low,0,0.0,0.0,0.0
Canada,CAN,North America,51.5,-86.5,2.7,Low,0,0.0,0.0,0.0
Canada,CAN,North America,52.5,-86.5,2.7,Low,0,0.0,0.0,0.0
Canada,CAN,North America,53.5,-86.5,2.7,Low,0,0.0,0.0,0.0
Canada,CAN,North America,54.5,-86.5,2.7,Low,0,0.0,0.0,0.0
Canada,CAN,North America,55.5,-86.5,2.7,Low,0,0.0,0.0,0.0
Canada,CAN,North America,66.5,-86.5,2.7,Low,0,0.0,0.0,0.0
Canada,CAN,North America,67.5,-86.5,2.7,Low,0,0.0,0.0,0.0
Canada,CAN,North America,70.5,-86.5,2.7,Low,0,0.0,0.0,0.0
Canada,CAN,North America,71.5,-86.5,2.7,Low,0,0.0,0.0,0.0
Canada,CAN,North America,72.5,-86.5,2.7,Low,0,0.0,0.0,0.0
Canada,CAN,North America,73.5,-86.5,2.7,Low,0,0.0,0.0,0.0
Canada,CAN,North America,74.5,-86.5,2.7,Low,0,0.0,0.0,0.0
Canada,CAN,North America,76.5,-86.5,2.7,Low,0,0.0,0.0,0.0
Canada,CAN,North America,77.5,-86.5,2.7,Low,0,0.0,0.0,0.0
Canada,CAN,North America,78.5,-86.5,2.7,Low,0,0.0,0.0,0.0
Canada,CAN,North America,79.5,-86.5,2.7,Low,0,0.0,0.0,0.0
Canada,CAN,North America,81.5,-86.5,2.7,Low,0,0.0,0.0,0.0
Costa Rica,CRI,North America,10.5,-85.5,3.3,Low,64,4.8906,7.6,39.0695
Nicaragua,NIC,North America,11.5,-85.5,4.4,Medium,49,4.8592,6.6,123.1447
Nicaragua,NIC,North America,12.5,-85.5,4.4,Medium,1,5.6,5.6,167.9
Nicaragua,NIC,North America,13.5,-85.5,4.4,Medium,1,4.7,4.7,33.0
Honduras,HND,North America,14.5,-85.5,5.5,High,0,0.0,0.0,0.0
Honduras,HND,North America,15.5,-85.5,5.5,High,1,4.6,4.6,35.0
United States of America,USA,North America,30.5,-85.5,3.2,Low,0,0.0,0.0,0.0
United States of America,USA,North America,31.5,-85.5,3.2,Low,0,0.0,0.0,0.0
United States of America,USA,North America,32.5,-85.5,3.2,Low,0,0.0,0.0,0.0
United States of America,USA,North America,33.5,-85.5,3.2,Low,0,0.0,0.0,0.0
United States of America,USA,North America,34.5,-85.5,3.2,Low,1,4.6,4.6,19.81
United States of America,USA,North America,35.5,-85.5,3.2,Low,0,0.0,0.0,0.0
United States of America,USA,North America,36.5,-85.5,3.2,Low,0,0.0,0.0,0.0
United States of America,USA,North America,37.5,-85.5,3.2,Low,0,0.0,0.0,0.0
United States of America,USA,North America,38.5,-85.5,3.2,Low,0,0.0,0.0,0.0
United States of America,USA,North America,39.5,-85.5,3.2,Low,0,0.0,0.0,0.0
United States of America,USA,North America,40.5,-85.5,3.2,Low,0,0.0,0.0,0.0
United States of America,USA,North America,41.5,-85.5,3.2,Low,0,0.0,0.0,0.0
United States of America,USA,North America,42.5,-85.5,3.2,Low,0,0.0,0.0,0.0
United States of America,USA,North America,43.5,-85.5,3.2,Low,0,0.0,0.0,0.0
United States of America,USA,North America,44.5,-85.5,3.2,Low,0,0.0,0.0,0.0
United States of America,USA,North America,45.5,-85.5,3.2,Low,0,0.0,0.0,0.0
United States of America,USA,North America,46.5,-85.5,3.2,Low,0,0.0,0.0,0.0
Canada,CAN,North America,47.5,-85.5,2.7,Low,0,0.0,0.0,0.0
Canada,CAN,North America,48.5,-85.5,2.7,Low,0,0.0,0.0,0.0
Canada,CAN,North America,49.5,-85.5,2.7,Low,0,0.0,0.0,0.0
Canada,CAN,North America,50.5,-85.5,2.7,Low,0,0.0,0.0,0.0
Canada,CAN,North America,51.5,-85.5,2.7,Low,0,0.0,0.0,0.0
Canada,CAN,North America,52.5,-85.5,2.7,Low,0,0.0,0.0,0.0
Canada,CAN,North America,53.5,-85.5,2.7,Low,0,0.0,0.0,0.0
Canada,CAN,North America,54.5,-85.5,2.7,Low,0,0.0,0.0,0.0
Canada,CAN,North America,63.5,-85.5,2.7,Low,0,0.0,0.0,0.0
Canada,CAN,North America,64.5,-85.5,2.7,Low,0,0.0,0.0,0.0
Canada,CAN,North America,65.5,-85.5,2.7,Low,0,0.0,0.0,0.0
Canada,CAN,North America,66.5,-85.5,2.7,Low,0,0.0,0.0,0.0
Canada,CAN,North America,67.5,-85.5,2.7,Low,0,0.0,0.0,0.0
Canada,CAN,North America,68.5,-85.5,2.7,Low,0,0.0,0.0,0.0
Canada,CAN,North America,69.5,-85.5,2.7,Low,0,0.0,0.0,0.0
Canada,CAN,North America,70.5,-85.5,2.7,Low,0,0.0,0.0,0.0
Canada,CAN,North America,71.5,-85.5,2.7,Low,0,0.0,0.0,0.0
Canada,CAN,North America,72.5,-85.5,2.7,Low,0,0.0,0.0,0.0
Canada,CAN,North America,74.5,-85.5,2.7,Low,0,0.0,0.0,0.0
Canada,CAN,North America,75.5,-85.5,2.7,Low,0,0.0,0.0,0.0
Canada,CAN,North America,76.5,-85.5,2.7,Low,0,0.0,0.0,0.0
Canada,CAN,North America,77.5,-85.5,2.7,Low,0,0.0,0.0,0.0
Canada,CAN,North America,78.5,-85.5,2.7,Low,0,0.0,0.0,0.0
Canada,CAN,North America,79.5,-85.5,2.7,Low,0,0.0,0.0,0.0
Canada,CAN,North America,81.5,-85.5,2.7,Low,0,0.0,0.0,0.0
Canada,CAN,North America,82.5,-85.5,2.7,Low,0,0.0,0.0,0.0
Costa Rica,CRI,North America,10.5,-84.5,3.3,Low,29,4.7724,6.1,92.9862
Nicaragua,NIC,North America,11.5,-84.5,4.4,Medium,1,4.6,4.6,10.4
Nicaragua,NIC,North America,12.5,-84.5,4.4,Medium,0,0.0,0.0,0.0
Nicaragua,NIC,North America,13.5,-84.5,4.4,Medium,1,4.9,4.9,24.4
Nicaragua,NIC,North America,14.5,-84.5,4.4,Medium,0,0.0,0.0,0.0
Honduras,HND,North America,15.5,-84.5,5.5,High,1,4.7,4.7,10.0
United States of America,USA,North America,30.5,-84.5,3.2,Low,0,0.0,0.0,0.0
United States of America,USA,North America,31.5,-84.5,3.2,Low,0,0.0,0.0,0.0
United States of America,USA,North America,32.5,-84.5,3.2,Low,0,0.0,0.0,0.0
United States of America,USA,North America,33.5,-84.5,3.2,Low,0,0.0,0.0,0.0
United States of America,USA,North America,34.5,-84.5,3.2,Low,0,0.0,0.0,0.0
United States of America,USA,North America,35.5,-84.5,3.2,Low,0,0.0,0.0,0.0
United States of America,USA,North America,36.5,-84.5,3.2,Low,0,0.0,0.0,0.0
United States of America,USA,North America,37.5,-84.5,3.2,Low,0,0.0,0.0,0.0
United States of America,USA,North America,38.5,-84.5,3.2,Low,0,0.0,0.0,0.0
United States of America,USA,North America,39.5,-84.5,3.2,Low,0,0.0,0.0,0.0
United States of America,USA,North America,40.5,-84.5,3.2,Low,0,0.0,0.0,0.0
United States of America,USA,North America,41.5,-84.5,3.2,Low,0,0.0,0.0,0.0
United States of America,USA,North America,42.5,-84.5,3.2,Low,0,0.0,0.0,0.0
United States of America,USA,North America,43.5,-84.5,3.2,Low,0,0.0,0.0,0.0
United States of America,USA,North America,44.5,-84.5,3.2,Low,0,0.0,0.0,0.0
United States of America,USA,North America,45.5,-84.5,3.2,Low,0,0.0,0.0,0.0
Canada,CAN,North America,46.5,-84.5,2.7,Low,0,0.0,0.0,0.0
Canada,CAN,North America,47.5,-84.5,2.7,Low,0,0.0,0.0,0.0
Canada,CAN,North America,48.5,-84.5,2.7,Low,0,0.0,0.0,0.0
Canada,CAN,North America,49.5,-84.5,2.7,Low,0,0.0,0.0,0.0
Canada,CAN,North America,50.5,-84.5,2.7,Low,0,0.0,0.0,0.0
Canada,CAN,North America,51.5,-84.5,2.7,Low,0,0.0,0.0,0.0
Canada,CAN,North America,52.5,-84.5,2.7,Low,0,0.0,0.0,0.0
Canada,CAN,North America,53.5,-84.5,2.7,Low,0,0.0,0.0,0.0
Canada,CAN,North America,54.5,-84.5,2.7,Low,0,0.0,0.0,0.0
Canada,CAN,North America,63.5,-84.5,2.7,Low,0,0.0,0.0,0.0
Canada,CAN,North America,64.5,-84.5,2.7,Low,0,0.0,0.0,0.0
Canada,CAN,North America,66.5,-84.5,2.7,Low,0,0.0,0.0,0.0
Canada,CAN,North America,67.5,-84.5,2.7,Low,0,0.0,0.0,0.0
Canada,CAN,North America,68.5,-84.5,2.7,Low,0,0.0,0.0,0.0
Canada,CAN,North America,69.5,-84.5,2.7,Low,0,0.0,0.0,0.0
Canada,CAN,North America,70.5,-84.5,2.7,Low,0,0.0,0.0,0.0
Canada,CAN,North America,71.5,-84.5,2.7,Low,0,0.0,0.0,0.0
Canada,CAN,North America,72.5,-84.5,2.7,Low,0,0.0,0.0,0.0
Canada,CAN,North America,74.5,-84.5,2.7,Low,0,0.0,0.0,0.0
Canada,CAN,North America,75.5,-84.5,2.7,Low,0,0.0,0.0,0.0
Canada,CAN,North America,76.5,-84.5,2.7,Low,0,0.0,0.0,0.0
Canada,CAN,North America,77.5,-84.5,2.7,Low,0,0.0,0.0,0.0
Canada,CAN,North America,78.5,-84.5,2.7,Low,0,0.0,0.0,0.0
Canada,CAN,North America,79.5,-84.5,2.7,Low,0,0.0,0.0,0.0
Canada,CAN,North America,81.5,-84.5,2.7,Low,0,0.0,0.0,0.0
Canada,CAN,North America,82.5,-84.5,2.7,Low,0,0.0,0.0,0.0
Costa Rica,CRI,North America,8.5,-83.5,3.3,Low,69,4.8435,6.4,20.3064
Costa Rica,CRI,North America,9.5,-83.5,3.3,Low,29,4.7862,5.4,28.9956
Costa Rica,CRI,North America,10.5,-83.5,3.3,Low,12,4.55,4.7,15.0017
Nicaragua,NIC,North America,12.5,-83.5,4.4,Medium,0,0.0,0.0,0.0
Nicaragua,NIC,North America,14.5,-83.5,4.4,Medium,0,0.0,0.0,0.0
Cuba,CUB,North America,22.5,-83.5,3.3,Low,0,0.0,0.0,0.0
United States of America,USA,North America,30.5,-83.5,3.2,Low,0,0.0,0.0,0.0
United States of America,USA,North America,31.5,-83.5,3.2,Low,0,0.0,0.0,0.0
United States of America,USA,North America,32.5,-83.5,3.2,Low,0,0.0,0.0,0.0
United States of America,USA,North America,33.5,-83.5,3.2,Low,0,0.0,0.0,0.0
United States of America,USA,North America,34.5,-83.5,3.2,Low,0,0.0,0.0,0.0
United States of America,USA,North America,35.5,-83.5,3.2,Low,0,0.0,0.0,0.0
United States of America,USA,North America,36.5,-83.5,3.2,Low,0,0.0,0.0,0.0
United States of America,USA,North America,37.5,-83.5,3.2,Low,0,0.0,0.0,0.0
United States of America,USA,North America,38.5,-83.5,3.2,Low,0,0.0,0.0,0.0
United States of America,USA,North America,39.5,-83.5,3.2,Low,0,0.0,0.0,0.0
United States of America,USA,North America,40.5,-83.5,3.2,Low,0,0.0,0.0,0.0
United States of America,USA,North America,41.5,-83.5,3.2,Low,0,0.0,0.0,0.0
United States of America,USA,North America,42.5,-83.5,3.2,Low,0,0.0,0.0,0.0
United States of America,USA,North America,43.5,-83.5,3.2,Low,0,0.0,0.0,0.0
United States of America,USA,North America,44.5,-83.5,3.2,Low,0,0.0,0.0,0.0
United States of America,USA,North America,45.5,-83.5,3.2,Low,0,0.0,0.0,0.0
Canada,CAN,North America,46.5,-83.5,2.7,Low,0,0.0,0.0,0.0
Canada,CAN,North America,47.5,-83.5,2.7,Low,0,0.0,0.0,0.0
Canada,CAN,North America,48.5,-83.5,2.7,Low,0,0.0,0.0,0.0
Canada,CAN,North America,49.5,-83.5,2.7,Low,0,0.0,0.0,0.0
Canada,CAN,North America,50.5,-83.5,2.7,Low,0,0.0,0.0,0.0
Canada,CAN,North America,51.5,-83.5,2.7,Low,0,0.0,0.0,0.0
Canada,CAN,North America,52.5,-83.5,2.7,Low,0,0.0,0.0,0.0
Canada,CAN,North America,53.5,-83.5,2.7,Low,0,0.0,0.0,0.0
Canada,CAN,North America,54.5,-83.5,2.7,Low,0,0.0,0.0,0.0
Canada,CAN,North America,62.5,-83.5,2.7,Low,0,0.0,0.0,0.0
Canada,CAN,North America,64.5,-83.5,2.7,Low,0,0.0,0.0,0.0
Canada,CAN,North America,66.5,-83.5,2.7,Low,0,0.0,0.0,0.0
Canada,CAN,North America,67.5,-83.5,2.7,Low,0,0.0,0.0,0.0
Canada,CAN,North America,68.5,-83.5,2.7,Low,0,0.0,0.0,0.0
Canada,CAN,North America,69.5,-83.5,2.7,Low,0,0.0,0.0,0.0
Canada,CAN,North America,70.5,-83.5,2.7,Low,0,0.0,0.0,0.0
Canada,CAN,North America,71.5,-83.5,2.7,Low,0,0.0,0.0,0.0
Canada,CAN,North America,72.5,-83.5,2.7,Low,0,0.0,0.0,0.0
Canada,CAN,North America,73.5,-83.5,2.7,Low,0,0.0,0.0,0.0
Canada,CAN,North America,75.5,-83.5,2.7,Low,0,0.0,0.0,0.0
Canada,CAN,North America,76.5,-83.5,2.7,Low,0,0.0,0.0,0.0
Canada,CAN,North America,77.5,-83.5,2.7,Low,0,0.0,0.0,0.0
Canada,CAN,North America,78.5,-83.5,2.7,Low,0,0.0,0.0,0.0
Canada,CAN,North America,79.5,-83.5,2.7,Low,0,0.0,0.0,0.0
Canada,CAN,North America,81.5,-83.5,2.7,Low,0,0.0,0.0,0.0
Panama,PAN,North America,8.5,-82.5,4.1,Medium,100,4.873,6.5,23.3559
Panama,PAN,North America,9.5,-82.5,4.1,Medium,11,4.9909,6.1,18.7273
United States of America,USA,North America,27.5,-82.5,3.2,Low,0,0.0,0.0,0.0
United States of America,USA,North America,28.5,-82.5,3.2,Low,0,0.0,0.0,0.0
United States of America,USA,North America,29.5,-82.5,3.2,Low,0,0.0,0.0,0.0
United States of America,USA,North America,30.5,-82.5,3.2,Low,0,0.0,0.0,0.0
United States of America,USA,North America,31.5,-82.5,3.2,Low,0,0.0,0.0,0.0
United States of America,USA,North America,32.5,-82.5,3.2,Low,0,0.0,0.0,0.0
United States of America,USA,North America,33.5,-82.5,3.2,Low,0,0.0,0.0,0.0
United States of America,USA,North America,34.5,-82.5,3.2,Low,0,0.0,0.0,0.0
United States of America,USA,North America,35.5,-82.5,3.2,Low,0,0.0,0.0,0.0
United States of America,USA,North America,36.5,-82.5,3.2,Low,0,0.0,0.0,0.0
United States of America,USA,North America,37.5,-82.5,3.2,Low,0,0.0,0.0,0.0
United States of America,USA,North America,38.5,-82.5,3.2,Low,0,0.0,0.0,0.0
United States of America,USA,North America,39.5,-82.5,3.2,Low,0,0.0,0.0,0.0
United States of America,USA,North America,40.5,-82.5,3.2,Low,0,0.0,0.0,0.0
United States of America,USA,North America,41.5,-82.5,3.2,Low,0,0.0,0.0,0.0
Canada,CAN,North America,42.5,-82.5,2.7,Low,0,0.0,0.0,0.0
United States of America,USA,North America,43.5,-82.5,3.2,Low,0,0.0,0.0,0.0
United States of America,USA,North America,44.5,-82.5,3.2,Low,0,0.0,0.0,0.0
Canada,CAN,North America,45.5,-82.5,2.7,Low,0,0.0,0.0,0.0
Canada,CAN,North America,46.5,-82.5,2.7,Low,0,0.0,0.0,0.0
Canada,CAN,North America,47.5,-82.5,2.7,Low,0,0.0,0.0,0.0
Canada,CAN,North America,48.5,-82.5,2.7,Low,0,0.0,0.0,0.0
Canada,CAN,North America,49.5,-82.5,2.7,Low,0,0.0,0.0,0.0
Canada,CAN,North America,50.5,-82.5,2.7,Low,0,0.0,0.0,0.0
Canada,CAN,North America,51.5,-82.5,2.7,Low,0,0.0,0.0,0.0
Canada,CAN,North America,52.5,-82.5,2.7,Low,0,0.0,0.0,0.0
Canada,CAN,North America,53.5,-82.5,2.7,Low,0,0.0,0.0,0.0
Canada,CAN,North America,54.5,-82.5,2.7,Low,0,0.0,0.0,0.0
Canada,CAN,North America,62.5,-82.5,2.7,Low,0,0.0,0.0,0.0
Canada,CAN,North America,64.5,-82.5,2.7,Low,0,0.0,0.0,0.0
Canada,CAN,North America,67.5,-82.5,2.7,Low,0,0.0,0.0,0.0
Canada,CAN,North America,68.5,-82.5,2.7,Low,0,0.0,0.0,0.0
Canada,CAN,North America,69.5,-82.5,2.7,Low,0,0.0,0.0,0.0
Canada,CAN,North America,70.5,-82.5,2.7,Low,0,0.0,0.0,0.0
Canada,CAN,North America,71.5,-82.5,2.7,Low,0,0.0,0.0,0.0
Canada,CAN,North America,72.5,-82.5,2.7,Low,0,0.0,0.0,0.0
Canada,CAN,North America,73.5,-82.5,2.7,Low,0,0.0,0.0,0.0
Canada,CAN,North America,74.5,-82.5,2.7,Low,0,0.0,0.0,0.0
Canada,CAN,North America,75.5,-82.5,2.7,Low,0,0.0,0.0,0.0
Canada,CAN,North America,76.5,-82.5,2.7,Low,0,0.0,0.0,0.0
Canada,CAN,North America,77.5,-82.5,2.7,Low,0,0.0,0.0,0.0
Canada,CAN,North America,78.5,-82.5,2.7,Low,0,0.0,0.0,0.0
Canada,CAN,North America,79.5,-82.5,2.7,Low,0,0.0,0.0,0.0
Canada,CAN,North America,80.5,-82.5,2.7,Low,0,0.0,0.0,0.0
Canada,CAN,North America,81.5,-82.5,2.7,Low,0,0.0,0.0,0.0
Canada,CAN,North America,82.5,-82.5,2.7,Low,0,0.0,0.0,0.0
Panama,PAN,North America,8.5,-81.5,4.1,Medium,2,4.5,4.5,31.85
Cuba,CUB,North America,22.5,-81.5,3.3,Low,0,0.0,0.0,0.0
United States of America,USA,North America,26.5,-81.5,3.2,Low,0,0.0,0.0,0.0
United States of America,USA,North America,27.5,-81.5,3.2,Low,0,0.0,0.0,0.0
United States of America,USA,North America,28.5,-81.5,3.2,Low,0,0.0,0.0,0.0
United States of America,USA,North America,29.5,-81.5,3.2,Low,0,0.0,0.0,0.0
United States of America,USA,North America,30.5,-81.5,3.2,Low,0,0.0,0.0,0.0
United States of America,USA,North America,31.5,-81.5,3.2,Low,0,0.0,0.0,0.0
United States of America,USA,North America,32.5,-81.5,3.2,Low,0,0.0,0.0,0.0
United States of America,USA,North America,33.5,-81.5,3.2,Low,0,0.0,0.0,0.0
United States of America,USA,North America,34.5,-81.5,3.2,Low,0,0.0,0.0,0.0
United States of America,USA,North America,35.5,-81.5,3.2,Low,0,0.0,0.0,0.0
United States of America,USA,North America,36.5,-81.5,3.2,Low,1,5.1,5.1,4.14
United States of America,USA,North America,37.5,-81.5,3.2,Low,0,0.0,0.0,0.0
United States of America,USA,North America,38.5,-81.5,3.2,Low,0,0.0,0.0,0.0
United States of America,USA,North America,39.5,-81.5,3.2,Low,0,0.0,0.0,0.0
United States of America,USA,North America,40.5,-81.5,3.2,Low,0,0.0,0.0,0.0
United States of America,USA,North America,41.5,-81.5,3.2,Low,0,0.0,0.0,0.0
Canada,CAN,North America,42.5,-81.5,2.7,Low,0,0.0,0.0,0.0
Canada,CAN,North America,43.5,-81.5,2.7,Low,0,0.0,0.0,0.0
Canada,CAN,North America,44.5,-81.5,2.7,Low,0,0.0,0.0,0.0
Canada,CAN,North America,45.5,-81.5,2.7,Low,0,0.0,0.0,0.0
Canada,CAN,North America,46.5,-81.5,2.7,Low,0,0.0,0.0,0.0
Canada,CAN,North America,47.5,-81.5,2.7,Low,0,0.0,0.0,0.0
Canada,CAN,North America,48.5,-81.5,2.7,Low,0,0.0,0.0,0.0
Canada,CAN,North America,49.5,-81.5,2.7,Low,0,0.0,0.0,0.0
Canada,CAN,North America,50.5,-81.5,2.7,Low,0,0.0,0.0,0.0
Canada,CAN,North America,51.5,-81.5,2.7,Low,0,0.0,0.0,0.0
Canada,CAN,North America,63.5,-81.5,2.7,Low,0,0.0,0.0,0.0
Canada,CAN,North America,67.5,-81.5,2.7,Low,0,0.0,0.0,0.0
Canada,CAN,North America,68.5,-81.5,2.7,Low,0,0.0,0.0,0.0
Canada,CAN,North America,70.5,-81.5,2.7,Low,0,0.0,0.0,0.0
Canada,CAN,North America,71.5,-81.5,2.7,Low,0,0.0,0.0,0.0
Canada,CAN,North America,72.5,-81.5,2.7,Low,0,0.0,0.0,0.0
Canada,CAN,North America,75.5,-81.5,2.7,Low,0,0.0,0.0,0.0
Canada,CAN,North America,76.5,-81.5,2.7,Low,0,0.0,0.0,0.0
Canada,CAN,North America,77.5,-81.5,2.7,Low,0,0.0,0.0,0.0
Canada,CAN,North America,78.5,-81.5,2.7,Low,0,0.0,0.0,0.0
Canada,CAN,North America,79.5,-81.5,2.7,Low,0,0.0,0.0,0.0
Canada,CAN,North America,80.5,-81.5,2.7,Low,0,0.0,0.0,0.0
Canada,CAN,North America,81.5,-81.5,2.7,Low,0,0.0,0.0,0.0
Canada,CAN,North America,82.5,-81.5,2.7,Low,0,0.0,0.0,0.0
Peru,PER,South America,-6.5,-80.5,4.5,Medium,15,4.68,5.3,41.1145
Peru,PER,South America,-5.5,-80.5,4.5,Medium,33,4.8333,6.3,45.2501
Peru,PER,South America,-4.5,-80.5,4.5,Medium,40,4.8325,6.2,52.2092
Ecuador,ECU,South America,-2.5,-80.5,5.4,High,18,4.7667,5.6,44.3246
Ecuador,ECU,South America,-1.5,-80.5,5.4,High,56,4.8768,6.2,31.5279
Panama,PAN,North America,7.5,-80.5,4.1,Medium,12,4.6833,5.2,17.5917
Panama,PAN,North America,8.5,-80.5,4.1,Medium,0,0.0,0.0,0.0
Cuba,CUB,North America,22.5,-80.5,3.3,Low,0,0.0,0.0,0.0
United States of America,USA,North America,25.5,-80.5,3.2,Low,0,0.0,0.0,0.0
United States of America,USA,North America,26.5,-80.5,3.2,Low,0,0.0,0.0,0.0
United States of America,USA,North America,27.5,-80.5,3.2,Low,0,0.0,0.0,0.0
United States of America,USA,North America,32.5,-80.5,3.2,Low,0,0.0,0.0,0.0
United States of America,USA,North America,33.5,-80.5,3.2,Low,0,0.0,0.0,0.0
United States of America,USA,North America,34.5,-80.5,3.2,Low,0,0.0,0.0,0.0
United States of America,USA,North America,35.5,-80.5,3.2,Low,0,0.0,0.0,0.0
United States of America,USA,North America,36.5,-80.5,3.2,Low,0,0.0,0.0,0.0
United States of America,USA,North America,37.5,-80.5,3.2,Low,0,0.0,0.0,0.0
United States of America,USA,North America,38.5,-80.5,3.2,Low,0,0.0,0.0,0.0
United States of America,USA,North America,39.5,-80.5,3.2,Low,0,0.0,0.0,0.0
United States of America,USA,North America,40.5,-80.5,3.2,Low,0,0.0,0.0,0.0
United States of America,USA,North America,41.5,-80.5,3.2,Low,0,0.0,0.0,0.0
Canada,CAN,North America,42.5,-80.5,2.7,Low,0,0.0,0.0,0.0
Canada,CAN,North America,43.5,-80.5,2.7,Low,0,0.0,0.0,0.0
Canada,CAN,North America,44.5,-80.5,2.7,Low,0,0.0,0.0,0.0
Canada,CAN,North America,45.5,-80.5,2.7,Low,0,0.0,0.0,0.0
Canada,CAN,North America,46.5,-80.5,2.7,Low,0,0.0,0.0,0.0
Canada,CAN,North America,47.5,-80.5,2.7,Low,0,0.0,0.0,0.0
Canada,CAN,North America,48.5,-80.5,2.7,Low,0,0.0,0.0,0.0
Canada,CAN,North America,49.5,-80.5,2.7,Low,0,0.0,0.0,0.0
Canada,CAN,North America,50.5,-80.5,2.7,Low,0,0.0,0.0,0.0
Canada,CAN,North America,51.5,-80.5,2.7,Low,0,0.0,0.0,0.0
Canada,CAN,North America,70.5,-80.5,2.7,Low,0,0.0,0.0,0.0
Canada,CAN,North America,71.5,-80.5,2.7,Low,0,0.0,0.0,0.0
Canada,CAN,North America,73.5,-80.5,2.7,Low,0,0.0,0.0,0.0
Canada,CAN,North America,76.5,-80.5,2.7,Low,0,0.0,0.0,0.0
Canada,CAN,North America,77.5,-80.5,2.7,Low,0,0.0,0.0,0.0
Canada,CAN,North America,78.5,-80.5,2.7,Low,0,0.0,0.0,0.0
Canada,CAN,North America,79.5,-80.5,2.7,Low,0,0.0,0.0,0.0
Canada,CAN,North America,80.5,-80.5,2.7,Low,0,0.0,0.0,0.0
Canada,CAN,North America,81.5,-80.5,2.7,Low,0,0.0,0.0,0.0
Canada,CAN,North America,82.5,-80.5,2.7,Low,0,0.0,0.0,0.0
Peru,PER,South America,-7.5,-79.5,4.5,Medium,2,4.85,5.1,53.82
Peru,PER,South America,-6.5,-79.5,4.5,Medium,5,4.68,4.9,56.432
Peru,PER,South America,-5.5,-79.5,4.5,Medium,2,4.5,4.5,82.11
Ecuador,ECU,South America,-4.5,-79.5,5.4,High,5,4.66,4.9,78.3884
Ecuador,ECU,South America,-3.5,-79.5,5.4,High,14,4.9429,5.9,76.7093
Ecuador,ECU,South America,-2.5,-79.5,5.4,High,48,4.8396,6.8,67.1363
Ecuador,ECU,South America,-1.5,-79.5,5.4,High,5,4.74,5.1,86.2208
Ecuador,ECU,South America,-0.5,-79.5,5.4,High,4,4.625,5.0,76.3568
Ecuador,ECU,South America,0.5,-79.5,5.4,High,39,5.1128,7.8,28.9063
Panama,PAN,North America,9.5,-79.5,4.1,Medium,5,4.84,5.4,42.87
Cuba,CUB,North America,22.5,-79.5,3.3,Low,0,0.0,0.0,0.0
United States of America,USA,North America,33.5,-79.5,3.2,Low,0,0.0,0.0,0.0
United States of America,USA,North America,34.5,-79.5,3.2,Low,0,0.0,0.0,0.0
United States of America,USA,North America,35.5,-79.5,3.2,Low,0,0.0,0.0,0.0
United States of America,USA,North America,36.5,-79.5,3.2,Low,0,0.0,0.0,0.0
United States of America,USA,North America,37.5,-79.5,3.2,Low,0,0.0,0.0,0.0
United States of America,USA,North America,38.5,-79.5,3.2,Low,0,0.0,0.0,0.0
United States of America,USA,North America,39.5,-79.5,3.2,Low,0,0.0,0.0,0.0
United States of America,USA,North America,40.5,-79.5,3.2,Low,0,0.0,0.0,0.0
United States of America,USA,North America,41.5,-79.5,3.2,Low,0,0.0,0.0,0.0
United States of America,USA,North America,42.5,-79.5,3.2,Low,0,0.0,0.0,0.0
Canada,CAN,North America,43.5,-79.5,2.7,Low,0,0.0,0.0,0.0
Canada,CAN,North America,44.5,-79.5,2.7,Low,0,0.0,0.0,0.0
Canada,CAN,North America,45.5,-79.5,2.7,Low,0,0.0,0.0,0.0
Canada,CAN,North America,46.5,-79.5,2.7,Low,0,0.0,0.0,0.0
Canada,CAN,North America,47.5,-79.5,2.7,Low,0,0.0,0.0,0.0
Canada,CAN,North America,48.5,-79.5,2.7,Low,0,0.0,0.0,0.0
Canada,CAN,North America,49.5,-79.5,2.7,Low,0,0.0,0.0,0.0
Canada,CAN,North America,50.5,-79.5,2.7,Low,0,0.0,0.0,0.0
Canada,CAN,North America,54.5,-79.5,2.7,Low,0,0.0,0.0,0.0
Canada,CAN,North America,70.5,-79.5,2.7,Low,0,0.0,0.0,0.0
Canada,CAN,North America,71.5,-79.5,2.7,Low,0,0.0,0.0,0.0
Canada,CAN,North America,73.5,-79.5,2.7,Low,0,0.0,0.0,0.0
Canada,CAN,North America,76.5,-79.5,2.7,Low,0,0.0,0.0,0.0
Canada,CAN,North America,77.5,-79.5,2.7,Low,0,0.0,0.0,0.0
Canada,CAN,North America,78.5,-79.5,2.7,Low,0,0.0,0.0,0.0
Canada,CAN,North America,79.5,-79.5,2.7,Low,0,0.0,0.0,0.0
Canada,CAN,North America,80.5,-79.5,2.7,Low,0,0.0,0.0,0.0
Canada,CAN,North America,81.5,-79.5,2.7,Low,0,0.0,0.0,0.0
Canada,CAN,North America,82.5,-79.5,2.7,Low,0,0.0,0.0,0.0
Peru,PER,South America,-9.5,-78.5,4.5,Medium,22,4.7318,5.4,57.9648
Peru,PER,South America,-8.5,-78.5,4.5,Medium,6,4.6833,4.9,78.3583
Peru,PER,South America,-7.5,-78.5,4.5,Medium,1,4.7,4.7,111.6
Peru,PER,South America,-6.5,-78.5,4.5,Medium,0,0.0,0.0,0.0
Peru,PER,South America,-5.5,-78.5,4.5,Medium,12,4.7833,5.4,51.7042
Peru,PER,South America,-4.5,-78.5,4.5,Medium,7,4.7,5.0,47.7557
Ecuador,ECU,South America,-3.5,-78.5,5.4,High,7,4.8143,5.2,93.4043
Ecuador,ECU,South America,-2.5,-78.5,5.4,High,14,4.9214,6.2,91.5621
Ecuador,ECU,South America,-1.5,-78.5,5.4,High,22,4.7682,5.3,94.8728
Ecuador,ECU,South America,-0.5,-78.5,5.4,High,11,4.7273,5.3,21.8242
Ecuador,ECU,South America,0.5,-78.5,5.4,High,9,4.7667,5.1,24.0511
Colombia,COL,South America,1.5,-78.5,5.2,High,3,4.7,5.0,33.2067
Colombia,COL,South America,2.5,-78.5,5.2,High,6,4.8,5.2,28.6483
Cuba,CUB,North America,21.5,-78.5,3.3,Low,0,0.0,0.0,0.0
Bahamas,BHS,North America,26.5,-78.5,2.3,Low,0,0.0,0.0,0.0
United States of America,USA,North America,34.5,-78.5,3.2,Low,0,0.0,0.0,0.0
United States of America,USA,North America,35.5,-78.5,3.2,Low,0,0.0,0.0,0.0
United States of America,USA,North America,36.5,-78.5,3.2,Low,0,0.0,0.0,0.0
United States of America,USA,North America,37.5,-78.5,3.2,Low,1,4.5,4.5,10.0
United States of America,USA,North America,38.5,-78.5,3.2,Low,0,0.0,0.0,0.0
United States of America,USA,North America,39.5,-78.5,3.2,Low,0,0.0,0.0,0.0
United States of America,USA,North America,40.5,-78.5,3.2,Low,0,0.0,0.0,0.0
United States of America,USA,North America,41.5,-78.5,3.2,Low,0,0.0,0.0,0.0
United States of America,USA,North America,42.5,-78.5,3.2,Low,0,0.0,0.0,0.0
United States of America,USA,North America,43.5,-78.5,3.2,Low,0,0.0,0.0,0.0
Canada,CAN,North America,44.5,-78.5,2.7,Low,0,0.0,0.0,0.0
Canada,CAN,North America,45.5,-78.5,2.7,Low,0,0.0,0.0,0.0
Canada,CAN,North America,46.5,-78.5,2.7,Low,1,4.7,4.7,18.0
Canada,CAN,North America,47.5,-78.5,2.7,Low,0,0.0,0.0,0.0
Canada,CAN,North America,48.5,-78.5,2.7,Low,0,0.0,0.0,0.0
Canada,CAN,North America,49.5,-78.5,2.7,Low,0,0.0,0.0,0.0
Canada,CAN,North America,50.5,-78.5,2.7,Low,0,0.0,0.0,0.0
Canada,CAN,North America,51.5,-78.5,2.7,Low,0,0.0,0.0,0.0
Canada,CAN,North America,52.5,-78.5,2.7,Low,0,0.0,0.0,0.0
Canada,CAN,North America,53.5,-78.5,2.7,Low,0,0.0,0.0,0.0
Canada,CAN,North America,54.5,-78.5,2.7,Low,0,0.0,0.0,0.0
Canada,CAN,North America,70.5,-78.5,2.7,Low,0,0.0,0.0,0.0
Canada,CAN,North America,71.5,-78.5,2.7,Low,0,0.0,0.0,0.0
Canada,CAN,North America,73.5,-78.5,2.7,Low,0,0.0,0.0,0.0
Canada,CAN,North America,77.5,-78.5,2.7,Low,0,0.0,0.0,0.0
Canada,CAN,North America,78.5,-78.5,2.7,Low,0,0.0,0.0,0.0
Canada,CAN,North America,79.5,-78.5,2.7,Low,0,0.0,0.0,0.0
Canada,CAN,North America,80.5,-78.5,2.7,Low,0,0.0,0.0,0.0
Canada,CAN,North America,81.5,-78.5,2.7,Low,0,0.0,0.0,0.0
Canada,CAN,North America,82.5,-78.5,2.7,Low,0,0.0,0.0,0.0
Peru,PER,South America,-10.5,-77.5,4.5,Medium,1,4.9,4.9,14.88
Peru,PER,South America,-9.5,-77.5,4.5,Medium,0,0.0,0.0,0.0
Peru,PER,South America,-8.5,-77.5,4.5,Medium,3,5.0,5.7,77.43
Peru,PER,South America,-7.5,-77.5,4.5,Medium,6,4.95,6.0,66.539
Peru,PER,South America,-6.5,-77.5,4.5,Medium,3,4.9333,5.7,93.4667
Peru,PER,South America,-5.5,-77.5,4.5,Medium,18,4.8667,6.0,40.3057
Peru,PER,South America,-4.5,-77.5,4.5,Medium,12,4.7583,5.2,62.9533
Peru,PER,South America,-3.5,-77.5,4.5,Medium,25,4.72,5.4,62.2016
Ecuador,ECU,South America,-2.5,-77.5,5.4,High,28,4.8857,7.5,87.0662
Ecuador,ECU,South America,-1.5,-77.5,5.4,High,59,4.8051,7.1,166.7413
Ecuador,ECU,South America,-0.5,-77.5,5.4,High,8,4.8375,5.2,22.75
Ecuador,ECU,South America,0.5,-77.5,5.4,High,17,4.7941,5.7,24.4987
Colombia,COL,South America,1.5,-77.5,5.2,High,6,5.1833,6.9,98.7833
Colombia,COL,South America,2.5,-77.5,5.2,High,2,5.65,6.8,53.745
Colombia,COL,South America,5.5,-77.5,5.2,High,41,4.7463,5.7,26.5939
Colombia,COL,South America,7.5,-77.5,5.2,High,21,4.8,6.5,30.8944
Panama,PAN,North America,8.5,-77.5,4.1,Medium,21,4.9333,6.5,22.9897
Cuba,CUB,North America,21.5,-77.5,3.3,Low,0,0.0,0.0,0.0
United States of America,USA,North America,34.5,-77.5,3.2,Low,0,0.0,0.0,0.0
United States of America,USA,North America,35.5,-77.5,3.2,Low,0,0.0,0.0,0.0
United States of America,USA,North America,36.5,-77.5,3.2,Low,0,0.0,0.0,0.0
United States of America,USA,North America,37.5,-77.5,3.2,Low,2,5.15,5.8,6.405
United States of America,USA,North America,38.5,-77.5,3.2,Low,0,0.0,0.0,0.0
United States of America,USA,North America,39.5,-77.5,3.2,Low,0,0.0,0.0,0.0
United States of America,USA,North America,40.5,-77.5,3.2,Low,0,0.0,0.0,0.0
United States of America,USA,North America,41.5,-77.5,3.2,Low,0,0.0,0.0,0.0
United States of America,USA,North America,42.5,-77.5,3.2,Low,0,0.0,0.0,0.0
United States of America,USA,North America,43.5,-77.5,3.2,Low,0,0.0,0.0,0.0
Canada,CAN,North America,44.5,-77.5,2.7,Low,0,0.0,0.0,0.0
Canada,CAN,North America,45.5,-77.5,2.7,Low,0,0.0,0.0,0.0
Canada,CAN,North America,46.5,-77.5,2.7,Low,0,0.0,0.0,0.0
Canada,CAN,North America,47.5,-77.5,2.7,Low,0,0.0,0.0,0.0
Canada,CAN,North America,48.5,-77.5,2.7,Low,0,0.0,0.0,0.0
Canada,CAN,North America,49.5,-77.5,2.7,Low,0,0.0,0.0,0.0
Canada,CAN,North America,50.5,-77.5,2.7,Low,0,0.0,0.0,0.0
Canada,CAN,North America,51.5,-77.5,2.7,Low,0,0.0,0.0,0.0
Canada,CAN,North America,52.5,-77.5,2.7,Low,0,0.0,0.0,0.0
Canada,CAN,North America,53.5,-77.5,2.7,Low,0,0.0,0.0,0.0
Canada,CAN,North America,54.5,-77.5,2.7,Low,0,0.0,0.0,0.0
Canada,CAN,North America,55.5,-77.5,2.7,Low,0,0.0,0.0,0.0
Canada,CAN,North America,58.5,-77.5,2.7,Low,0,0.0,0.0,0.0
Canada,CAN,North America,59.5,-77.5,2.7,Low,0,0.0,0.0,0.0
Canada,CAN,North America,60.5,-77.5,2.7,Low,0,0.0,0.0,0.0
Canada,CAN,North America,61.5,-77.5,2.7,Low,0,0.0,0.0,0.0
Canada,CAN,North America,62.5,-77.5,2.7,Low,0,0.0,0.0,0.0
Canada,CAN,North America,64.5,-77.5,2.7,Low,0,0.0,0.0,0.0
Canada,CAN,North America,70.5,-77.5,2.7,Low,0,0.0,0.0,0.0
Canada,CAN,North America,71.5,-77.5,2.7,Low,0,0.0,0.0,0.0
Canada,CAN,North America,72.5,-77.5,2.7,Low,0,0.0,0.0,0.0
Canada,CAN,North America,78.5,-77.5,2.7,Low,0,0.0,0.0,0.0
Canada,CAN,North America,79.5,-77.5,2.7,Low,0,0.0,0.0,0.0
Canada,CAN,North America,80.5,-77.5,2.7,Low,0,0.0,0.0,0.0
Canada,CAN,North America,81.5,-77.5,2.7,Low,0,0.0,0.0,0.0
Canada,CAN,North America,82.5,-77.5,2.7,Low,0,0.0,0.0,0.0
Peru,PER,South America,-12.5,-76.5,4.5,Medium,22,4.8545,5.9,56.9
Peru,PER,South America,-11.5,-76.5,4.5,Medium,13,4.6846,5.6,70.4128
Peru,PER,South America,-10.5,-76.5,4.5,Medium,4,4.775,5.4,101.3375
Peru,PER,South America,-9.5,-76.5,4.5,Medium,5,4.58,4.8,88.532
Peru,PER,South America,-8.5,-76.5,4.5,Medium,13,4.7308,5.2,87.62
Peru,PER,South America,-7.5,-76.5,4.5,Medium,10,4.84,5.4,81.573
Peru,PER,South America,-6.5,-76.5,4.5,Medium,17,4.7176,5.2,57.2713
Peru,PER,South America,-5.5,-76.5,4.5,Medium,36,4.8722,7.5,54.9506
Peru,PER,South America,-4.5,-76.5,4.5,Medium,18,5.15,7.5,91.8378
Peru,PER,South America,-3.5,-76.5,4.5,Medium,23,4.7522,5.7,98.268
Peru,PER,South America,-2.5,-76.5,4.5,Medium,17,4.7882,5.6,124.9472
Ecuador,ECU,South America,-1.5,-76.5,5.4,High,2,5.8,5.9,212.75
Ecuador,ECU,South America,-0.5,-76.5,5.4,High,0,0.0,0.0,0.0
Colombia,COL,South America,0.5,-76.5,5.2,High,0,0.0,0.0,0.0
Colombia,COL,South America,1.5,-76.5,5.2,High,3,5.5333,7.3,110.46
Colombia,COL,South America,2.5,-76.5,5.2,High,8,4.925,5.5,84.3975
Colombia,COL,South America,3.5,-76.5,5.2,High,13,4.6769,5.1,127.8225
Colombia,COL,South America,4.5,-76.5,5.2,High,34,4.7265,6.1,105.5813
Colombia,COL,South America,5.5,-76.5,5.2,High,17,4.7471,5.7,73.368
Colombia,COL,South America,6.5,-76.5,5.2,High,16,4.7,5.1,25.7304
Colombia,COL,South America,7.5,-76.5,5.2,High,16,4.8312,6.0,25.8466
Colombia,COL,South America,8.5,-76.5,5.2,High,4,4.825,5.7,44.308
Cuba,CUB,North America,20.5,-76.5,3.3,Low,0,0.0,0.0,0.0
United States of America,USA,North America,35.5,-76.5,3.2,Low,0,0.0,0.0,0.0
United States of America,USA,North America,36.5,-76.5,3.2,Low,0,0.0,0.0,0.0
United States of America,USA,North America,37.5,-76.5,3.2,Low,0,0.0,0.0,0.0
United States of America,USA,North America,38.5,-76.5,3.2,Low,0,0.0,0.0,0.0
United States of America,USA,North America,39.5,-76.5,3.2,Low,0,0.0,0.0,0.0
United States of America,USA,North America,40.5,-76.5,3.2,Low,0,0.0,0.0,0.0
United States of America,USA,North America,41.5,-76.5,3.2,Low,0,0.0,0.0,0.0
United States of America,USA,North America,42.5,-76.5,3.2,Low,0,0.0,0.0,0.0
United States of America,USA,North America,43.5,-76.5,3.2,Low,0,0.0,0.0,0.0
Canada,CAN,North America,44.5,-76.5,2.7,Low,0,0.0,0.0,0.0
Canada,CAN,North America,45.5,-76.5,2.7,Low,1,5.06,5.06,13.0
Canada,CAN,North America,46.5,-76.5,2.7,Low,0,0.0,0.0,0.0
Canada,CAN,North America,47.5,-76.5,2.7,Low,0,0.0,0.0,0.0
Canada,CAN,North America,48.5,-76.5,2.7,Low,0,0.0,0.0,0.0
Canada,CAN,North America,49.5,-76.5,2.7,Low,0,0.0,0.0,0.0
Canada,CAN,North America,50.5,-76.5,2.7,Low,0,0.0,0.0,0.0
Canada,CAN,North America,51.5,-76.5,2.7,Low,0,0.0,0.0,0.0
Canada,CAN,North America,52.5,-76.5,2.7,Low,0,0.0,0.0,0.0
Canada,CAN,North America,53.5,-76.5,2.7,Low,0,0.0,0.0,0.0
Canada,CAN,North America,54.5,-76.5,2.7,Low,0,0.0,0.0,0.0
Canada,CAN,North America,55.5,-76.5,2.7,Low,0,0.0,0.0,0.0
Canada,CAN,North America,56.5,-76.5,2.7,Low,0,0.0,0.0,0.0
Canada,CAN,North America,57.5,-76.5,2.7,Low,0,0.0,0.0,0.0
Canada,CAN,North America,58.5,-76.5,2.7,Low,0,0.0,0.0,0.0
Canada,CAN,North America,59.5,-76.5,2.7,Low,0,0.0,0.0,0.0
Canada,CAN,North America,60.5,-76.5,2.7,Low,0,0.0,0.0,0.0
Canada,CAN,North America,61.5,-76.5,2.7,Low,0,0.0,0.0,0.0
Canada,CAN,North America,64.5,-76.5,2.7,Low,0,0.0,0.0,0.0
Canada,CAN,North America,67.5,-76.5,2.7,Low,0,0.0,0.0,0.0
Canada,CAN,North America,69.5,-76.5,2.7,Low,0,0.0,0.0,0.0
Canada,CAN,North America,70.5,-76.5,2.7,Low,0,0.0,0.0,0.0
Canada,CAN,North America,71.5,-76.5,2.7,Low,0,0.0,0.0,0.0
Canada,CAN,North America,78.5,-76.5,2.7,Low,0,0.0,0.0,0.0
Canada,CAN,North America,79.5,-76.5,2.7,Low,0,0.0,0.0,0.0
Canada,CAN,North America,80.5,-76.5,2.7,Low,0,0.0,0.0,0.0
Canada,CAN,North America,81.5,-76.5,2.7,Low,0,0.0,0.0,0.0
Canada,CAN,North America,82.5,-76.5,2.7,Low,0,0.0,0.0,0.0
Chile,CHL,South America,-49.5,-75.5,3.1,Low,1,4.8,4.8,47.1
Chile,CHL,South America,-48.5,-75.5,3.1,Low,4,5.025,5.6,37.075
Peru,PER,South America,-14.5,-75.5,4.5,Medium,80,4.9025,6.9,38.574
Peru,PER,South America,-13.5,-75.5,4.5,Medium,12,4.925,5.6,65.0925
Peru,PER,South America,-12.5,-75.5,4.5,Medium,10,4.83,5.2,72.9914
Peru,PER,South America,-11.5,-75.5,4.5,Medium,12,4.7083,5.0,51.9275
Peru,PER,South America,-10.5,-75.5,4.5,Medium,29,4.7655,5.5,44.5253
Peru,PER,South America,-9.5,-75.5,4.5,Medium,31,4.7258,5.1,55.9016
Peru,PER,South America,-8.5,-75.5,4.5,Medium,31,4.8065,6.0,79.7897
Peru,PER,South America,-7.5,-75.5,4.5,Medium,16,4.8188,5.3,70.8664
Peru,PER,South America,-6.5,-75.5,4.5,Medium,11,4.6545,5.1,36.3173
Peru,PER,South America,-5.5,-75.5,4.5,Medium,4,5.425,8.0,73.451
Peru,PER,South America,-4.5,-75.5,4.5,Medium,8,4.6625,4.9,66.699
Peru,PER,South America,-3.5,-75.5,4.5,Medium,8,4.675,5.1,102.7136
Peru,PER,South America,-2.5,-75.5,4.5,Medium,4,5.05,5.9,77.9975
Peru,PER,South America,-1.5,-75.5,4.5,Medium,1,5.5,5.5,183.5
Ecuador,ECU,South America,-0.5,-75.5,5.4,High,0,0.0,0.0,0.0
Colombia,COL,South America,0.5,-75.5,5.2,High,0,0.0,0.0,0.0
Colombia,COL,South America,1.5,-75.5,5.2,High,2,4.55,4.6,32.37
Colombia,COL,South America,2.5,-75.5,5.2,High,6,4.7,5.0,43.1067
Colombia,COL,South America,3.5,-75.5,5.2,High,10,5.05,5.9,64.711
Colombia,COL,South America,4.5,-75.5,5.2,High,13,4.8077,5.7,100.0738
Colombia,COL,South America,5.5,-75.5,5.2,High,5,4.88,5.3,97.32
Colombia,COL,South America,6.5,-75.5,5.2,High,1,4.5,4.5,78.8
Colombia,COL,South America,7.5,-75.5,5.2,High,6,4.65,4.9,53.6635
Colombia,COL,South America,8.5,-75.5,5.2,High,1,5.0,5.0,39.3
Colombia,COL,South America,9.5,-75.5,5.2,High,2,4.5,4.5,39.2985
Colombia,COL,South America,10.5,-75.5,5.2,High,0,0.0,0.0,0.0
Cuba,CUB,North America,20.5,-75.5,3.3,Low,1,4.6,4.6,10.0
United States of America,USA,North America,38.5,-75.5,3.2,Low,0,0.0,0.0,0.0
United States of America,USA,North America,39.5,-75.5,3.2,Low,0,0.0,0.0,0.0
United States of America,USA,North America,40.5,-75.5,3.2,Low,0,0.0,0.0,0.0
United States of America,USA,North America,41.5,-75.5,3.2,Low,0,0.0,0.0,0.0
United States of America,USA,North America,42.5,-75.5,3.2,Low,0,0.0,0.0,0.0
United States of America,USA,North America,43.5,-75.5,3.2,Low,0,0.0,0.0,0.0
United States of America,USA,North America,44.5,-75.5,3.2,Low,0,0.0,0.0,0.0
Canada,CAN,North America,45.5,-75.5,2.7,Low,1,5.35,5.35,18.89
Canada,CAN,North America,46.5,-75.5,2.7,Low,0,0.0,0.0,0.0
Canada,CAN,North America,47.5,-75.5,2.7,Low,0,0.0,0.0,0.0
Canada,CAN,North America,48.5,-75.5,2.7,Low,0,0.0,0.0,0.0
Canada,CAN,North America,49.5,-75.5,2.7,Low,0,0.0,0.0,0.0
Canada,CAN,North America,50.5,-75.5,2.7,Low,0,0.0,0.0,0.0
Canada,CAN,North America,51.5,-75.5,2.7,Low,0,0.0,0.0,0.0
Canada,CAN,North America,52.5,-75.5,2.7,Low,0,0.0,0.0,0.0
Canada,CAN,North America,53.5,-75.5,2.7,Low,0,0.0,0.0,0.0
Canada,CAN,North America,54.5,-75.5,2.7,Low,0,0.0,0.0,0.0
Canada,CAN,North America,55.5,-75.5,2.7,Low,0,0.0,0.0,0.0
Canada,CAN,North America,56.5,-75.5,2.7,Low,0,0.0,0.0,0.0
Canada,CAN,North America,57.5,-75.5,2.7,Low,0,0.0,0.0,0.0
Canada,CAN,North America,58.5,-75.5,2.7,Low,0,0.0,0.0,0.0
Canada,CAN,North America,59.5,-75.5,2.7,Low,0,0.0,0.0,0.0
Canada,CAN,North America,60.5,-75.5,2.7,Low,0,0.0,0.0,0.0
Canada,CAN,North America,61.5,-75.5,2.7,Low,0,0.0,0.0,0.0
Canada,CAN,North America,64.5,-75.5,2.7,Low,0,0.0,0.0,0.0
Canada,CAN,North America,67.5,-75.5,2.7,Low,0,0.0,0.0,0.0
Canada,CAN,North America,69.5,-75.5,2.7,Low,0,0.0,0.0,0.0
Canada,CAN,North America,70.5,-75.5,2.7,Low,0,0.0,0.0,0.0
Canada,CAN,North America,71.5,-75.5,2.7,Low,0,0.0,0.0,0.0
Canada,CAN,North America,78.5,-75.5,2.7,Low,0,0.0,0.0,0.0
Canada,CAN,North America,79.5,-75.5,2.7,Low,0,0.0,0.0,0.0
Canada,CAN,North America,80.5,-75.5,2.7,Low,0,0.0,0.0,0.0
Canada,CAN,North America,81.5,-75.5,2.7,Low,0,0.0,0.0,0.0
Canada,CAN,North America,82.5,-75.5,2.7,Low,0,0.0,0.0,0.0
Chile,CHL,South America,-51.5,-74.5,3.1,Low,0,0.0,0.0,0.0
Chile,CHL,South America,-50.5,-74.5,3.1,Low,1,4.7,4.7,17.21
Chile,CHL,South America,-49.5,-74.5,3.1,Low,0,0.0,0.0,0.0
Chile,CHL,South America,-48.5,-74.5,3.1,Low,0,0.0,0.0,0.0
Chile,CHL,South America,-47.5,-74.5,3.1,Low,1,4.9,4.9,14.46
Chile,CHL,South America,-46.5,-74.5,3.1,Low,1,5.1,5.1,42.7
Chile,CHL,South America,-45.5,-74.5,3.1,Low,0,0.0,0.0,0.0
Peru,PER,South America,-15.5,-74.5,4.5,Medium,75,4.9907,7.1,44.5087
Peru,PER,South America,-14.5,-74.5,4.5,Medium,9,4.8667,5.9,79.6967
Peru,PER,South America,-13.5,-74.5,4.5,Medium,11,4.9,6.1,82.5665
Peru,PER,South America,-12.5,-74.5,4.5,Medium,4,5.025,5.5,53.75
Peru,PER,South America,-11.5,-74.5,4.5,Medium,8,4.775,5.7,51.2142
Peru,PER,South America,-10.5,-74.5,4.5,Medium,34,4.8324,5.8,70.3362
Peru,PER,South America,-9.5,-74.5,4.5,Medium,14,4.8286,5.4,100.6179
Peru,PER,South America,-8.5,-74.5,4.5,Medium,90,4.7844,6.1,138.9644
Peru,PER,South America,-7.5,-74.5,4.5,Medium,38,4.9447,7.0,146.6242
Peru,PER,South America,-6.5,-74.5,4.5,Medium,4,4.5,4.5,75.9
Peru,PER,South America,-5.5,-74.5,4.5,Medium,2,4.85,5.1,18.045
Peru,PER,South America,-4.5,-74.5,4.5,Medium,2,4.85,5.2,22.5
Peru,PER,South America,-3.5,-74.5,4.5,Medium,1,4.5,4.5,10.0
Peru,PER,South America,-2.5,-74.5,4.5,Medium,0,0.0,0.0,0.0
Peru,PER,South America,-1.5,-74.5,4.5,Medium,0,0.0,0.0,0.0
Peru,PER,South America,-0.5,-74.5,4.5,Medium,0,0.0,0.0,0.0
Colombia,COL,South America,0.5,-74.5,5.2,High,0,0.0,0.0,0.0
Colombia,COL,South America,1.5,-74.5,5.2,High,0,0.0,0.0,0.0
Colombia,COL,South America,2.5,-74.5,5.2,High,1,4.7,4.7,46.1
Colombia,COL,South America,3.5,-74.5,5.2,High,20,4.925,6.0,29.2756
Colombia,COL,South America,4.5,-74.5,5.2,High,2,4.6,4.7,28.75
Colombia,COL,South America,5.5,-74.5,5.2,High,1,4.7,4.7,27.6
Colombia,COL,South America,6.5,-74.5,5.2,High,8,4.625,4.9,41.6536
Colombia,COL,South America,7.5,-74.5,5.2,High,5,4.9,5.5,42.4438
Colombia,COL,South America,8.5,-74.5,5.2,High,4,4.7,5.1,58.905
Colombia,COL,South America,9.5,-74.5,5.2,High,4,4.875,5.7,47.2
Colombia,COL,South America,10.5,-74.5,5.2,High,3,4.6,4.7,40.71
United States of America,USA,North America,39.5,-74.5,3.2,Low,0,0.0,0.0,0.0
United States of America,USA,North America,40.5,-74.5,3.2,Low,0,0.0,0.0,0.0
United States of America,USA,North America,41.5,-74.5,3.2,Low,0,0.0,0.0,0.0
United States of America,USA,North America,42.5,-74.5,3.2,Low,0,0.0,0.0,0.0
United States of America,USA,North America,43.5,-74.5,3.2,Low,0,0.0,0.0,0.0
United States of America,USA,North America,44.5,-74.5,3.2,Low,0,0.0,0.0,0.0
Canada,CAN,North America,45.5,-74.5,2.7,Low,0,0.0,0.0,0.0
Canada,CAN,North America,46.5,-74.5,2.7,Low,0,0.0,0.0,0.0
Canada,CAN,North America,47.5,-74.5,2.7,Low,0,0.0,0.0,0.0
Canada,CAN,North America,48.5,-74.5,2.7,Low,0,0.0,0.0,0.0
Canada,CAN,North America,49.5,-74.5,2.7,Low,0,0.0,0.0,0.0
Canada,CAN,North America,50.5,-74.5,2.7,Low,0,0.0,0.0,0.0
Canada,CAN,North America,51.5,-74.5,2.7,Low,0,0.0,0.0,0.0
Canada,CAN,North America,52.5,-74.5,2.7,Low,1,4.5,4.5,18.0
Canada,CAN,North America,53.5,-74.5,2.7,Low,0,0.0,0.0,0.0
Canada,CAN,North America,54.5,-74.5,2.7,Low,0,0.0,0.0,0.0
Canada,CAN,North America,55.5,-74.5,2.7,Low,0,0.0,0.0,0.0
Canada,CAN,North America,56.5,-74.5,2.7,Low,0,0.0,0.0,0.0
Canada,CAN,North America,57.5,-74.5,2.7,Low,0,0.0,0.0,0.0
Canada,CAN,North America,58.5,-74.5,2.7,Low,0,0.0,0.0,0.0
Canada,CAN,North America,59.5,-74.5,2.7,Low,0,0.0,0.0,0.0
Canada,CAN,North America,60.5,-74.5,2.7,Low,0,0.0,0.0,0.0
Canada,CAN,North America,61.5,-74.5,2.7,Low,0,0.0,0.0,0.0
Canada,CAN,North America,68.5,-74.5,2.7,Low,0,0.0,0.0,0.0
Canada,CAN,North America,69.5,-74.5,2.7,Low,0,0.0,0.0,0.0
Canada,CAN,North America,70.5,-74.5,2.7,Low,0,0.0,0.0,0.0
Canada,CAN,North America,71.5,-74.5,2.7,Low,0,0.0,0.0,0.0
Canada,CAN,North America,79.5,-74.5,2.7,Low,0,0.0,0.0,0.0
Canada,CAN,North America,80.5,-74.5,2.7,Low,0,0.0,0.0,0.0
Canada,CAN,North America,81.5,-74.5,2.7,Low,0,0.0,0.0,0.0
Canada,CAN,North America,82.5,-74.5,2.7,Low,0,0.0,0.0,0.0
Chile,CHL,South America,-53.5,-73.5,3.1,Low,0,0.0,0.0,0.0
Chile,CHL,South America,-52.5,-73.5,3.1,Low,0,0.0,0.0,0.0
Chile,CHL,South America,-51.5,-73.5,3.1,Low,0,0.0,0.0,0.0
Chile,CHL,South America,-50.5,-73.5,3.1,Low,0,0.0,0.0,0.0
Chile,CHL,South America,-49.5,-73.5,3.1,Low,0,0.0,0.0,0.0
Chile,CHL,South America,-48.5,-73.5,3.1,Low,0,0.0,0.0,0.0
Chile,CHL,South America,-47.5,-73.5,3.1,Low,0,0.0,0.0,0.0
Chile,CHL,South America,-46.5,-73.5,3.1,Low,0,0.0,0.0,0.0
Chile,CHL,South America,-45.5,-73.5,3.1,Low,3,5.1,6.1,6.3
Chile,CHL,South America,-44.5,-73.5,3.1,Low,1,5.0,5.0,10.76
Chile,CHL,South America,-42.5,-73.5,3.1,Low,3,4.6,4.7,61.3167
Chile,CHL,South America,-41.5,-73.5,3.1,Low,7,4.6429,5.0,38.0164
Chile,CHL,South America,-40.5,-73.5,3.1,Low,2,4.5,4.5,51.5
Chile,CHL,South America,-37.5,-73.5,3.1,Low,216,4.925,6.6,27.7377
Peru,PER,South America,-15.5,-73.5,4.5,Medium,40,4.8825,6.0,78.5018
Peru,PER,South America,-14.5,-73.5,4.5,Medium,27,4.8407,6.8,74.9726
Peru,PER,South America,-13.5,-73.5,4.5,Medium,2,4.75,5.0,52.205
Peru,PER,South America,-12.5,-73.5,4.5,Medium,4,4.775,5.1,59.15
Peru,PER,South America,-11.5,-73.5,4.5,Medium,18,4.6333,4.9,37.9451
Peru,PER,South America,-10.5,-73.5,4.5,Medium,11,4.7364,5.3,103.05
Peru,PER,South America,-9.5,-73.5,4.5,Medium,0,0.0,0.0,0.0
Brazil,BRA,South America,-8.5,-73.5,5.1,High,2,4.9,5.2,164.85
Brazil,BRA,South America,-7.5,-73.5,5.1,High,4,5.0,5.4,135.23
Peru,PER,South America,-6.5,-73.5,4.5,Medium,0,0.0,0.0,0.0
Peru,PER,South America,-5.5,-73.5,4.5,Medium,0,0.0,0.0,0.0
Peru,PER,South America,-4.5,-73.5,4.5,Medium,0,0.0,0.0,0.0
Peru,PER,South America,-3.5,-73.5,4.5,Medium,0,0.0,0.0,0.0
Peru,PER,South America,-2.5,-73.5,4.5,Medium,0,0.0,0.0,0.0
Colombia,COL,South America,-1.5,-73.5,5.2,High,0,0.0,0.0,0.0
Colombia,COL,South America,-0.5,-73.5,5.2,High,0,0.0,0.0,0.0
Colombia,COL,South America,0.5,-73.5,5.2,High,0,0.0,0.0,0.0
Colombia,COL,South America,1.5,-73.5,5.2,High,0,0.0,0.0,0.0
Colombia,COL,South America,2.5,-73.5,5.2,High,1,4.7,4.7,10.0
Colombia,COL,South America,3.5,-73.5,5.2,High,6,4.8333,5.1,13.6233
Colombia,COL,South America,4.5,-73.5,5.2,High,9,5.1,6.1,12.7633
Colombia,COL,South America,5.5,-73.5,5.2,High,4,4.625,4.8,82.0925
Colombia,COL,South America,6.5,-73.5,5.2,High,103,4.6553,5.4,151.366
Colombia,COL,South America,7.5,-73.5,5.2,High,7,4.7714,5.1,101.2771
Colombia,COL,South America,8.5,-73.5,5.2,High,3,4.5667,4.6,77.8833
Colombia,COL,South America,9.5,-73.5,5.2,High,2,4.65,4.7,96.575
Colombia,COL,South America,10.5,-73.5,5.2,High,5,4.7,4.8,77.818
Haiti,HTI,North America,18.5,-73.5,7.4,Very High,25,4.856,7.2,10.53
United States of America,USA,North America,41.5,-73.5,3.2,Low,0,0.0,0.0,0.0
United States of America,USA,North America,42.5,-73.5,3.2,Low,0,0.0,0.0,0.0
United States of America,USA,North America,43.5,-73.5,3.2,Low,0,0.0,0.0,0.0
United States of America,USA,North America,44.5,-73.5,3.2,Low,1,5.3,5.3,4.83
Canada,CAN,North America,45.5,-73.5,2.7,Low,0,0.0,0.0,0.0
Canada,CAN,North America,46.5,-73.5,2.7,Low,0,0.0,0.0,0.0
Canada,CAN,North America,47.5,-73.5,2.7,Low,0,0.0,0.0,0.0
Canada,CAN,North America,48.5,-73.5,2.7,Low,0,0.0,0.0,0.0
Canada,CAN,North America,49.5,-73.5,2.7,Low,0,0.0,0.0,0.0
Canada,CAN,North America,50.5,-73.5,2.7,Low,0,0.0,0.0,0.0
Canada,CAN,North America,51.5,-73.5,2.7,Low,0,0.0,0.0,0.0
Canada,CAN,North America,52.5,-73.5,2.7,Low,0,0.0,0.0,0.0
Canada,CAN,North America,53.5,-73.5,2.7,Low,0,0.0,0.0,0.0
Canada,CAN,North America,54.5,-73.5,2.7,Low,0,0.0,0.0,0.0
Canada,CAN,North America,55.5,-73.5,2.7,Low,0,0.0,0.0,0.0
Canada,CAN,North America,56.5,-73.5,2.7,Low,0,0.0,0.0,0.0
Canada,CAN,North America,57.5,-73.5,2.7,Low,0,0.0,0.0,0.0
Canada,CAN,North America,58.5,-73.5,2.7,Low,0,0.0,0.0,0.0
Canada,CAN,North America,59.5,-73.5,2.7,Low,0,0.0,0.0,0.0
Canada,CAN,North America,60.5,-73.5,2.7,Low,0,0.0,0.0,0.0
Canada,CAN,North America,61.5,-73.5,2.7,Low,0,0.0,0.0,0.0
Canada,CAN,North America,64.5,-73.5,2.7,Low,0,0.0,0.0,0.0
Canada,CAN,North America,65.5,-73.5,2.7,Low,0,0.0,0.0,0.0
Canada,CAN,North America,66.5,-73.5,2.7,Low,0,0.0,0.0,0.0
Canada,CAN,North America,68.5,-73.5,2.7,Low,0,0.0,0.0,0.0
Canada,CAN,North America,69.5,-73.5,2.7,Low,0,0.0,0.0,0.0
Canada,CAN,North America,70.5,-73.5,2.7,Low,0,0.0,0.0,0.0
Canada,CAN,North America,80.5,-73.5,2.7,Low,0,0.0,0.0,0.0
Canada,CAN,North America,81.5,-73.5,2.7,Low,0,0.0,0.0,0.0
Canada,CAN,North America,82.5,-73.5,2.7,Low,0,0.0,0.0,0.0
Chile,CHL,South America,-53.5,-72.5,3.1,Low,0,0.0,0.0,0.0
Chile,CHL,South America,-52.5,-72.5,3.1,Low,0,0.0,0.0,0.0
Chile,CHL,South America,-51.5,-72.5,3.1,Low,1,4.8,4.8,10.0
Argentina,ARG,South America,-50.5,-72.5,3.1,Low,8,4.8625,5.4,18.8
Argentina,ARG,South America,-49.5,-72.5,3.1,Low,0,0.0,0.0,0.0
Chile,CHL,South America,-48.5,-72.5,3.1,Low,0,0.0,0.0,0.0
Chile,CHL,South America,-47.5,-72.5,3.1,Low,0,0.0,0.0,0.0
Chile,CHL,South America,-46.5,-72.5,3.1,Low,0,0.0,0.0,0.0
Chile,CHL,South America,-45.5,-72.5,3.1,Low,23,4.9391,6.2,35.4348
Chile,CHL,South America,-44.5,-72.5,3.1,Low,1,5.2,5.2,4.4
Chile,CHL,South America,-43.5,-72.5,3.1,Low,2,5.15,5.4,23.0
Chile,CHL,South America,-42.5,-72.5,3.1,Low,19,4.7211,5.2,16.4742
Chile,CHL,South America,-41.5,-72.5,3.1,Low,5,4.7,5.4,33.1
Chile,CHL,South America,-40.5,-72.5,3.1,Low,13,4.7231,5.0,29.5031
Chile,CHL,South America,-39.5,-72.5,3.1,Low,6,4.7333,5.1,91.2653
Chile,CHL,South America,-38.5,-72.5,3.1,Low,9,4.6889,5.0,49.9356
Chile,CHL,South America,-37.5,-72.5,3.1,Low,25,4.896,6.1,41.4182
Chile,CHL,South America,-36.5,-72.5,3.1,Low,56,4.9321,8.8,36.6547
Chile,CHL,South America,-35.5,-72.5,3.1,Low,139,4.8237,7.1,33.4901
Peru,PER,South America,-16.5,-72.5,4.5,Medium,52,4.7462,5.4,71.8659
Peru,PER,South America,-15.5,-72.5,4.5,Medium,78,4.8103,6.2,64.35
Peru,PER,South America,-14.5,-72.5,4.5,Medium,31,4.7806,5.8,77.2616
Peru,PER,South America,-13.5,-72.5,4.5,Medium,9,4.7333,5.8,59.7556
Peru,PER,South America,-12.5,-72.5,4.5,Medium,2,4.7,4.8,25.71
Peru,PER,South America,-11.5,-72.5,4.5,Medium,5,4.72,4.9,26.52
Peru,PER,South America,-10.5,-72.5,4.5,Medium,1,4.5,4.5,218.937
Brazil,BRA,South America,-9.5,-72.5,5.1,High,1,4.7,4.7,16.19
Brazil,BRA,South America,-8.5,-72.5,5.1,High,0,0.0,0.0,0.0
Brazil,BRA,South America,-7.5,-72.5,5.1,High,0,0.0,0.0,0.0
Brazil,BRA,South America,-6.5,-72.5,5.1,High,3,4.7667,4.9,17.23
Brazil,BRA,South America,-5.5,-72.5,5.1,High,0,0.0,0.0,0.0
Peru,PER,South America,-4.5,-72.5,4.5,Medium,0,0.0,0.0,0.0
Peru,PER,South America,-3.5,-72.5,4.5,Medium,1,4.6,4.6,10.0
Peru,PER,South America,-2.5,-72.5,4.5,Medium,0,0.0,0.0,0.0
Colombia,COL,South America,-1.5,-72.5,5.2,High,0,0.0,0.0,0.0
Colombia,COL,South America,-0.5,-72.5,5.2,High,0,0.0,0.0,0.0
Colombia,COL,South America,0.5,-72.5,5.2,High,0,0.0,0.0,0.0
Colombia,COL,South America,1.5,-72.5,5.2,High,0,0.0,0.0,0.0
Colombia,COL,South America,2.5,-72.5,5.2,High,0,0.0,0.0,0.0
Colombia,COL,South America,3.5,-72.5,5.2,High,0,0.0,0.0,0.0
Colombia,COL,South America,4.5,-72.5,5.2,High,3,5.0,5.3,165.2567
Colombia,COL,South America,5.5,-72.5,5.2,High,8,4.6375,4.8,21.3225
Colombia,COL,South America,6.5,-72.5,5.2,High,135,4.7067,6.2,159.2317
Colombia,COL,South America,7.5,-72.5,5.2,High,9,4.7111,5.2,60.2667
Venezuela,VEN,South America,8.5,-72.5,5.7,High,4,4.775,5.3,52.0995
Venezuela,VEN,South America,9.5,-72.5,5.7,High,1,4.7,4.7,168.5
Venezuela,VEN,South America,10.5,-72.5,5.7,High,7,4.6,4.7,75.7486
Colombia,COL,South America,11.5,-72.5,5.2,High,3,4.9,5.1,64.04
Haiti,HTI,North America,18.5,-72.5,7.4,Very High,63,4.8556,7.0,9.9643
Haiti,HTI,North America,19.5,-72.5,7.4,Very High,3,4.6333,4.7,19.2667
United States of America,USA,North America,41.5,-72.5,3.2,Low,0,0.0,0.0,0.0
United States of America,USA,North America,42.5,-72.5,3.2,Low,0,0.0,0.0,0.0
United States of America,USA,North America,43.5,-72.5,3.2,Low,0,0.0,0.0,0.0
United States of America,USA,North America,44.5,-72.5,3.2,Low,0,0.0,0.0,0.0
Canada,CAN,North America,45.5,-72.5,2.7,Low,0,0.0,0.0,0.0
Canada,CAN,North America,46.5,-72.5,2.7,Low,0,0.0,0.0,0.0
Canada,CAN,North America,47.5,-72.5,2.7,Low,0,0.0,0.0,0.0
Canada,CAN,North America,48.5,-72.5,2.7,Low,0,0.0,0.0,0.0
Canada,CAN,North America,49.5,-72.5,2.7,Low,0,0.0,0.0,0.0
Canada,CAN,North America,50.5,-72.5,2.7,Low,0,0.0,0.0,0.0
Canada,CAN,North America,51.5,-72.5,2.7,Low,0,0.0,0.0,0.0
Canada,CAN,North America,52.5,-72.5,2.7,Low,0,0.0,0.0,0.0
Canada,CAN,North America,53.5,-72.5,2.7,Low,0,0.0,0.0,0.0
Canada,CAN,North America,54.5,-72.5,2.7,Low,0,0.0,0.0,0.0
Canada,CAN,North America,55.5,-72.5,2.7,Low,0,0.0,0.0,0.0
Canada,CAN,North America,56.5,-72.5,2.7,Low,0,0.0,0.0,0.0
Canada,CAN,North America,57.5,-72.5,2.7,Low,0,0.0,0.0,0.0
Canada,CAN,North America,58.5,-72.5,2.7,Low,0,0.0,0.0,0.0
Canada,CAN,North America,59.5,-72.5,2.7,Low,0,0.0,0.0,0.0
Canada,CAN,North America,60.5,-72.5,2.7,Low,0,0.0,0.0,0.0
Canada,CAN,North America,61.5,-72.5,2.7,Low,0,0.0,0.0,0.0
Canada,CAN,North America,64.5,-72.5,2.7,Low,0,0.0,0.0,0.0
Canada,CAN,North America,65.5,-72.5,2.7,Low,0,0.0,0.0,0.0
Canada,CAN,North America,66.5,-72.5,2.7,Low,0,0.0,0.0,0.0
Canada,CAN,North America,67.5,-72.5,2.7,Low,0,0.0,0.0,0.0
Canada,CAN,North America,68.5,-72.5,2.7,Low,0,0.0,0.0,0.0
Canada,CAN,North America,69.5,-72.5,2.7,Low,0,0.0,0.0,0.0
Canada,CAN,North America,70.5,-72.5,2.7,Low,0,0.0,0.0,0.0
Canada,CAN,North America,71.5,-72.5,2.7,Low,0,0.0,0.0,0.0
Canada,CAN,North America,80.5,-72.5,2.7,Low,0,0.0,0.0,0.0
Canada,CAN,North America,81.5,-72.5,2.7,Low,0,0.0,0.0,0.0
Canada,CAN,North America,82.5,-72.5,2.7,Low,0,0.0,0.0,0.0
Chile,CHL,South America,-54.5,-71.5,3.1,Low,0,0.0,0.0,0.0
Chile,CHL,South America,-53.5,-71.5,3.1,Low,0,0.0,0.0,0.0
Chile,CHL,South America,-52.5,-71.5,3.1,Low,0,0.0,0.0,0.0
Argentina,ARG,South America,-51.5,-71.5,3.1,Low,0,0.0,0.0,0.0
Argentina,ARG,South America,-50.5,-71.5,3.1,Low,0,0.0,0.0,0.0
Argentina,ARG,South America,-49.5,-71.5,3.1,Low,0,0.0,0.0,0.0
Argentina,ARG,South America,-48.5,-71.5,3.1,Low,0,0.0,0.0,0.0
Argentina,ARG,South America,-47.5,-71.5,3.1,Low,0,0.0,0.0,0.0
Argentina,ARG,South America,-46.5,-71.5,3.1,Low,0,0.0,0.0,0.0
Argentina,ARG,South America,-45.5,-71.5,3.1,Low,0,0.0,0.0,0.0
Chile,CHL,South America,-44.5,-71.5,3.1,Low,0,0.0,0.0,0.0
Argentina,ARG,South America,-43.5,-71.5,3.1,Low,0,0.0,0.0,0.0
Argentina,ARG,South America,-42.5,-71.5,3.1,Low,1,5.5,5.5,157.3
Argentina,ARG,South America,-41.5,-71.5,3.1,Low,0,0.0,0.0,0.0
Argentina,ARG,South America,-40.5,-71.5,3.1,Low,15,4.84,6.1,82.686
Argentina,ARG,South America,-39.5,-71.5,3.1,Low,6,4.7833,5.1,95.2117
Chile,CHL,South America,-38.5,-71.5,3.1,Low,1,4.5,4.5,52.7
Chile,CHL,South America,-37.5,-71.5,3.1,Low,6,4.9333,5.9,50.3067
Chile,CHL,South America,-36.5,-71.5,3.1,Low,18,4.7556,5.2,73.5117
Chile,CHL,South America,-35.5,-71.5,3.1,Low,53,4.7434,6.3,64.081
Chile,CHL,South America,-34.5,-71.5,3.1,Low,165,4.8848,7.0,36.7391
Chile,CHL,South America,-33.5,-71.5,3.1,Low,91,4.9659,6.2,34.8716
Chile,CHL,South America,-31.5,-71.5,3.1,Low,244,4.927,8.3,33.4028
Chile,CHL,South America,-30.5,-71.5,3.1,Low,334,4.8237,6.8,38.3316
Peru,PER,South America,-16.5,-71.5,4.5,Medium,30,4.8967,5.7,74.6368
Peru,PER,South America,-15.5,-71.5,4.5,Medium,85,4.7953,6.2,78.3047
Peru,PER,South America,-14.5,-71.5,4.5,Medium,29,4.7966,5.6,97.925
Peru,PER,South America,-13.5,-71.5,4.5,Medium,4,4.9,5.0,29.39
Peru,PER,South America,-12.5,-71.5,4.5,Medium,5,4.82,5.1,28.428
Peru,PER,South America,-11.5,-71.5,4.5,Medium,2,5.1,5.7,10.0
Peru,PER,South America,-10.5,-71.5,4.5,Medium,1,7.6,7.6,620.56
Brazil,BRA,South America,-9.5,-71.5,5.1,High,16,5.0938,6.7,603.4396
Brazil,BRA,South America,-8.5,-71.5,5.1,High,15,5.44,6.9,586.2651
Brazil,BRA,South America,-7.5,-71.5,5.1,High,5,5.42,7.1,575.34
Brazil,BRA,South America,-6.5,-71.5,5.1,High,1,4.6,4.6,587.07
Brazil,BRA,South America,-5.5,-71.5,5.1,High,1,5.5,5.5,567.7
Peru,PER,South America,-4.5,-71.5,4.5,Medium,0,0.0,0.0,0.0
Peru,PER,South America,-3.5,-71.5,4.5,Medium,0,0.0,0.0,0.0
Peru,PER,South America,-2.5,-71.5,4.5,Medium,0,0.0,0.0,0.0
Colombia,COL,South America,-1.5,-71.5,5.2,High,0,0.0,0.0,0.0
Colombia,COL,South America,-0.5,-71.5,5.2,High,0,0.0,0.0,0.0
Colombia,COL,South America,0.5,-71.5,5.2,High,0,0.0,0.0,0.0
Colombia,COL,South America,1.5,-71.5,5.2,High,0,0.0,0.0,0.0
Colombia,COL,South America,2.5,-71.5,5.2,High,0,0.0,0.0,0.0
Colombia,COL,South America,3.5,-71.5,5.2,High,8,4.6875,5.0,18.2925
Colombia,COL,South America,4.5,-71.5,5.2,High,2,4.65,4.7,16.405
Colombia,COL,South America,5.5,-71.5,5.2,High,0,0.0,0.0,0.0
Colombia,COL,South America,6.5,-71.5,5.2,High,7,4.8571,5.6,48.6643
Venezuela,VEN,South America,7.5,-71.5,5.7,High,7,4.7286,5.1,24.9357
Venezuela,VEN,South America,8.5,-71.5,5.7,High,14,4.7714,5.3,15.9407
Dominican Republic,DOM,North America,18.5,-71.5,4.2,Medium,4,4.725,5.1,15.9775
Dominican Republic,DOM,North America,19.5,-71.5,4.2,Medium,7,4.8,5.2,40.6877
United States of America,USA,North America,41.5,-71.5,3.2,Low,0,0.0,0.0,0.0
United States of America,USA,North America,42.5,-71.5,3.2,Low,0,0.0,0.0,0.0
United States of America,USA,North America,43.5,-71.5,3.2,Low,0,0.0,0.0,0.0
United States of America,USA,North America,44.5,-71.5,3.2,Low,0,0.0,0.0,0.0
Canada,CAN,North America,45.5,-71.5,2.7,Low,0,0.0,0.0,0.0
Canada,CAN,North America,46.5,-71.5,2.7,Low,0,0.0,0.0,0.0
Canada,CAN,North America,47.5,-71.5,2.7,Low,0,0.0,0.0,0.0
Canada,CAN,North America,48.5,-71.5,2.7,Low,0,0.0,0.0,0.0
Canada,CAN,North America,49.5,-71.5,2.7,Low,0,0.0,0.0,0.0
Canada,CAN,North America,50.5,-71.5,2.7,Low,0,0.0,0.0,0.0
Canada,CAN,North America,51.5,-71.5,2.7,Low,0,0.0,0.0,0.0
Canada,CAN,North America,52.5,-71.5,2.7,Low,0,0.0,0.0,0.0
Canada,CAN,North America,53.5,-71.5,2.7,Low,0,0.0,0.0,0.0
Canada,CAN,North America,54.5,-71.5,2.7,Low,0,0.0,0.0,0.0
Canada,CAN,North America,55.5,-71.5,2.7,Low,0,0.0,0.0,0.0
Canada,CAN,North America,56.5,-71.5,2.7,Low,0,0.0,0.0,0.0
Canada,CAN,North America,57.5,-71.5,2.7,Low,0,0.0,0.0,0.0
Canada,CAN,North America,58.5,-71.5,2.7,Low,0,0.0,0.0,0.0
Canada,CAN,North America,59.5,-71.5,2.7,Low,0,0.0,0.0,0.0
Canada,CAN,North America,60.5,-71.5,2.7,Low,0,0.0,0.0,0.0
Canada,CAN,North America,63.5,-71.5,2.7,Low,0,0.0,0.0,0.0
Canada,CAN,North America,64.5,-71.5,2.7,Low,0,0.0,0.0,0.0
Canada,CAN,North America,65.5,-71.5,2.7,Low,0,0.0,0.0,0.0
Canada,CAN,North America,66.5,-71.5,2.7,Low,0,0.0,0.0,0.0
Canada,CAN,North America,67.5,-71.5,2.7,Low,0,0.0,0.0,0.0
Canada,CAN,North America,68.5,-71.5,2.7,Low,0,0.0,0.0,0.0
Canada,CAN,North America,69.5,-71.5,2.7,Low,0,0.0,0.0,0.0
Canada,CAN,North America,70.5,-71.5,2.7,Low,0,0.0,0.0,0.0
Canada,CAN,North America,80.5,-71.5,2.7,Low,0,0.0,0.0,0.0
Canada,CAN,North America,81.5,-71.5,2.7,Low,0,0.0,0.0,0.0
Canada,CAN,North America,82.5,-71.5,2.7,Low,0,0.0,0.0,0.0
Chile,CHL,South America,-54.5,-70.5,3.1,Low,0,0.0,0.0,0.0
Chile,CHL,South America,-53.5,-70.5,3.1,Low,0,0.0,0.0,0.0
Chile,CHL,South America,-52.5,-70.5,3.1,Low,0,0.0,0.0,0.0
Argentina,ARG,South America,-51.5,-70.5,3.1,Low,0,0.0,0.0,0.0
Argentina,ARG,South America,-50.5,-70.5,3.1,Low,0,0.0,0.0,0.0
Argentina,ARG,South America,-49.5,-70.5,3.1,Low,0,0.0,0.0,0.0
Argentina,ARG,South America,-48.5,-70.5,3.1,Low,0,0.0,0.0,0.0
Argentina,ARG,South America,-47.5,-70.5,3.1,Low,0,0.0,0.0,0.0
Argentina,ARG,South America,-46.5,-70.5,3.1,Low,0,0.0,0.0,0.0
Argentina,ARG,South America,-45.5,-70.5,3.1,Low,0,0.0,0.0,0.0
Argentina,ARG,South America,-44.5,-70.5,3.1,Low,0,0.0,0.0,0.0
Argentina,ARG,South America,-43.5,-70.5,3.1,Low,0,0.0,0.0,0.0
Argentina,ARG,South America,-42.5,-70.5,3.1,Low,0,0.0,0.0,0.0
Argentina,ARG,South America,-41.5,-70.5,3.1,Low,0,0.0,0.0,0.0
Argentina,ARG,South America,-40.5,-70.5,3.1,Low,0,0.0,0.0,0.0
Argentina,ARG,South America,-39.5,-70.5,3.1,Low,0,0.0,0.0,0.0
Argentina,ARG,South America,-38.5,-70.5,3.1,Low,1,6.6,6.6,186.0
Argentina,ARG,South America,-37.5,-70.5,3.1,Low,6,4.8167,5.6,130.615
Argentina,ARG,South America,-36.5,-70.5,3.1,Low,10,4.89,6.0,128.0323
Chile,CHL,South America,-35.5,-70.5,3.1,Low,19,4.7579,6.5,49.3826
Chile,CHL,South America,-34.5,-70.5,3.1,Low,25,4.74,5.4,68.1174
Chile,CHL,South America,-33.5,-70.5,3.1,Low,49,4.7776,6.4,90.856
Chile,CHL,South America,-32.5,-70.5,3.1,Low,43,4.7465,5.7,93.907
Chile,CHL,South America,-31.5,-70.5,3.1,Low,16,4.8375,5.7,87.2825
Chile,CHL,South America,-30.5,-70.5,3.1,Low,6,4.9,5.3,75.2883
Chile,CHL,South America,-29.5,-70.5,3.1,Low,11,4.7182,5.5,70.441
Chile,CHL,South America,-28.5,-70.5,3.1,Low,48,4.7938,6.8,71.6815
Chile,CHL,South America,-27.5,-70.5,3.1,Low,41,4.9488,6.7,49.3512
Chile,CHL,South America,-26.5,-70.5,3.1,Low,26,4.7577,6.1,49.0968
Chile,CHL,South America,-25.5,-70.5,3.1,Low,51,4.9333,5.8,39.3589
Chile,CHL,South America,-24.5,-70.5,3.1,Low,30,5.03,6.3,40.9058
Peru,PER,South America,-17.5,-70.5,4.5,Medium,54,4.8574,5.9,80.9364
Peru,PER,South America,-16.5,-70.5,4.5,Medium,42,4.7857,5.3,51.499
Peru,PER,South America,-15.5,-70.5,4.5,Medium,62,4.7935,6.2,148.2474
Peru,PER,South America,-14.5,-70.5,4.5,Medium,14,5.4214,7.2,157.8293
Peru,PER,South America,-13.5,-70.5,4.5,Medium,8,4.7375,4.9,33.5688
Peru,PER,South America,-12.5,-70.5,4.5,Medium,2,4.85,5.2,30.65
Peru,PER,South America,-11.5,-70.5,4.5,Medium,3,5.4333,7.1,610.93
Brazil,BRA,South America,-10.5,-70.5,5.1,High,4,5.45,7.6,455.94
Brazil,BRA,South America,-9.5,-70.5,5.1,High,1,6.4,6.4,612.0
Brazil,BRA,South America,-8.5,-70.5,5.1,High,0,0.0,0.0,0.0
Brazil,BRA,South America,-7.5,-70.5,5.1,High,0,0.0,0.0,0.0
Brazil,BRA,South America,-6.5,-70.5,5.1,High,0,0.0,0.0,0.0
Brazil,BRA,South America,-5.5,-70.5,5.1,High,0,0.0,0.0,0.0
Brazil,BRA,South America,-4.5,-70.5,5.1,High,0,0.0,0.0,0.0
Colombia,COL,South America,-3.5,-70.5,5.2,High,0,0.0,0.0,0.0
Peru,PER,South America,-2.5,-70.5,4.5,Medium,0,0.0,0.0,0.0
Colombia,COL,South America,-1.5,-70.5,5.2,High,0,0.0,0.0,0.0
Colombia,COL,South America,-0.5,-70.5,5.2,High,0,0.0,0.0,0.0
Colombia,COL,South America,0.5,-70.5,5.2,High,0,0.0,0.0,0.0
Colombia,COL,South America,1.5,-70.5,5.2,High,0,0.0,0.0,0.0
Colombia,COL,South America,2.5,-70.5,5.2,High,0,0.0,0.0,0.0
Colombia,COL,South America,3.5,-70.5,5.2,High,0,0.0,0.0,0.0
Colombia,COL,South America,4.5,-70.5,5.2,High,0,0.0,0.0,0.0
Colombia,COL,South America,5.5,-70.5,5.2,High,0,0.0,0.0,0.0
Colombia,COL,South America,6.5,-70.5,5.2,High,0,0.0,0.0,0.0
Venezuela,VEN,South America,7.5,-70.5,5.7,High,0,0.0,0.0,0.0
Venezuela,VEN,South America,8.5,-70.5,5.7,High,4,4.875,5.6,12.825
Venezuela,VEN,South America,9.5,-70.5,5.7,High,12,4.8167,5.2,11.065
Venezuela,VEN,South America,10.5,-70.5,5.7,High,2,4.75,5.0,20.677
Dominican Republic,DOM,North America,18.5,-70.5,4.2,Medium,14,4.7143,5.5,45.125
Dominican Republic,DOM,North America,19.5,-70.5,4.2,Medium,31,4.7161,6.4,22.384
United States of America,USA,North America,43.5,-70.5,3.2,Low,1,4.67,4.67,16.09
United States of America,USA,North America,44.5,-70.5,3.2,Low,0,0.0,0.0,0.0
United States of America,USA,North America,45.5,-70.5,3.2,Low,0,0.0,0.0,0.0
Canada,CAN,North America,46.5,-70.5,2.7,Low,0,0.0,0.0,0.0
Canada,CAN,North America,47.5,-70.5,2.7,Low,0,0.0,0.0,0.0
Canada,CAN,North America,48.5,-70.5,2.7,Low,0,0.0,0.0,0.0
Canada,CAN,North America,49.5,-70.5,2.7,Low,0,0.0,0.0,0.0
Canada,CAN,North America,50.5,-70.5,2.7,Low,0,0.0,0.0,0.0
Canada,CAN,North America,51.5,-70.5,2.7,Low,0,0.0,0.0,0.0
Canada,CAN,North America,52.5,-70.5,2.7,Low,0,0.0,0.0,0.0
Canada,CAN,North America,53.5,-70.5,2.7,Low,0,0.0,0.0,0.0
Canada,CAN,North America,54.5,-70.5,2.7,Low,0,0.0,0.0,0.0
Canada,CAN,North America,55.5,-70.5,2.7,Low,0,0.0,0.0,0.0
Canada,CAN,North America,56.5,-70.5,2.7,Low,0,0.0,0.0,0.0
Canada,CAN,North America,57.5,-70.5,2.7,Low,0,0.0,0.0,0.0
Canada,CAN,North America,58.5,-70.5,2.7,Low,0,0.0,0.0,0.0
Canada,CAN,North America,59.5,-70.5,2.7,Low,0,0.0,0.0,0.0
Canada,CAN,North America,60.5,-70.5,2.7,Low,0,0.0,0.0,0.0
Canada,CAN,North America,63.5,-70.5,2.7,Low,0,0.0,0.0,0.0
Canada,CAN,North America,64.5,-70.5,2.7,Low,0,0.0,0.0,0.0
Canada,CAN,North America,65.5,-70.5,2.7,Low,0,0.0,0.0,0.0
Canada,CAN,North America,66.5,-70.5,2.7,Low,0,0.0,0.0,0.0
Canada,CAN,North America,67.5,-70.5,2.7,Low,0,0.0,0.0,0.0
Canada,CAN,North America,68.5,-70.5,2.7,Low,0,0.0,0.0,0.0
Canada,CAN,North America,69.5,-70.5,2.7,Low,0,0.0,0.0,0.0
Canada,CAN,North America,70.5,-70.5,2.7,Low,0,0.0,0.0,0.0
Canada,CAN,North America,80.5,-70.5,2.7,Low,0,0.0,0.0,0.0
Canada,CAN,North America,81.5,-70.5,2.7,Low,0,0.0,0.0,0.0
Canada,CAN,North America,82.5,-70.5,2.7,Low,0,0.0,0.0,0.0
Chile,CHL,South America,-54.5,-69.5,3.1,Low,2,4.55,4.6,12.05
Chile,CHL,South America,-53.5,-69.5,3.1,Low,0,0.0,0.0,0.0
Argentina,ARG,South America,-51.5,-69.5,3.1,Low,0,0.0,0.0,0.0
Argentina,ARG,South America,-50.5,-69.5,3.1,Low,0,0.0,0.0,0.0
Argentina,ARG,South America,-49.5,-69.5,3.1,Low,0,0.0,0.0,0.0
Argentina,ARG,South America,-48.5,-69.5,3.1,Low,0,0.0,0.0,0.0
Argentina,ARG,South America,-47.5,-69.5,3.1,Low,0,0.0,0.0,0.0
Argentina,ARG,South America,-46.5,-69.5,3.1,Low,1,4.9,4.9,10.0
Argentina,ARG,South America,-45.5,-69.5,3.1,Low,0,0.0,0.0,0.0
Argentina,ARG,South America,-44.5,-69.5,3.1,Low,0,0.0,0.0,0.0
Argentina,ARG,South America,-43.5,-69.5,3.1,Low,0,0.0,0.0,0.0
Argentina,ARG,South America,-42.5,-69.5,3.1,Low,0,0.0,0.0,0.0
Argentina,ARG,South America,-41.5,-69.5,3.1,Low,0,0.0,0.0,0.0
Argentina,ARG,South America,-40.5,-69.5,3.1,Low,0,0.0,0.0,0.0
Argentina,ARG,South America,-39.5,-69.5,3.1,Low,0,0.0,0.0,0.0
Argentina,ARG,South America,-38.5,-69.5,3.1,Low,0,0.0,0.0,0.0
Argentina,ARG,South America,-37.5,-69.5,3.1,Low,0,0.0,0.0,0.0
Argentina,ARG,South America,-36.5,-69.5,3.1,Low,1,4.6,4.6,172.653
Argentina,ARG,South America,-35.5,-69.5,3.1,Low,2,4.75,5.0,102.0215
Argentina,ARG,South America,-34.5,-69.5,3.1,Low,4,4.7,4.9,95.2125
Argentina,ARG,South America,-33.5,-69.5,3.1,Low,9,4.9111,5.4,62.8011
Argentina,ARG,South America,-32.5,-69.5,3.1,Low,33,4.703,5.4,93.1837
Argentina,ARG,South America,-31.5,-69.5,3.1,Low,86,4.7,6.3,108.9826
Argentina,ARG,South America,-30.5,-69.5,3.1,Low,14,4.6714,5.1,79.7451
Argentina,ARG,South America,-29.5,-69.5,3.1,Low,30,4.72,5.5,107.0627
Argentina,ARG,South America,-28.5,-69.5,3.1,Low,22,4.75,5.8,102.2749
Chile,CHL,South America,-27.5,-69.5,3.1,Low,23,4.7696,5.4,98.9078
Chile,CHL,South America,-26.5,-69.5,3.1,Low,11,4.9182,5.4,25.9927
Chile,CHL,South America,-25.5,-69.5,3.1,Low,14,4.8429,5.5,69.9034
Chile,CHL,South America,-24.5,-69.5,3.1,Low,25,4.84,5.8,79.1332
Chile,CHL,South America,-23.5,-69.5,3.1,Low,40,4.7875,5.9,81.9048
Chile,CHL,South America,-22.5,-69.5,3.1,Low,23,4.913,7.7,76.6894
Chile,CHL,South America,-21.5,-69.5,3.1,Low,34,4.7794,6.2,67.8423
Chile,CHL,South America,-20.5,-69.5,3.1,Low,94,4.7351,6.1,95.1549
Chile,CHL,South America,-19.5,-69.5,3.1,Low,134,4.8612,7.8,100.0114
Chile,CHL,South America,-18.5,-69.5,3.1,Low,110,4.8273,6.4,115.0022
Bolivia,BOL,South America,-17.5,-69.5,4.2,Medium,100,4.789,6.2,123.9416
Peru,PER,South America,-16.5,-69.5,4.5,Medium,36,4.7,5.4,180.6712
Peru,PER,South America,-15.5,-69.5,4.5,Medium,12,4.8583,5.9,235.5636
Peru,PER,South America,-14.5,-69.5,4.5,Medium,0,0.0,0.0,0.0
Peru,PER,South America,-13.5,-69.5,4.5,Medium,3,4.6667,4.9,229.2967
Peru,PER,South America,-12.5,-69.5,4.5,Medium,0,0.0,0.0,0.0
Peru,PER,South America,-11.5,-69.5,4.5,Medium,0,0.0,0.0,0.0
Brazil,BRA,South America,-10.5,-69.5,5.1,High,0,0.0,0.0,0.0
Brazil,BRA,South America,-9.5,-69.5,5.1,High,0,0.0,0.0,0.0
Brazil,BRA,South America,-8.5,-69.5,5.1,High,0,0.0,0.0,0.0
Brazil,BRA,South America,-7.5,-69.5,5.1,High,0,0.0,0.0,0.0
Brazil,BRA,South America,-6.5,-69.5,5.1,High,0,0.0,0.0,0.0
Brazil,BRA,South America,-5.5,-69.5,5.1,High,0,0.0,0.0,0.0
Brazil,BRA,South America,-4.5,-69.5,5.1,High,0,0.0,0.0,0.0
Brazil,BRA,South America,-3.5,-69.5,5.1,High,0,0.0,0.0,0.0
Brazil,BRA,South America,-2.5,-69.5,5.1,High,0,0.0,0.0,0.0
Colombia,COL,South America,-1.5,-69.5,5.2,High,0,0.0,0.0,0.0
Brazil,BRA,South America,-0.5,-69.5,5.1,High,0,0.0,0.0,0.0
Brazil,BRA,South America,0.5,-69.5,5.1,High,0,0.0,0.0,0.0
Brazil,BRA,South America,1.5,-69.5,5.1,High,0,0.0,0.0,0.0
Colombia,COL,South America,2.5,-69.5,5.2,High,0,0.0,0.0,0.0
Colombia,COL,South America,3.5,-69.5,5.2,High,0,0.0,0.0,0.0
Colombia,COL,South America,4.5,-69.5,5.2,High,0,0.0,0.0,0.0
Colombia,COL,South America,5.5,-69.5,5.2,High,0,0.0,0.0,0.0
Venezuela,VEN,South America,6.5,-69.5,5.7,High,0,0.0,0.0,0.0
Venezuela,VEN,South America,7.5,-69.5,5.7,High,0,0.0,0.0,0.0
Venezuela,VEN,South America,8.5,-69.5,5.7,High,1,4.5,4.5,9.0
Venezuela,VEN,South America,9.5,-69.5,5.7,High,13,4.7077,5.3,12.6923
Venezuela,VEN,South America,10.5,-69.5,5.7,High,11,4.7,5.4,10.1718
Dominican Republic,DOM,North America,18.5,-69.5,4.2,Medium,13,4.6385,5.1,106.5126
United States of America,USA,North America,44.5,-69.5,3.2,Low,0,0.0,0.0,0.0
United States of America,USA,North America,45.5,-69.5,3.2,Low,0,0.0,0.0,0.0
United States of America,USA,North America,46.5,-69.5,3.2,Low,0,0.0,0.0,0.0
Canada,CAN,North America,47.5,-69.5,2.7,Low,1,4.9,4.9,13.3
Canada,CAN,North America,48.5,-69.5,2.7,Low,0,0.0,0.0,0.0
Canada,CAN,North America,49.5,-69.5,2.7,Low,0,0.0,0.0,0.0
Canada,CAN,North America,50.5,-69.5,2.7,Low,0,0.0,0.0,0.0
Canada,CAN,North America,51.5,-69.5,2.7,Low,0,0.0,0.0,0.0
Canada,CAN,North America,52.5,-69.5,2.7,Low,0,0.0,0.0,0.0
Canada,CAN,North America,53.5,-69.5,2.7,Low,0,0.0,0.0,0.0
Canada,CAN,North America,54.5,-69.5,2.7,Low,0,0.0,0.0,0.0
Canada,CAN,North America,55.5,-69.5,2.7,Low,0,0.0,0.0,0.0
Canada,CAN,North America,56.5,-69.5,2.7,Low,0,0.0,0.0,0.0
Canada,CAN,North America,57.5,-69.5,2.7,Low,0,0.0,0.0,0.0
Canada,CAN,North America,58.5,-69.5,2.7,Low,0,0.0,0.0,0.0
Canada,CAN,North America,59.5,-69.5,2.7,Low,0,0.0,0.0,0.0
Canada,CAN,North America,62.5,-69.5,2.7,Low,0,0.0,0.0,0.0
Canada,CAN,North America,63.5,-69.5,2.7,Low,0,0.0,0.0,0.0
Canada,CAN,North America,64.5,-69.5,2.7,Low,0,0.0,0.0,0.0
Canada,CAN,North America,65.5,-69.5,2.7,Low,0,0.0,0.0,0.0
Canada,CAN,North America,66.5,-69.5,2.7,Low,0,0.0,0.0,0.0
Canada,CAN,North America,67.5,-69.5,2.7,Low,0,0.0,0.0,0.0
Canada,CAN,North America,68.5,-69.5,2.7,Low,0,0.0,0.0,0.0
Canada,CAN,North America,69.5,-69.5,2.7,Low,0,0.0,0.0,0.0
Canada,CAN,North America,70.5,-69.5,2.7,Low,0,0.0,0.0,0.0
Canada,CAN,North America,81.5,-69.5,2.7,Low,0,0.0,0.0,0.0
Canada,CAN,North America,82.5,-69.5,2.7,Low,0,0.0,0.0,0.0
Chile,CHL,South America,-55.5,-68.5,3.1,Low,0,0.0,0.0,0.0
Argentina,ARG,South America,-54.5,-68.5,3.1,Low,0,0.0,0.0,0.0
Argentina,ARG,South America,-53.5,-68.5,3.1,Low,0,0.0,0.0,0.0
Argentina,ARG,South America,-49.5,-68.5,3.1,Low,0,0.0,0.0,0.0
Argentina,ARG,South America,-48.5,-68.5,3.1,Low,0,0.0,0.0,0.0
Argentina,ARG,South America,-47.5,-68.5,3.1,Low,0,0.0,0.0,0.0
Argentina,ARG,South America,-46.5,-68.5,3.1,Low,0,0.0,0.0,0.0
Argentina,ARG,South America,-45.5,-68.5,3.1,Low,0,0.0,0.0,0.0
Argentina,ARG,South America,-44.5,-68.5,3.1,Low,0,0.0,0.0,0.0
Argentina,ARG,South America,-43.5,-68.5,3.1,Low,0,0.0,0.0,0.0
Argentina,ARG,South America,-42.5,-68.5,3.1,Low,0,0.0,0.0,0.0
Argentina,ARG,South America,-41.5,-68.5,3.1,Low,0,0.0,0.0,0.0
Argentina,ARG,South America,-40.5,-68.5,3.1,Low,0,0.0,0.0,0.0
Argentina,ARG,South America,-39.5,-68.5,3.1,Low,0,0.0,0.0,0.0
Argentina,ARG,South America,-38.5,-68.5,3.1,Low,2,4.75,5.0,11.92
Argentina,ARG,South America,-37.5,-68.5,3.1,Low,0,0.0,0.0,0.0
Argentina,ARG,South America,-36.5,-68.5,3.1,Low,0,0.0,0.0,0.0
Argentina,ARG,South America,-35.5,-68.5,3.1,Low,0,0.0,0.0,0.0
Argentina,ARG,South America,-34.5,-68.5,3.1,Low,2,4.5,4.5,42.05
Argentina,ARG,South America,-33.5,-68.5,3.1,Low,17,4.8882,5.8,56.9122
Argentina,ARG,South America,-32.5,-68.5,3.1,Low,17,4.7,5.1,79.1101
Argentina,ARG,South America,-31.5,-68.5,3.1,Low,109,4.7459,6.4,91.1169
Argentina,ARG,South America,-30.5,-68.5,3.1,Low,12,4.7917,5.2,68.6911
Argentina,ARG,South America,-29.5,-68.5,3.1,Low,21,4.7333,5.7,80.1252
Argentina,ARG,South America,-28.5,-68.5,3.1,Low,26,4.8385,6.0,98.2672
Argentina,ARG,South America,-27.5,-68.5,3.1,Low,1,4.6,4.6,94.2
Argentina,ARG,South America,-26.5,-68.5,3.1,Low,4,4.675,4.9,79.925
Chile,CHL,South America,-25.5,-68.5,3.1,Low,9,4.7444,5.4,108.0508
Chile,CHL,South America,-24.5,-68.5,3.1,Low,17,4.8471,5.8,105.2929
Chile,CHL,South America,-23.5,-68.5,3.1,Low,76,4.8276,6.8,110.0532
Chile,CHL,South America,-22.5,-68.5,3.1,Low,154,4.8675,6.3,110.8406
Chile,CHL,South America,-21.5,-68.5,3.1,Low,292,4.7627,6.5,119.3896
Bolivia,BOL,South America,-20.5,-68.5,4.2,Medium,120,4.8142,6.2,113.2249
Chile,CHL,South America,-19.5,-68.5,3.1,Low,56,4.875,5.8,111.9376
Bolivia,BOL,South America,-18.5,-68.5,4.2,Medium,12,4.675,5.0,135.9412
Bolivia,BOL,South America,-17.5,-68.5,4.2,Medium,2,4.65,4.8,195.316
Bolivia,BOL,South America,-16.5,-68.5,4.2,Medium,2,4.55,4.6,223.15
Bolivia,BOL,South America,-15.5,-68.5,4.2,Medium,0,0.0,0.0,0.0
Bolivia,BOL,South America,-14.5,-68.5,4.2,Medium,0,0.0,0.0,0.0
Bolivia,BOL,South America,-13.5,-68.5,4.2,Medium,0,0.0,0.0,0.0
Bolivia,BOL,South America,-12.5,-68.5,4.2,Medium,0,0.0,0.0,0.0
Bolivia,BOL,South America,-11.5,-68.5,4.2,Medium,0,0.0,0.0,0.0
Brazil,BRA,South America,-10.5,-68.5,5.1,High,0,0.0,0.0,0.0
Brazil,BRA,South America,-9.5,-68.5,5.1,High,0,0.0,0.0,0.0
Brazil,BRA,South America,-8.5,-68.5,5.1,High,0,0.0,0.0,0.0
Brazil,BRA,South America,-7.5,-68.5,5.1,High,0,0.0,0.0,0.0
Brazil,BRA,South America,-6.5,-68.5,5.1,High,0,0.0,0.0,0.0
Brazil,BRA,South America,-5.5,-68.5,5.1,High,0,0.0,0.0,0.0
Brazil,BRA,South America,-4.5,-68.5,5.1,High,0,0.0,0.0,0.0
Brazil,BRA,South America,-3.5,-68.5,5.1,High,0,0.0,0.0,0.0
Brazil,BRA,South America,-2.5,-68.5,5.1,High,0,0.0,0.0,0.0
Brazil,BRA,South America,-1.5,-68.5,5.1,High,0,0.0,0.0,0.0
Brazil,BRA,South America,-0.5,-68.5,5.1,High,0,0.0,0.0,0.0
Brazil,BRA,South America,0.5,-68.5,5.1,High,0,0.0,0.0,0.0
Brazil,BRA,South America,1.5,-68.5,5.1,High,0,0.0,0.0,0.0
Colombia,COL,South America,2.5,-68.5,5.2,High,0,0.0,0.0,0.0
Colombia,COL,South America,3.5,-68.5,5.2,High,0,0.0,0.0,0.0
Colombia,COL,South America,4.5,-68.5,5.2,High,0,0.0,0.0,0.0
Colombia,COL,South America,5.5,-68.5,5.2,High,0,0.0,0.0,0.0
Venezuela,VEN,South America,6.5,-68.5,5.7,High,0,0.0,0.0,0.0
Venezuela,VEN,South America,7.5,-68.5,5.7,High,0,0.0,0.0,0.0
Venezuela,VEN,South America,8.5,-68.5,5.7,High,0,0.0,0.0,0.0
Venezuela,VEN,South America,9.5,-68.5,5.7,High,0,0.0,0.0,0.0
Venezuela,VEN,South America,10.5,-68.5,5.7,High,2,4.75,4.8,18.0
Dominican Republic,DOM,North America,18.5,-68.5,4.2,Medium,23,4.8235,5.8,108.6478
United States of America,USA,North America,44.5,-68.5,3.2,Low,0,0.0,0.0,0.0
United States of America,USA,North America,45.5,-68.5,3.2,Low,0,0.0,0.0,0.0
United States of America,USA,North America,46.5,-68.5,3.2,Low,0,0.0,0.0,0.0
Canada,CAN,North America,47.5,-68.5,2.7,Low,0,0.0,0.0,0.0
Canada,CAN,North America,49.5,-68.5,2.7,Low,0,0.0,0.0,0.0
Canada,CAN,North America,50.5,-68.5,2.7,Low,0,0.0,0.0,0.0
Canada,CAN,North America,51.5,-68.5,2.7,Low,0,0.0,0.0,0.0
Canada,CAN,North America,52.5,-68.5,2.7,Low,0,0.0,0.0,0.0
Canada,CAN,North America,53.5,-68.5,2.7,Low,0,0.0,0.0,0.0
Canada,CAN,North America,54.5,-68.5,2.7,Low,0,0.0,0.0,0.0
Canada,CAN,North America,55.5,-68.5,2.7,Low,0,0.0,0.0,0.0
Canada,CAN,North America,56.5,-68.5,2.7,Low,0,0.0,0.0,0.0
Canada,CAN,North America,57.5,-68.5,2.7,Low,0,0.0,0.0,0.0
Canada,CAN,North America,58.5,-68.5,2.7,Low,0,0.0,0.0,0.0
Canada,CAN,North America,62.5,-68.5,2.7,Low,0,0.0,0.0,0.0
Canada,CAN,North America,63.5,-68.5,2.7,Low,0,0.0,0.0,0.0
Canada,CAN,North America,64.5,-68.5,2.7,Low,0,0.0,0.0,0.0
Canada,CAN,North America,65.5,-68.5,2.7,Low,0,0.0,0.0,0.0
Canada,CAN,North America,66.5,-68.5,2.7,Low,0,0.0,0.0,0.0
Canada,CAN,North America,67.5,-68.5,2.7,Low,0,0.0,0.0,0.0
Canada,CAN,North America,68.5,-68.5,2.7,Low,0,0.0,0.0,0.0
Canada,CAN,North America,69.5,-68.5,2.7,Low,0,0.0,0.0,0.0
Canada,CAN,North America,81.5,-68.5,2.7,Low,0,0.0,0.0,0.0
Canada,CAN,North America,82.5,-68.5,2.7,Low,0,0.0,0.0,0.0
Argentina,ARG,South America,-54.5,-67.5,3.1,Low,0,0.0,0.0,0.0
Argentina,ARG,South America,-48.5,-67.5,3.1,Low,0,0.0,0.0,0.0
Argentina,ARG,South America,-47.5,-67.5,3.1,Low,0,0.0,0.0,0.0
Argentina,ARG,South America,-46.5,-67.5,3.1,Low,0,0.0,0.0,0.0
Argentina,ARG,South America,-45.5,-67.5,3.1,Low,0,0.0,0.0,0.0
Argentina,ARG,South America,-44.5,-67.5,3.1,Low,0,0.0,0.0,0.0
Argentina,ARG,South America,-43.5,-67.5,3.1,Low,0,0.0,0.0,0.0
Argentina,ARG,South America,-42.5,-67.5,3.1,Low,0,0.0,0.0,0.0
Argentina,ARG,South America,-41.5,-67.5,3.1,Low,0,0.0,0.0,0.0
Argentina,ARG,South America,-40.5,-67.5,3.1,Low,0,0.0,0.0,0.0
Argentina,ARG,South America,-39.5,-67.5,3.1,Low,0,0.0,0.0,0.0
Argentina,ARG,South America,-38.5,-67.5,3.1,Low,0,0.0,0.0,0.0
Argentina,ARG,South America,-37.5,-67.5,3.1,Low,0,0.0,0.0,0.0
Argentina,ARG,South America,-36.5,-67.5,3.1,Low,0,0.0,0.0,0.0
Argentina,ARG,South America,-35.5,-67.5,3.1,Low,2,4.95,5.1,33.0
Argentina,ARG,South America,-34.5,-67.5,3.1,Low,2,4.75,4.8,17.15
Argentina,ARG,South America,-33.5,-67.5,3.1,Low,6,4.5833,4.7,109.64
Argentina,ARG,South America,-32.5,-67.5,3.1,Low,13,4.9,6.3,113.6208
Argentina,ARG,South America,-31.5,-67.5,3.1,Low,40,4.7825,6.2,73.5377
Argentina,ARG,South America,-30.5,-67.5,3.1,Low,10,4.81,5.4,36.15
Argentina,ARG,South America,-29.5,-67.5,3.1,Low,14,4.8286,5.8,112.7321
Argentina,ARG,South America,-28.5,-67.5,3.1,Low,59,4.7153,5.7,121.528
Argentina,ARG,South America,-27.5,-67.5,3.1,Low,18,4.8,5.2,132.3461
Argentina,ARG,South America,-26.5,-67.5,3.1,Low,2,4.6,4.7,22.99
Argentina,ARG,South America,-25.5,-67.5,3.1,Low,1,5.5,5.5,129.5
Argentina,ARG,South America,-24.5,-67.5,3.1,Low,188,4.6856,6.6,178.6677
Chile,CHL,South America,-23.5,-67.5,3.1,Low,51,4.7863,6.3,163.3549
Bolivia,BOL,South America,-22.5,-67.5,4.2,Medium,53,4.7585,6.8,162.6492
Bolivia,BOL,South America,-21.5,-67.5,4.2,Medium,54,4.6685,5.7,182.6551
Bolivia,BOL,South America,-20.5,-67.5,4.2,Medium,22,4.6682,5.3,185.125
Bolivia,BOL,South America,-19.5,-67.5,4.2,Medium,8,4.5625,4.8,229.5682
Bolivia,BOL,South America,-18.5,-67.5,4.2,Medium,7,4.7429,5.2,189.994
Bolivia,BOL,South America,-17.5,-67.5,4.2,Medium,0,0.0,0.0,0.0
Bolivia,BOL,South America,-16.5,-67.5,4.2,Medium,1,4.9,4.9,16.67
Bolivia,BOL,South America,-15.5,-67.5,4.2,Medium,0,0.0,0.0,0.0
Bolivia,BOL,South America,-14.5,-67.5,4.2,Medium,0,0.0,0.0,0.0
Bolivia,BOL,South America,-13.5,-67.5,4.2,Medium,0,0.0,0.0,0.0
Bolivia,BOL,South America,-12.5,-67.5,4.2,Medium,0,0.0,0.0,0.0
Bolivia,BOL,South America,-11.5,-67.5,4.2,Medium,0,0.0,0.0,0.0
Bolivia,BOL,South America,-10.5,-67.5,4.2,Medium,0,0.0,0.0,0.0
Brazil,BRA,South America,-9.5,-67.5,5.1,High,0,0.0,0.0,0.0
Brazil,BRA,South America,-8.5,-67.5,5.1,High,0,0.0,0.0,0.0
Brazil,BRA,South America,-7.5,-67.5,5.1,High,0,0.0,0.0,0.0
Brazil,BRA,South America,-6.5,-67.5,5.1,High,0,0.0,0.0,0.0
Brazil,BRA,South America,-5.5,-67.5,5.1,High,0,0.0,0.0,0.0
Brazil,BRA,South America,-4.5,-67.5,5.1,High,0,0.0,0.0,0.0
Brazil,BRA,South America,-3.5,-67.5,5.1,High,0,0.0,0.0,0.0
Brazil,BRA,South America,-2.5,-67.5,5.1,High,0,0.0,0.0,0.0
Brazil,BRA,South America,-1.5,-67.5,5.1,High,0,0.0,0.0,0.0
Brazil,BRA,South America,-0.5,-67.5,5.1,High,0,0.0,0.0,0.0
Brazil,BRA,South America,0.5,-67.5,5.1,High,0,0.0,0.0,0.0
Brazil,BRA,South America,1.5,-67.5,5.1,High,0,0.0,0.0,0.0
Colombia,COL,South America,2.5,-67.5,5.2,High,0,0.0,0.0,0.0
Colombia,COL,South America,3.5,-67.5,5.2,High,0,0.0,0.0,0.0
Venezuela,VEN,South America,4.5,-67.5,5.7,High,0,0.0,0.0,0.0
Venezuela,VEN,South America,5.5,-67.5,5.7,High,0,0.0,0.0,0.0
Venezuela,VEN,South America,6.5,-67.5,5.7,High,0,0.0,0.0,0.0
Venezuela,VEN,South America,7.5,-67.5,5.7,High,0,0.0,0.0,0.0
Venezuela,VEN,South America,8.5,-67.5,5.7,High,0,0.0,0.0,0.0
Venezuela,VEN,South America,9.5,-67.5,5.7,High,0,0.0,0.0,0.0
Venezuela,VEN,South America,10.5,-67.5,5.7,High,5,5.38,6.4,9.62
Canada,CAN,North America,45.5,-67.5,2.7,Low,0,0.0,0.0,0.0
Canada,CAN,North America,46.5,-67.5,2.7,Low,0,0.0,0.0,0.0
Canada,CAN,North America,47.5,-67.5,2.7,Low,0,0.0,0.0,0.0
Canada,CAN,North America,48.5,-67.5,2.7,Low,0,0.0,0.0,0.0
Canada,CAN,North America,49.5,-67.5,2.7,Low,0,0.0,0.0,0.0
Canada,CAN,North America,50.5,-67.5,2.7,Low,0,0.0,0.0,0.0
Canada,CAN,North America,51.5,-67.5,2.7,Low,0,0.0,0.0,0.0
Canada,CAN,North America,52.5,-67.5,2.7,Low,0,0.0,0.0,0.0
Canada,CAN,North America,53.5,-67.5,2.7,Low,0,0.0,0.0,0.0
Canada,CAN,North America,54.5,-67.5,2.7,Low,0,0.0,0.0,0.0
Canada,CAN,North America,55.5,-67.5,2.7,Low,0,0.0,0.0,0.0
Canada,CAN,North America,56.5,-67.5,2.7,Low,0,0.0,0.0,0.0
Canada,CAN,North America,57.5,-67.5,2.7,Low,0,0.0,0.0,0.0
Canada,CAN,North America,62.5,-67.5,2.7,Low,0,0.0,0.0,0.0
Canada,CAN,North America,63.5,-67.5,2.7,Low,0,0.0,0.0,0.0
Canada,CAN,North America,64.5,-67.5,2.7,Low,0,0.0,0.0,0.0
Canada,CAN,North America,66.5,-67.5,2.7,Low,0,0.0,0.0,0.0
Canada,CAN,North America,67.5,-67.5,2.7,Low,0,0.0,0.0,0.0
Canada,CAN,North America,69.5,-67.5,2.7,Low,0,0.0,0.0,0.0
Canada,CAN,North America,81.5,-67.5,2.7,Low,0,0.0,0.0,0.0
Canada,CAN,North America,82.5,-67.5,2.7,Low,0,0.0,0.0,0.0
Argentina,ARG,South America,-54.5,-66.5,3.1,Low,0,0.0,0.0,0.0
Argentina,ARG,South America,-47.5,-66.5,3.1,Low,0,0.0,0.0,0.0
Argentina,ARG,South America,-44.5,-66.5,3.1,Low,0,0.0,0.0,0.0
Argentina,ARG,South America,-43.5,-66.5,3.1,Low,0,0.0,0.0,0.0
Argentina,ARG,South America,-42.5,-66.5,3.1,Low,0,0.0,0.0,0.0
Argentina,ARG,South America,-41.5,-66.5,3.1,Low,0,0.0,0.0,0.0
Argentina,ARG,South America,-40.5,-66.5,3.1,Low,0,0.0,0.0,0.0
Argentina,ARG,South America,-39.5,-66.5,3.1,Low,0,0.0,0.0,0.0
Argentina,ARG,South America,-38.5,-66.5,3.1,Low,0,0.0,0.0,0.0
Argentina,ARG,South America,-37.5,-66.5,3.1,Low,0,0.0,0.0,0.0
Argentina,ARG,South America,-36.5,-66.5,3.1,Low,0,0.0,0.0,0.0
Argentina,ARG,South America,-35.5,-66.5,3.1,Low,0,0.0,0.0,0.0
Argentina,ARG,South America,-34.5,-66.5,3.1,Low,1,4.7,4.7,11.6
Argentina,ARG,South America,-33.5,-66.5,3.1,Low,1,5.7,5.7,10.0
Argentina,ARG,South America,-32.5,-66.5,3.1,Low,5,4.8,5.5,61.382
Argentina,ARG,South America,-31.5,-66.5,3.1,Low,16,4.6812,5.2,121.5106
Argentina,ARG,South America,-30.5,-66.5,3.1,Low,2,4.6,4.6,24.845
Argentina,ARG,South America,-29.5,-66.5,3.1,Low,3,4.5667,4.6,33.5
Argentina,ARG,South America,-28.5,-66.5,3.1,Low,20,4.8,6.0,137.5466
Argentina,ARG,South America,-27.5,-66.5,3.1,Low,71,4.762,5.7,150.1094
Argentina,ARG,South America,-26.5,-66.5,3.1,Low,3,4.8333,4.9,64.8933
Argentina,ARG,South America,-25.5,-66.5,3.1,Low,6,4.9167,5.8,84.8788
Argentina,ARG,South America,-24.5,-66.5,3.1,Low,180,4.7272,6.1,180.4671
Argentina,ARG,South America,-23.5,-66.5,3.1,Low,200,4.741,7.2,202.4991
Argentina,ARG,South America,-22.5,-66.5,3.1,Low,108,4.7824,6.2,234.4826
Bolivia,BOL,South America,-21.5,-66.5,4.2,Medium,50,4.636,5.4,216.7179
Bolivia,BOL,South America,-20.5,-66.5,4.2,Medium,9,4.7111,5.3,237.1026
Bolivia,BOL,South America,-19.5,-66.5,4.2,Medium,11,4.9364,6.1,228.0916
Bolivia,BOL,South America,-18.5,-66.5,4.2,Medium,7,4.6143,4.9,260.5831
Bolivia,BOL,South America,-17.5,-66.5,4.2,Medium,5,4.62,5.0,129.048
Bolivia,BOL,South America,-16.5,-66.5,4.2,Medium,0,0.0,0.0,0.0
Bolivia,BOL,South America,-15.5,-66.5,4.2,Medium,0,0.0,0.0,0.0
Bolivia,BOL,South America,-14.5,-66.5,4.2,Medium,0,0.0,0.0,0.0
Bolivia,BOL,South America,-13.5,-66.5,4.2,Medium,0,0.0,0.0,0.0
Bolivia,BOL,South America,-12.5,-66.5,4.2,Medium,0,0.0,0.0,0.0
Bolivia,BOL,South America,-11.5,-66.5,4.2,Medium,0,0.0,0.0,0.0
Bolivia,BOL,South America,-10.5,-66.5,4.2,Medium,0,0.0,0.0,0.0
Brazil,BRA,South America,-9.5,-66.5,5.1,High,0,0.0,0.0,0.0
Brazil,BRA,South America,-8.5,-66.5,5.1,High,0,0.0,0.0,0.0
Brazil,BRA,South America,-7.5,-66.5,5.1,High,0,0.0,0.0,0.0
Brazil,BRA,South America,-6.5,-66.5,5.1,High,0,0.0,0.0,0.0
Brazil,BRA,South America,-5.5,-66.5,5.1,High,0,0.0,0.0,0.0
Brazil,BRA,South America,-4.5,-66.5,5.1,High,0,0.0,0.0,0.0
Brazil,BRA,South America,-3.5,-66.5,5.1,High,0,0.0,0.0,0.0
Brazil,BRA,South America,-2.5,-66.5,5.1,High,0,0.0,0.0,0.0
Brazil,BRA,South America,-1.5,-66.5,5.1,High,0,0.0,0.0,0.0
Brazil,BRA,South America,-0.5,-66.5,5.1,High,0,0.0,0.0,0.0
Brazil,BRA,South America,0.5,-66.5,5.1,High,0,0.0,0.0,0.0
Venezuela,VEN,South America,1.5,-66.5,5.7,High,0,0.0,0.0,0.0
Venezuela,VEN,South America,2.5,-66.5,5.7,High,0,0.0,0.0,0.0
Venezuela,VEN,South America,3.5,-66.5,5.7,High,0,0.0,0.0,0.0
Venezuela,VEN,South America,4.5,-66.5,5.7,High,0,0.0,0.0,0.0
Venezuela,VEN,South America,5.5,-66.5,5.7,High,0,0.0,0.0,0.0
Venezuela,VEN,South America,6.5,-66.5,5.7,High,0,0.0,0.0,0.0
Venezuela,VEN,South America,7.5,-66.5,5.7,High,0,0.0,0.0,0.0
Venezuela,VEN,South America,8.5,-66.5,5.7,High,0,0.0,0.0,0.0
Venezuela,VEN,South America,9.5,-66.5,5.7,High,1,4.5,4.5,10.0
Venezuela,VEN,South America,10.5,-66.5,5.7,High,1,4.5,4.5,11.03
Canada,CAN,North America,45.5,-66.5,2.7,Low,0,0.0,0.0,0.0
Canada,CAN,North America,46.5,-66.5,2.7,Low,0,0.0,0.0,0.0
Canada,CAN,North America,47.5,-66.5,2.7,Low,0,0.0,0.0,0.0
Canada,CAN,North America,48.5,-66.5,2.7,Low,0,0.0,0.0,0.0
Canada,CAN,North America,50.5,-66.5,2.7,Low,0,0.0,0.0,0.0
Canada,CAN,North America,51.5,-66.5,2.7,Low,0,0.0,0.0,0.0
Canada,CAN,North America,52.5,-66.5,2.7,Low,0,0.0,0.0,0.0
Canada,CAN,North America,53.5,-66.5,2.7,Low,0,0.0,0.0,0.0
Canada,CAN,North America,54.5,-66.5,2.7,Low,0,0.0,0.0,0.0
Canada,CAN,North America,55.5,-66.5,2.7,Low,0,0.0,0.0,0.0
Canada,CAN,North America,56.5,-66.5,2.7,Low,0,0.0,0.0,0.0
Canada,CAN,North America,57.5,-66.5,2.7,Low,0,0.0,0.0,0.0
Canada,CAN,North America,58.5,-66.5,2.7,Low,0,0.0,0.0,0.0
Canada,CAN,North America,63.5,-66.5,2.7,Low,0,0.0,0.0,0.0
Canada,CAN,North America,64.5,-66.5,2.7,Low,0,0.0,0.0,0.0
Canada,CAN,North America,66.5,-66.5,2.7,Low,0,0.0,0.0,0.0
Canada,CAN,North America,67.5,-66.5,2.7,Low,1,4.7,4.7,14.05
Canada,CAN,North America,81.5,-66.5,2.7,Low,0,0.0,0.0,0.0
Canada,CAN,North America,82.5,-66.5,2.7,Low,0,0.0,0.0,0.0
Argentina,ARG,South America,-44.5,-65.5,3.1,Low,0,0.0,0.0,0.0
Argentina,ARG,South America,-43.5,-65.5,3.1,Low,0,0.0,0.0,0.0
Argentina,ARG,South America,-42.5,-65.5,3.1,Low,0,0.0,0.0,0.0
Argentina,ARG,South America,-41.5,-65.5,3.1,Low,0,0.0,0.0,0.0
Argentina,ARG,South America,-40.5,-65.5,3.1,Low,0,0.0,0.0,0.0
Argentina,ARG,South America,-39.5,-65.5,3.1,Low,0,0.0,0.0,0.0
Argentina,ARG,South America,-38.5,-65.5,3.1,Low,0,0.0,0.0,0.0
Argentina,ARG,South America,-37.5,-65.5,3.1,Low,0,0.0,0.0,0.0
Argentina,ARG,South America,-36.5,-65.5,3.1,Low,0,0.0,0.0,0.0
Argentina,ARG,South America,-35.5,-65.5,3.1,Low,0,0.0,0.0,0.0
Argentina,ARG,South America,-34.5,-65.5,3.1,Low,0,0.0,0.0,0.0
Argentina,ARG,South America,-33.5,-65.5,3.1,Low,0,0.0,0.0,0.0
Argentina,ARG,South America,-32.5,-65.5,3.1,Low,1,4.5,4.5,10.0
Argentina,ARG,South America,-31.5,-65.5,3.1,Low,3,5.0333,5.6,113.263
Argentina,ARG,South America,-30.5,-65.5,3.1,Low,10,4.85,5.5,145.731
Argentina,ARG,South America,-29.5,-65.5,3.1,Low,0,0.0,0.0,0.0
Argentina,ARG,South America,-28.5,-65.5,3.1,Low,6,5.0,6.4,31.735
Argentina,ARG,South America,-27.5,-65.5,3.1,Low,4,4.825,5.2,34.15
Argentina,ARG,South America,-26.5,-65.5,3.1,Low,2,5.3,5.6,22.445
Argentina,ARG,South America,-25.5,-65.5,3.1,Low,2,4.7,4.8,35.2
Argentina,ARG,South America,-24.5,-65.5,3.1,Low,8,4.8875,6.3,33.7175
Argentina,ARG,South America,-23.5,-65.5,3.1,Low,3,4.9667,5.8,27.1067
Argentina,ARG,South America,-22.5,-65.5,3.1,Low,13,4.7538,6.4,260.9546
Bolivia,BOL,South America,-21.5,-65.5,4.2,Medium,12,5.075,6.1,273.0234
Bolivia,BOL,South America,-20.5,-65.5,4.2,Medium,1,6.0,6.0,345.3
Bolivia,BOL,South America,-19.5,-65.5,4.2,Medium,1,4.5,4.5,282.7
Bolivia,BOL,South America,-18.5,-65.5,4.2,Medium,1,4.5,4.5,10.0
Bolivia,BOL,South America,-17.5,-65.5,4.2,Medium,6,5.2,6.3,153.3163
Bolivia,BOL,South America,-16.5,-65.5,4.2,Medium,0,0.0,0.0,0.0
Bolivia,BOL,South America,-15.5,-65.5,4.2,Medium,1,6.6,6.6,549.9
Bolivia,BOL,South America,-14.5,-65.5,4.2,Medium,0,0.0,0.0,0.0
Bolivia,BOL,South America,-13.5,-65.5,4.2,Medium,0,0.0,0.0,0.0
Bolivia,BOL,South America,-12.5,-65.5,4.2,Medium,0,0.0,0.0,0.0
Bolivia,BOL,South America,-11.5,-65.5,4.2,Medium,0,0.0,0.0,0.0
Bolivia,BOL,South America,-10.5,-65.5,4.2,Medium,0,0.0,0.0,0.0
Brazil,BRA,South America,-9.5,-65.5,5.1,High,0,0.0,0.0,0.0
Brazil,BRA,South America,-8.5,-65.5,5.1,High,0,0.0,0.0,0.0
Brazil,BRA,South America,-7.5,-65.5,5.1,High,0,0.0,0.0,0.0
Brazil,BRA,South America,-6.5,-65.5,5.1,High,0,0.0,0.0,0.0
Brazil,BRA,South America,-5.5,-65.5,5.1,High,0,0.0,0.0,0.0
Brazil,BRA,South America,-4.5,-65.5,5.1,High,0,0.0,0.0,0.0
Brazil,BRA,South America,-3.5,-65.5,5.1,High,0,0.0,0.0,0.0
Brazil,BRA,South America,-2.5,-65.5,5.1,High,0,0.0,0.0,0.0
Brazil,BRA,South America,-1.5,-65.5,5.1,High,0,0.0,0.0,0.0
Brazil,BRA,South America,-0.5,-65.5,5.1,High,0,0.0,0.0,0.0
Brazil,BRA,South America,0.5,-65.5,5.1,High,0,0.0,0.0,0.0
Venezuela,VEN,South America,1.5,-65.5,5.7,High,0,0.0,0.0,0.0
Venezuela,VEN,South America,2.5,-65.5,5.7,High,0,0.0,0.0,0.0
Venezuela,VEN,South America,3.5,-65.5,5.7,High,0,0.0,0.0,0.0
Venezuela,VEN,South America,4.5,-65.5,5.7,High,0,0.0,0.0,0.0
Venezuela,VEN,South America,5.5,-65.5,5.7,High,0,0.0,0.0,0.0
Venezuela,VEN,South America,6.5,-65.5,5.7,High,1,4.5,4.5,13.2
Venezuela,VEN,South America,7.5,-65.5,5.7,High,0,0.0,0.0,0.0
Venezuela,VEN,South America,8.5,-65.5,5.7,High,0,0.0,0.0,0.0
Venezuela,VEN,South America,9.5,-65.5,5.7,High,0,0.0,0.0,0.0
Canada,CAN,North America,44.5,-65.5,2.7,Low,0,0.0,0.0,0.0
Canada,CAN,North America,45.5,-65.5,2.7,Low,0,0.0,0.0,0.0
Canada,CAN,North America,46.5,-65.5,2.7,Low,0,0.0,0.0,0.0
Canada,CAN,North America,47.5,-65.5,2.7,Low,0,0.0,0.0,0.0
Canada,CAN,North America,48.5,-65.5,2.7,Low,0,0.0,0.0,0.0
Canada,CAN,North America,50.5,-65.5,2.7,Low,0,0.0,0.0,0.0
Canada,CAN,North America,51.5,-65.5,2.7,Low,0,0.0,0.0,0.0
Canada,CAN,North America,52.5,-65.5,2.7,Low,0,0.0,0.0,0.0
Canada,CAN,North America,53.5,-65.5,2.7,Low,0,0.0,0.0,0.0
Canada,CAN,North America,54.5,-65.5,2.7,Low,0,0.0,0.0,0.0
Canada,CAN,North America,55.5,-65.5,2.7,Low,0,0.0,0.0,0.0
Canada,CAN,North America,56.5,-65.5,2.7,Low,0,0.0,0.0,0.0
Canada,CAN,North America,57.5,-65.5,2.7,Low,0,0.0,0.0,0.0
Canada,CAN,North America,58.5,-65.5,2.7,Low,0,0.0,0.0,0.0
Canada,CAN,North America,59.5,-65.5,2.7,Low,0,0.0,0.0,0.0
Canada,CAN,North America,63.5,-65.5,2.7,Low,0,0.0,0.0,0.0
Canada,CAN,North America,66.5,-65.5,2.7,Low,0,0.0,0.0,0.0
Canada,CAN,North America,67.5,-65.5,2.7,Low,0,0.0,0.0,0.0
Canada,CAN,North America,82.5,-65.5,2.7,Low,0,0.0,0.0,0.0
Argentina,ARG,South America,-42.5,-64.5,3.1,Low,0,0.0,0.0,0.0
Argentina,ARG,South America,-40.5,-64.5,3.1,Low,0,0.0,0.0,0.0
Argentina,ARG,South America,-39.5,-64.5,3.1,Low,0,0.0,0.0,0.0
Argentina,ARG,South America,-38.5,-64.5,3.1,Low,0,0.0,0.0,0.0
Argentina,ARG,South America,-37.5,-64.5,3.1,Low,0,0.0,0.0,0.0
Argentina,ARG,South America,-36.5,-64.5,3.1,Low,0,0.0,0.0,0.0
Argentina,ARG,South America,-35.5,-64.5,3.1,Low,0,0.0,0.0,0.0
Argentina,ARG,South America,-34.5,-64.5,3.1,Low,0,0.0,0.0,0.0
Argentina,ARG,South America,-33.5,-64.5,3.1,Low,1,4.7,4.7,40.1
Argentina,ARG,South America,-32.5,-64.5,3.1,Low,0,0.0,0.0,0.0
Argentina,ARG,South America,-31.5,-64.5,3.1,Low,2,4.7,4.7,15.0
Argentina,ARG,South America,-30.5,-64.5,3.1,Low,2,4.6,4.7,24.38
Argentina,ARG,South America,-29.5,-64.5,3.1,Low,2,5.15,5.6,22.59
Argentina,ARG,South America,-28.5,-64.5,3.1,Low,2,4.65,4.8,19.365
Argentina,ARG,South America,-27.5,-64.5,3.1,Low,6,4.8167,5.6,28.52
Argentina,ARG,South America,-26.5,-64.5,3.1,Low,3,4.8667,5.0,21.3333
Argentina,ARG,South America,-25.5,-64.5,3.1,Low,5,5.04,5.8,16.7
Argentina,ARG,South America,-24.5,-64.5,3.1,Low,10,4.95,5.9,24.348
Argentina,ARG,South America,-23.5,-64.5,3.1,Low,27,4.9111,5.8,17.0904
Bolivia,BOL,South America,-22.5,-64.5,4.2,Medium,3,5.2333,5.8,20.5067
Bolivia,BOL,South America,-21.5,-64.5,4.2,Medium,1,5.1,5.1,33.0
Bolivia,BOL,South America,-20.5,-64.5,4.2,Medium,2,5.4,6.2,181.35
Bolivia,BOL,South America,-19.5,-64.5,4.2,Medium,1,4.6,4.6,602.3
Bolivia,BOL,South America,-18.5,-64.5,4.2,Medium,1,5.1,5.1,10.0
Bolivia,BOL,South America,-17.5,-64.5,4.2,Medium,5,4.88,5.8,272.5208
Bolivia,BOL,South America,-16.5,-64.5,4.2,Medium,0,0.0,0.0,0.0
Bolivia,BOL,South America,-15.5,-64.5,4.2,Medium,1,4.7,4.7,585.11
Bolivia,BOL,South America,-14.5,-64.5,4.2,Medium,0,0.0,0.0,0.0
Bolivia,BOL,South America,-13.5,-64.5,4.2,Medium,0,0.0,0.0,0.0
Bolivia,BOL,South America,-12.5,-64.5,4.2,Medium,0,0.0,0.0,0.0
Brazil,BRA,South America,-11.5,-64.5,5.1,High,0,0.0,0.0,0.0
Brazil,BRA,South America,-10.5,-64.5,5.1,High,0,0.0,0.0,0.0
Brazil,BRA,South America,-9.5,-64.5,5.1,High,0,0.0,0.0,0.0
Brazil,BRA,South America,-8.5,-64.5,5.1,High,0,0.0,0.0,0.0
Brazil,BRA,South America,-7.5,-64.5,5.1,High,0,0.0,0.0,0.0
Brazil,BRA,South America,-6.5,-64.5,5.1,High,0,0.0,0.0,0.0
Brazil,BRA,South America,-5.5,-64.5,5.1,High,0,0.0,0.0,0.0
Brazil,BRA,South America,-4.5,-64.5,5.1,High,0,0.0,0.0,0.0
Brazil,BRA,South America,-3.5,-64.5,5.1,High,0,0.0,0.0,0.0
Brazil,BRA,South America,-2.5,-64.5,5.1,High,0,0.0,0.0,0.0
Brazil,BRA,South America,-1.5,-64.5,5.1,High,0,0.0,0.0,0.0
Brazil,BRA,South America,-0.5,-64.5,5.1,High,0,0.0,0.0,0.0
Brazil,BRA,South America,0.5,-64.5,5.1,High,0,0.0,0.0,0.0
Venezuela,VEN,South America,1.5,-64.5,5.7,High,0,0.0,0.0,0.0
Venezuela,VEN,South America,2.5,-64.5,5.7,High,0,0.0,0.0,0.0
Venezuela,VEN,South America,3.5,-64.5,5.7,High,0,0.0,0.0,0.0
Venezuela,VEN,South America,4.5,-64.5,5.7,High,0,0.0,0.0,0.0
Venezuela,VEN,South America,5.5,-64.5,5.7,High,0,0.0,0.0,0.0
Venezuela,VEN,South America,6.5,-64.5,5.7,High,0,0.0,0.0,0.0
Venezuela,VEN,South America,7.5,-64.5,5.7,High,0,0.0,0.0,0.0
Venezuela,VEN,South America,8.5,-64.5,5.7,High,0,0.0,0.0,0.0
Venezuela,VEN,South America,9.5,-64.5,5.7,High,0,0.0,0.0,0.0
Canada,CAN,North America,44.5,-64.5,2.7,Low,0,0.0,0.0,0.0
Canada,CAN,North America,45.5,-64.5,2.7,Low,0,0.0,0.0,0.0
Canada,CAN,North America,50.5,-64.5,2.7,Low,0,0.0,0.0,0.0
Canada,CAN,North America,51.5,-64.5,2.7,Low,0,0.0,0.0,0.0
Canada,CAN,North America,52.5,-64.5,2.7,Low,0,0.0,0.0,0.0
Canada,CAN,North America,53.5,-64.5,2.7,Low,0,0.0,0.0,0.0
Canada,CAN,North America,54.5,-64.5,2.7,Low,0,0.0,0.0,0.0
Canada,CAN,North America,55.5,-64.5,2.7,Low,0,0.0,0.0,0.0
Canada,CAN,North America,56.5,-64.5,2.7,Low,0,0.0,0.0,0.0
Canada,CAN,North America,57.5,-64.5,2.7,Low,0,0.0,0.0,0.0
Canada,CAN,North America,58.5,-64.5,2.7,Low,0,0.0,0.0,0.0
Canada,CAN,North America,59.5,-64.5,2.7,Low,0,0.0,0.0,0.0
Canada,CAN,North America,65.5,-64.5,2.7,Low,0,0.0,0.0,0.0
Canada,CAN,North America,66.5,-64.5,2.7,Low,0,0.0,0.0,0.0
Canada,CAN,North America,67.5,-64.5,2.7,Low,0,0.0,0.0,0.0
Canada,CAN,North America,82.5,-64.5,2.7,Low,0,0.0,0.0,0.0
Argentina,ARG,South America,-42.5,-63.5,3.1,Low,0,0.0,0.0,0.0
Argentina,ARG,South America,-40.5,-63.5,3.1,Low,0,0.0,0.0,0.0
Argentina,ARG,South America,-39.5,-63.5,3.1,Low,0,0.0,0.0,0.0
Argentina,ARG,South America,-38.5,-63.5,3.1,Low,0,0.0,0.0,0.0
Argentina,ARG,South America,-37.5,-63.5,3.1,Low,0,0.0,0.0,0.0
Argentina,ARG,South America,-36.5,-63.5,3.1,Low,1,4.5,4.5,10.0
Argentina,ARG,South America,-35.5,-63.5,3.1,Low,0,0.0,0.0,0.0
Argentina,ARG,South America,-34.5,-63.5,3.1,Low,0,0.0,0.0,0.0
Argentina,ARG,South America,-33.5,-63.5,3.1,Low,0,0.0,0.0,0.0
Argentina,ARG,South America,-32.5,-63.5,3.1,Low,0,0.0,0.0,0.0
Argentina,ARG,South America,-31.5,-63.5,3.1,Low,0,0.0,0.0,0.0
Argentina,ARG,South America,-30.5,-63.5,3.1,Low,0,0.0,0.0,0.0
Argentina,ARG,South America,-29.5,-63.5,3.1,Low,0,0.0,0.0,0.0
Argentina,ARG,South America,-28.5,-63.5,3.1,Low,14,5.5071,6.7,584.8179
Argentina,ARG,South America,-27.5,-63.5,3.1,Low,16,4.9688,6.1,568.5477
Argentina,ARG,South America,-26.5,-63.5,3.1,Low,21,5.7514,7.0,572.0694
Argentina,ARG,South America,-25.5,-63.5,3.1,Low,2,4.65,4.8,591.95
Argentina,ARG,South America,-24.5,-63.5,3.1,Low,3,5.9667,6.9,570.2
Argentina,ARG,South America,-23.5,-63.5,3.1,Low,5,5.16,5.6,446.2896
Argentina,ARG,South America,-22.5,-63.5,3.1,Low,24,4.8625,5.9,506.0711
Bolivia,BOL,South America,-21.5,-63.5,4.2,Medium,2,4.75,4.9,266.235
Bolivia,BOL,South America,-20.5,-63.5,4.2,Medium,5,5.08,6.8,564.762
Bolivia,BOL,South America,-19.5,-63.5,4.2,Medium,10,5.24,6.5,417.47
Bolivia,BOL,South America,-18.5,-63.5,4.2,Medium,14,4.8143,5.1,40.2243
Bolivia,BOL,South America,-17.5,-63.5,4.2,Medium,10,4.74,5.3,26.93
Bolivia,BOL,South America,-16.5,-63.5,4.2,Medium,0,0.0,0.0,0.0
Bolivia,BOL,South America,-15.5,-63.5,4.2,Medium,0,0.0,0.0,0.0
Bolivia,BOL,South America,-14.5,-63.5,4.2,Medium,0,0.0,0.0,0.0
Bolivia,BOL,South America,-13.5,-63.5,4.2,Medium,0,0.0,0.0,0.0
Brazil,BRA,South America,-12.5,-63.5,5.1,High,0,0.0,0.0,0.0
Brazil,BRA,South America,-11.5,-63.5,5.1,High,0,0.0,0.0,0.0
Brazil,BRA,South America,-10.5,-63.5,5.1,High,0,0.0,0.0,0.0
Brazil,BRA,South America,-9.5,-63.5,5.1,High,1,4.6,4.6,10.0
Brazil,BRA,South America,-8.5,-63.5,5.1,High,0,0.0,0.0,0.0
Brazil,BRA,South America,-7.5,-63.5,5.1,High,0,0.0,0.0,0.0
Brazil,BRA,South America,-6.5,-63.5,5.1,High,0,0.0,0.0,0.0
Brazil,BRA,South America,-5.5,-63.5,5.1,High,0,0.0,0.0,0.0
Brazil,BRA,South America,-4.5,-63.5,5.1,High,0,0.0,0.0,0.0
Brazil,BRA,South America,-3.5,-63.5,5.1,High,0,0.0,0.0,0.0
Brazil,BRA,South America,-2.5,-63.5,5.1,High,0,0.0,0.0,0.0
Brazil,BRA,South America,-1.5,-63.5,5.1,High,0,0.0,0.0,0.0
Brazil,BRA,South America,-0.5,-63.5,5.1,High,0,0.0,0.0,0.0
Brazil,BRA,South America,0.5,-63.5,5.1,High,0,0.0,0.0,0.0
Brazil,BRA,South America,1.5,-63.5,5.1,High,0,0.0,0.0,0.0
Brazil,BRA,South America,2.5,-63.5,5.1,High,0,0.0,0.0,0.0
Brazil,BRA,South America,3.5,-63.5,5.1,High,0,0.0,0.0,0.0
Venezuela,VEN,South America,4.5,-63.5,5.7,High,0,0.0,0.0,0.0
Venezuela,VEN,South America,5.5,-63.5,5.7,High,0,0.0,0.0,0.0
Venezuela,VEN,South America,6.5,-63.5,5.7,High,0,0.0,0.0,0.0
Venezuela,VEN,South America,7.5,-63.5,5.7,High,0,0.0,0.0,0.0
Venezuela,VEN,South America,8.5,-63.5,5.7,High,0,0.0,0.0,0.0
Venezuela,VEN,South America,9.5,-63.5,5.7,High,1,4.9,4.9,23.34
Venezuela,VEN,South America,10.5,-63.5,5.7,High,10,4.76,5.6,24.308
Canada,CAN,North America,45.5,-63.5,2.7,Low,0,0.0,0.0,0.0
Canada,CAN,North America,46.5,-63.5,2.7,Low,0,0.0,0.0,0.0
Canada,CAN,North America,49.5,-63.5,2.7,Low,0,0.0,0.0,0.0
Canada,CAN,North America,50.5,-63.5,2.7,Low,0,0.0,0.0,0.0
Canada,CAN,North America,51.5,-63.5,2.7,Low,0,0.0,0.0,0.0
Canada,CAN,North America,52.5,-63.5,2.7,Low,0,0.0,0.0,0.0
Canada,CAN,North America,53.5,-63.5,2.7,Low,0,0.0,0.0,0.0
Canada,CAN,North America,54.5,-63.5,2.7,Low,0,0.0,0.0,0.0
Canada,CAN,North America,55.5,-63.5,2.7,Low,0,0.0,0.0,0.0
Canada,CAN,North America,56.5,-63.5,2.7,Low,0,0.0,0.0,0.0
Canada,CAN,North America,57.5,-63.5,2.7,Low,0,0.0,0.0,0.0
Canada,CAN,North America,58.5,-63.5,2.7,Low,0,0.0,0.0,0.0
Canada,CAN,North America,65.5,-63.5,2.7,Low,0,0.0,0.0,0.0
Canada,CAN,North America,66.5,-63.5,2.7,Low,0,0.0,0.0,0.0
Canada,CAN,North America,82.5,-63.5,2.7,Low,0,0.0,0.0,0.0
Argentina,ARG,South America,-40.5,-62.5,3.1,Low,0,0.0,0.0,0.0
Argentina,ARG,South America,-39.5,-62.5,3.1,Low,0,0.0,0.0,0.0
Argentina,ARG,South America,-38.5,-62.5,3.1,Low,0,0.0,0.0,0.0
Argentina,ARG,South America,-37.5,-62.5,3.1,Low,0,0.0,0.0,0.0
Argentina,ARG,South America,-36.5,-62.5,3.1,Low,0,0.0,0.0,0.0
Argentina,ARG,South America,-35.5,-62.5,3.1,Low,0,0.0,0.0,0.0
Argentina,ARG,South America,-34.5,-62.5,3.1,Low,0,0.0,0.0,0.0
Argentina,ARG,South America,-33.5,-62.5,3.1,Low,0,0.0,0.0,0.0
Argentina,ARG,South America,-32.5,-62.5,3.1,Low,0,0.0,0.0,0.0
Argentina,ARG,South America,-31.5,-62.5,3.1,Low,0,0.0,0.0,0.0
Argentina,ARG,South America,-30.5,-62.5,3.1,Low,0,0.0,0.0,0.0
Argentina,ARG,South America,-29.5,-62.5,3.1,Low,0,0.0,0.0,0.0
Argentina,ARG,South America,-28.5,-62.5,3.1,Low,4,5.725,7.0,612.1
Argentina,ARG,South America,-27.5,-62.5,3.1,Low,1,5.2,5.2,609.68
Argentina,ARG,South America,-26.5,-62.5,3.1,Low,0,0.0,0.0,0.0
Argentina,ARG,South America,-25.5,-62.5,3.1,Low,0,0.0,0.0,0.0
Argentina,ARG,South America,-24.5,-62.5,3.1,Low,0,0.0,0.0,0.0
Argentina,ARG,South America,-23.5,-62.5,3.1,Low,0,0.0,0.0,0.0
Argentina,ARG,South America,-22.5,-62.5,3.1,Low,0,0.0,0.0,0.0
Bolivia,BOL,South America,-21.5,-62.5,4.2,Medium,0,0.0,0.0,0.0
Bolivia,BOL,South America,-20.5,-62.5,4.2,Medium,0,0.0,0.0,0.0
Bolivia,BOL,South America,-19.5,-62.5,4.2,Medium,0,0.0,0.0,0.0
Bolivia,BOL,South America,-18.5,-62.5,4.2,Medium,0,0.0,0.0,0.0
Bolivia,BOL,South America,-17.5,-62.5,4.2,Medium,0,0.0,0.0,0.0
Bolivia,BOL,South America,-16.5,-62.5,4.2,Medium,0,0.0,0.0,0.0
Bolivia,BOL,South America,-15.5,-62.5,4.2,Medium,0,0.0,0.0,0.0
Bolivia,BOL,South America,-14.5,-62.5,4.2,Medium,0,0.0,0.0,0.0
Bolivia,BOL,South America,-13.5,-62.5,4.2,Medium,0,0.0,0.0,0.0
Brazil,BRA,South America,-12.5,-62.5,5.1,High,0,0.0,0.0,0.0
Brazil,BRA,South America,-11.5,-62.5,5.1,High,0,0.0,0.0,0.0
Brazil,BRA,South America,-10.5,-62.5,5.1,High,0,0.0,0.0,0.0
Brazil,BRA,South America,-9.5,-62.5,5.1,High,0,0.0,0.0,0.0
Brazil,BRA,South America,-8.5,-62.5,5.1,High,0,0.0,0.0,0.0
Brazil,BRA,South America,-7.5,-62.5,5.1,High,0,0.0,0.0,0.0
Brazil,BRA,South America,-6.5,-62.5,5.1,High,0,0.0,0.0,0.0
Brazil,BRA,South America,-5.5,-62.5,5.1,High,0,0.0,0.0,0.0
Brazil,BRA,South America,-4.5,-62.5,5.1,High,0,0.0,0.0,0.0
Brazil,BRA,South America,-3.5,-62.5,5.1,High,0,0.0,0.0,0.0
Brazil,BRA,South America,-2.5,-62.5,5.1,High,0,0.0,0.0,0.0
Brazil,BRA,South America,-1.5,-62.5,5.1,High,0,0.0,0.0,0.0
Brazil,BRA,South America,-0.5,-62.5,5.1,High,0,0.0,0.0,0.0
Brazil,BRA,South America,0.5,-62.5,5.1,High,0,0.0,0.0,0.0
Brazil,BRA,South America,1.5,-62.5,5.1,High,0,0.0,0.0,0.0
Brazil,BRA,South America,2.5,-62.5,5.1,High,0,0.0,0.0,0.0
Brazil,BRA,South America,3.5,-62.5,5.1,High,0,0.0,0.0,0.0
Venezuela,VEN,South America,4.5,-62.5,5.7,High,0,0.0,0.0,0.0
Venezuela,VEN,South America,5.5,-62.5,5.7,High,0,0.0,0.0,0.0
Venezuela,VEN,South America,6.5,-62.5,5.7,High,0,0.0,0.0,0.0
Venezuela,VEN,South America,7.5,-62.5,5.7,High,0,0.0,0.0,0.0
Venezuela,VEN,South America,8.5,-62.5,5.7,High,1,4.7,4.7,51.0
Venezuela,VEN,South America,9.5,-62.5,5.7,High,2,4.7,4.8,27.6
Canada,CAN,North America,45.5,-62.5,2.7,Low,0,0.0,0.0,0.0
Canada,CAN,North America,49.5,-62.5,2.7,Low,0,0.0,0.0,0.0
Canada,CAN,North America,50.5,-62.5,2.7,Low,0,0.0,0.0,0.0
Canada,CAN,North America,51.5,-62.5,2.7,Low,0,0.0,0.0,0.0
Canada,CAN,North America,52.5,-62.5,2.7,Low,0,0.0,0.0,0.0
Canada,CAN,North America,53.5,-62.5,2.7,Low,0,0.0,0.0,0.0
Canada,CAN,North America,54.5,-62.5,2.7,Low,0,0.0,0.0,0.0
Canada,CAN,North America,55.5,-62.5,2.7,Low,0,0.0,0.0,0.0
Canada,CAN,North America,56.5,-62.5,2.7,Low,0,0.0,0.0,0.0
Canada,CAN,North America,57.5,-62.5,2.7,Low,0,0.0,0.0,0.0
Canada,CAN,North America,66.5,-62.5,2.7,Low,0,0.0,0.0,0.0
Canada,CAN,North America,82.5,-62.5,2.7,Low,0,0.0,0.0,0.0
Argentina,ARG,South America,-38.5,-61.5,3.1,Low,0,0.0,0.0,0.0
Argentina,ARG,South America,-37.5,-61.5,3.1,Low,0,0.0,0.0,0.0
Argentina,ARG,South America,-36.5,-61.5,3.1,Low,0,0.0,0.0,0.0
Argentina,ARG,South America,-35.5,-61.5,3.1,Low,0,0.0,0.0,0.0
Argentina,ARG,South America,-34.5,-61.5,3.1,Low,0,0.0,0.0,0.0
Argentina,ARG,South America,-33.5,-61.5,3.1,Low,0,0.0,0.0,0.0
Argentina,ARG,South America,-32.5,-61.5,3.1,Low,0,0.0,0.0,0.0
Argentina,ARG,South America,-31.5,-61.5,3.1,Low,0,0.0,0.0,0.0
Argentina,ARG,South America,-30.5,-61.5,3.1,Low,0,0.0,0.0,0.0
Argentina,ARG,South America,-29.5,-61.5,3.1,Low,0,0.0,0.0,0.0
Argentina,ARG,South America,-28.5,-61.5,3.1,Low,0,0.0,0.0,0.0
Argentina,ARG,South America,-27.5,-61.5,3.1,Low,0,0.0,0.0,0.0
Argentina,ARG,South America,-26.5,-61.5,3.1,Low,0,0.0,0.0,0.0
Argentina,ARG,South America,-25.5,-61.5,3.1,Low,0,0.0,0.0,0.0
Argentina,ARG,South America,-24.5,-61.5,3.1,Low,0,0.0,0.0,0.0
Argentina,ARG,South America,-23.5,-61.5,3.1,Low,0,0.0,0.0,0.0
Paraguay,PRY,South America,-22.5,-61.5,2.9,Low,0,0.0,0.0,0.0
Paraguay,PRY,South America,-21.5,-61.5,2.9,Low,0,0.0,0.0,0.0
Paraguay,PRY,South America,-20.5,-61.5,2.9,Low,0,0.0,0.0,0.0
Bolivia,BOL,South America,-19.5,-61.5,4.2,Medium,0,0.0,0.0,0.0
Bolivia,BOL,South America,-18.5,-61.5,4.2,Medium,0,0.0,0.0,0.0
Bolivia,BOL,South America,-17.5,-61.5,4.2,Medium,0,0.0,0.0,0.0
Bolivia,BOL,South America,-16.5,-61.5,4.2,Medium,0,0.0,0.0,0.0
Bolivia,BOL,South America,-15.5,-61.5,4.2,Medium,0,0.0,0.0,0.0
Bolivia,BOL,South America,-14.5,-61.5,4.2,Medium,0,0.0,0.0,0.0
Bolivia,BOL,South America,-13.5,-61.5,4.2,Medium,0,0.0,0.0,0.0
Brazil,BRA,South America,-12.5,-61.5,5.1,High,0,0.0,0.0,0.0
Brazil,BRA,South America,-11.5,-61.5,5.1,High,0,0.0,0.0,0.0
Brazil,BRA,South America,-10.5,-61.5,5.1,High,0,0.0,0.0,0.0
Brazil,BRA,South America,-9.5,-61.5,5.1,High,0,0.0,0.0,0.0
Brazil,BRA,South America,-8.5,-61.5,5.1,High,0,0.0,0.0,0.0
Brazil,BRA,South America,-7.5,-61.5,5.1,High,0,0.0,0.0,0.0
Brazil,BRA,South America,-6.5,-61.5,5.1,High,0,0.0,0.0,0.0
Brazil,BRA,South America,-5.5,-61.5,5.1,High,0,0.0,0.0,0.0
Brazil,BRA,South America,-4.5,-61.5,5.1,High,0,0.0,0.0,0.0
Brazil,BRA,South America,-3.5,-61.5,5.1,High,0,0.0,0.0,0.0
Brazil,BRA,South America,-2.5,-61.5,5.1,High,0,0.0,0.0,0.0
Brazil,BRA,South America,-1.5,-61.5,5.1,High,0,0.0,0.0,0.0
Brazil,BRA,South America,-0.5,-61.5,5.1,High,1,4.7,4.7,10.0
Brazil,BRA,South America,0.5,-61.5,5.1,High,0,0.0,0.0,0.0
Brazil,BRA,South America,1.5,-61.5,5.1,High,0,0.0,0.0,0.0
Brazil,BRA,South America,2.5,-61.5,5.1,High,0,0.0,0.0,0.0
Brazil,BRA,South America,3.5,-61.5,5.1,High,0,0.0,0.0,0.0
Venezuela,VEN,South America,4.5,-61.5,5.7,High,0,0.0,0.0,0.0
Venezuela,VEN,South America,5.5,-61.5,5.7,High,0,0.0,0.0,0.0
Venezuela,VEN,South America,6.5,-61.5,5.7,High,0,0.0,0.0,0.0
Venezuela,VEN,South America,7.5,-61.5,5.7,High,0,0.0,0.0,0.0
Venezuela,VEN,South America,8.5,-61.5,5.7,High,0,0.0,0.0,0.0
Venezuela,VEN,South America,9.5,-61.5,5.7,High,0,0.0,0.0,0.0
Trinidad and Tobago,TTO,North America,10.5,-61.5,3.0,Low,19,5.0368,6.1,44.7316
Canada,CAN,North America,45.5,-61.5,2.7,Low,0,0.0,0.0,0.0
Canada,CAN,North America,50.5,-61.5,2.7,Low,0,0.0,0.0,0.0
Canada,CAN,North America,51.5,-61.5,2.7,Low,0,0.0,0.0,0.0
Canada,CAN,North America,52.5,-61.5,2.7,Low,0,0.0,0.0,0.0
Canada,CAN,North America,53.5,-61.5,2.7,Low,0,0.0,0.0,0.0
Canada,CAN,North America,54.5,-61.5,2.7,Low,0,0.0,0.0,0.0
Canada,CAN,North America,55.5,-61.5,2.7,Low,0,0.0,0.0,0.0
Argentina,ARG,South America,-38.5,-60.5,3.1,Low,0,0.0,0.0,0.0
Argentina,ARG,South America,-37.5,-60.5,3.1,Low,0,0.0,0.0,0.0
Argentina,ARG,South America,-36.5,-60.5,3.1,Low,0,0.0,0.0,0.0
Argentina,ARG,South America,-35.5,-60.5,3.1,Low,0,0.0,0.0,0.0
Argentina,ARG,South America,-34.5,-60.5,3.1,Low,0,0.0,0.0,0.0
Argentina,ARG,South America,-33.5,-60.5,3.1,Low,0,0.0,0.0,0.0
Argentina,ARG,South America,-32.5,-60.5,3.1,Low,0,0.0,0.0,0.0
Argentina,ARG,South America,-31.5,-60.5,3.1,Low,0,0.0,0.0,0.0
Argentina,ARG,South America,-30.5,-60.5,3.1,Low,0,0.0,0.0,0.0
Argentina,ARG,South America,-29.5,-60.5,3.1,Low,0,0.0,0.0,0.0
Argentina,ARG,South America,-28.5,-60.5,3.1,Low,0,0.0,0.0,0.0
Argentina,ARG,South America,-27.5,-60.5,3.1,Low,0,0.0,0.0,0.0
Argentina,ARG,South America,-26.5,-60.5,3.1,Low,0,0.0,0.0,0.0
Argentina,ARG,South America,-25.5,-60.5,3.1,Low,0,0.0,0.0,0.0
Argentina,ARG,South America,-24.5,-60.5,3.1,Low,0,0.0,0.0,0.0
Paraguay,PRY,South America,-23.5,-60.5,2.9,Low,0,0.0,0.0,0.0
Paraguay,PRY,South America,-22.5,-60.5,2.9,Low,0,0.0,0.0,0.0
Paraguay,PRY,South America,-21.5,-60.5,2.9,Low,0,0.0,0.0,0.0
Paraguay,PRY,South America,-20.5,-60.5,2.9,Low,0,0.0,0.0,0.0
Paraguay,PRY,South America,-19.5,-60.5,2.9,Low,0,0.0,0.0,0.0
Bolivia,BOL,South America,-18.5,-60.5,4.2,Medium,0,0.0,0.0,0.0
Bolivia,BOL,South America,-17.5,-60.5,4.2,Medium,0,0.0,0.0,0.0
Bolivia,BOL,South America,-16.5,-60.5,4.2,Medium,0,0.0,0.0,0.0
Bolivia,BOL,South America,-15.5,-60.5,4.2,Medium,0,0.0,0.0,0.0
Bolivia,BOL,South America,-14.5,-60.5,4.2,Medium,0,0.0,0.0,0.0
Brazil,BRA,South America,-13.5,-60.5,5.1,High,0,0.0,0.0,0.0
Brazil,BRA,South America,-12.5,-60.5,5.1,High,0,0.0,0.0,0.0
Brazil,BRA,South America,-11.5,-60.5,5.1,High,0,0.0,0.0,0.0
Brazil,BRA,South America,-10.5,-60.5,5.1,High,0,0.0,0.0,0.0
Brazil,BRA,South America,-9.5,-60.5,5.1,High,0,0.0,0.0,0.0
Brazil,BRA,South America,-8.5,-60.5,5.1,High,0,0.0,0.0,0.0
Brazil,BRA,South America,-7.5,-60.5,5.1,High,0,0.0,0.0,0.0
Brazil,BRA,South America,-6.5,-60.5,5.1,High,0,0.0,0.0,0.0
Brazil,BRA,South America,-5.5,-60.5,5.1,High,0,0.0,0.0,0.0
Brazil,BRA,South America,-4.5,-60.5,5.1,High,0,0.0,0.0,0.0
Brazil,BRA,South America,-3.5,-60.5,5.1,High,0,0.0,0.0,0.0
Brazil,BRA,South America,-2.5,-60.5,5.1,High,0,0.0,0.0,0.0
Brazil,BRA,South America,-1.5,-60.5,5.1,High,0,0.0,0.0,0.0
Brazil,BRA,South America,-0.5,-60.5,5.1,High,2,4.65,4.7,7.25
Brazil,BRA,South America,0.5,-60.5,5.1,High,0,0.0,0.0,0.0
Brazil,BRA,South America,1.5,-60.5,5.1,High,0,0.0,0.0,0.0
Brazil,BRA,South America,2.5,-60.5,5.1,High,0,0.0,0.0,0.0
Brazil,BRA,South America,3.5,-60.5,5.1,High,0,0.0,0.0,0.0
Brazil,BRA,South America,4.5,-60.5,5.1,High,0,0.0,0.0,0.0
Guyana,GUY,South America,5.5,-60.5,3.8,Medium,0,0.0,0.0,0.0
Guyana,GUY,South America,6.5,-60.5,3.8,Medium,0,0.0,0.0,0.0
Guyana,GUY,South America,7.5,-60.5,3.8,Medium,0,0.0,0.0,0.0
Venezuela,VEN,South America,8.5,-60.5,5.7,High,0,0.0,0.0,0.0
Canada,CAN,North America,46.5,-60.5,2.7,Low,0,0.0,0.0,0.0
Canada,CAN,North America,50.5,-60.5,2.7,Low,0,0.0,0.0,0.0
Canada,CAN,North America,51.5,-60.5,2.7,Low,0,0.0,0.0,0.0
Canada,CAN,North America,52.5,-60.5,2.7,Low,0,0.0,0.0,0.0
Canada,CAN,North America,53.5,-60.5,2.7,Low,0,0.0,0.0,0.0
Canada,CAN,North America,54.5,-60.5,2.7,Low,0,0.0,0.0,0.0
Canada,CAN,North America,55.5,-60.5,2.7,Low,0,0.0,0.0,0.0
Argentina,ARG,South America,-38.5,-59.5,3.1,Low,0,0.0,0.0,0.0
Argentina,ARG,South America,-37.5,-59.5,3.1,Low,0,0.0,0.0,0.0
Argentina,ARG,South America,-36.5,-59.5,3.1,Low,0,0.0,0.0,0.0
Argentina,ARG,South America,-35.5,-59.5,3.1,Low,0,0.0,0.0,0.0
Argentina,ARG,South America,-34.5,-59.5,3.1,Low,0,0.0,0.0,0.0
Argentina,ARG,South America,-33.5,-59.5,3.1,Low,0,0.0,0.0,0.0
Argentina,ARG,South America,-32.5,-59.5,3.1,Low,0,0.0,0.0,0.0
Argentina,ARG,South America,-31.5,-59.5,3.1,Low,0,0.0,0.0,0.0
Argentina,ARG,South America,-30.5,-59.5,3.1,Low,0,0.0,0.0,0.0
Argentina,ARG,South America,-29.5,-59.5,3.1,Low,0,0.0,0.0,0.0
Argentina,ARG,South America,-28.5,-59.5,3.1,Low,0,0.0,0.0,0.0
Argentina,ARG,South America,-27.5,-59.5,3.1,Low,0,0.0,0.0,0.0
Argentina,ARG,South America,-26.5,-59.5,3.1,Low,0,0.0,0.0,0.0
Argentina,ARG,South America,-25.5,-59.5,3.1,Low,0,0.0,0.0,0.0
Argentina,ARG,South America,-24.5,-59.5,3.1,Low,0,0.0,0.0,0.0
Paraguay,PRY,South America,-23.5,-59.5,2.9,Low,0,0.0,0.0,0.0
Paraguay,PRY,South America,-22.5,-59.5,2.9,Low,0,0.0,0.0,0.0
Paraguay,PRY,South America,-21.5,-59.5,2.9,Low,0,0.0,0.0,0.0
Paraguay,PRY,South America,-20.5,-59.5,2.9,Low,0,0.0,0.0,0.0
Paraguay,PRY,South America,-19.5,-59.5,2.9,Low,0,0.0,0.0,0.0
Bolivia,BOL,South America,-18.5,-59.5,4.2,Medium,0,0.0,0.0,0.0
Bolivia,BOL,South America,-17.5,-59.5,4.2,Medium,0,0.0,0.0,0.0
Bolivia,BOL,South America,-16.5,-59.5,4.2,Medium,0,0.0,0.0,0.0
Brazil,BRA,South America,-15.5,-59.5,5.1,High,0,0.0,0.0,0.0
Brazil,BRA,South America,-14.5,-59.5,5.1,High,0,0.0,0.0,0.0
Brazil,BRA,South America,-13.5,-59.5,5.1,High,0,0.0,0.0,0.0
Brazil,BRA,South America,-12.5,-59.5,5.1,High,0,0.0,0.0,0.0
Brazil,BRA,South America,-11.5,-59.5,5.1,High,0,0.0,0.0,0.0
Brazil,BRA,South America,-10.5,-59.5,5.1,High,0,0.0,0.0,0.0
Brazil,BRA,South America,-9.5,-59.5,5.1,High,0,0.0,0.0,0.0
Brazil,BRA,South America,-8.5,-59.5,5.1,High,0,0.0,0.0,0.0
Brazil,BRA,South America,-7.5,-59.5,5.1,High,0,0.0,0.0,0.0
Brazil,BRA,South America,-6.5,-59.5,5.1,High,0,0.0,0.0,0.0
Brazil,BRA,South America,-5.5,-59.5,5.1,High,0,0.0,0.0,0.0
Brazil,BRA,South America,-4.5,-59.5,5.1,High,0,0.0,0.0,0.0
Brazil,BRA,South America,-3.5,-59.5,5.1,High,0,0.0,0.0,0.0
Brazil,BRA,South America,-2.5,-59.5,5.1,High,0,0.0,0.0,0.0
Brazil,BRA,South America,-1.5,-59.5,5.1,High,0,0.0,0.0,0.0
Brazil,BRA,South America,-0.5,-59.5,5.1,High,0,0.0,0.0,0.0
Brazil,BRA,South America,0.5,-59.5,5.1,High,0,0.0,0.0,0.0
Brazil,BRA,South America,1.5,-59.5,5.1,High,0,0.0,0.0,0.0
Guyana,GUY,South America,2.5,-59.5,3.8,Medium,2,5.15,5.5,7.605
Guyana,GUY,South America,3.5,-59.5,3.8,Medium,0,0.0,0.0,0.0
Guyana,GUY,South America,4.5,-59.5,3.8,Medium,0,0.0,0.0,0.0
Guyana,GUY,South America,5.5,-59.5,3.8,Medium,0,0.0,0.0,0.0
Guyana,GUY,South America,6.5,-59.5,3.8,Medium,0,0.0,0.0,0.0
Guyana,GUY,South America,7.5,-59.5,3.8,Medium,0,0.0,0.0,0.0
Canada,CAN,North America,51.5,-59.5,2.7,Low,0,0.0,0.0,0.0
Canada,CAN,North America,52.5,-59.5,2.7,Low,0,0.0,0.0,0.0
Canada,CAN,North America,53.5,-59.5,2.7,Low,0,0.0,0.0,0.0
Canada,CAN,North America,54.5,-59.5,2.7,Low,0,0.0,0.0,0.0
Argentina,ARG,South America,-37.5,-58.5,3.1,Low,0,0.0,0.0,0.0
Argentina,ARG,South America,-36.5,-58.5,3.1,Low,0,0.0,0.0,0.0
Argentina,ARG,South America,-35.5,-58.5,3.1,Low,0,0.0,0.0,0.0
Argentina,ARG,South America,-34.5,-58.5,3.1,Low,0,0.0,0.0,0.0
Argentina,ARG,South America,-33.5,-58.5,3.1,Low,0,0.0,0.0,0.0
Argentina,ARG,South America,-32.5,-58.5,3.1,Low,0,0.0,0.0,0.0
Argentina,ARG,South America,-31.5,-58.5,3.1,Low,0,0.0,0.0,0.0
Argentina,ARG,South America,-30.5,-58.5,3.1,Low,0,0.0,0.0,0.0
Argentina,ARG,South America,-29.5,-58.5,3.1,Low,0,0.0,0.0,0.0
Argentina,ARG,South America,-28.5,-58.5,3.1,Low,0,0.0,0.0,0.0
Argentina,ARG,South America,-27.5,-58.5,3.1,Low,0,0.0,0.0,0.0
Argentina,ARG,South America,-26.5,-58.5,3.1,Low,0,0.0,0.0,0.0
Argentina,ARG,South America,-25.5,-58.5,3.1,Low,0,0.0,0.0,0.0
Paraguay,PRY,South America,-24.5,-58.5,2.9,Low,0,0.0,0.0,0.0
Paraguay,PRY,South America,-23.5,-58.5,2.9,Low,0,0.0,0.0,0.0
Paraguay,PRY,South America,-22.5,-58.5,2.9,Low,0,0.0,0.0,0.0
Paraguay,PRY,South America,-21.5,-58.5,2.9,Low,0,0.0,0.0,0.0
Paraguay,PRY,South America,-20.5,-58.5,2.9,Low,0,0.0,0.0,0.0
Bolivia,BOL,South America,-19.5,-58.5,4.2,Medium,0,0.0,0.0,0.0
Bolivia,BOL,South America,-18.5,-58.5,4.2,Medium,0,0.0,0.0,0.0
Bolivia,BOL,South America,-17.5,-58.5,4.2,Medium,0,0.0,0.0,0.0
Bolivia,BOL,South America,-16.5,-58.5,4.2,Medium,0,0.0,0.0,0.0
Brazil,BRA,South America,-15.5,-58.5,5.1,High,0,0.0,0.0,0.0
Brazil,BRA,South America,-14.5,-58.5,5.1,High,0,0.0,0.0,0.0
Brazil,BRA,South America,-13.5,-58.5,5.1,High,0,0.0,0.0,0.0
Brazil,BRA,South America,-12.5,-58.5,5.1,High,0,0.0,0.0,0.0
Brazil,BRA,South America,-11.5,-58.5,5.1,High,0,0.0,0.0,0.0
Brazil,BRA,South America,-10.5,-58.5,5.1,High,0,0.0,0.0,0.0
Brazil,BRA,South America,-9.5,-58.5,5.1,High,0,0.0,0.0,0.0
Brazil,BRA,South America,-8.5,-58.5,5.1,High,0,0.0,0.0,0.0
Brazil,BRA,South America,-7.5,-58.5,5.1,High,0,0.0,0.0,0.0
Brazil,BRA,South America,-6.5,-58.5,5.1,High,0,0.0,0.0,0.0
Brazil,BRA,South America,-5.5,-58.5,5.1,High,0,0.0,0.0,0.0
Brazil,BRA,South America,-4.5,-58.5,5.1,High,0,0.0,0.0,0.0
Brazil,BRA,South America,-3.5,-58.5,5.1,High,0,0.0,0.0,0.0
Brazil,BRA,South America,-2.5,-58.5,5.1,High,0,0.0,0.0,0.0
Brazil,BRA,South America,-1.5,-58.5,5.1,High,0,0.0,0.0,0.0
Brazil,BRA,South America,-0.5,-58.5,5.1,High,0,0.0,0.0,0.0
Brazil,BRA,South America,0.5,-58.5,5.1,High,0,0.0,0.0,0.0
Guyana,GUY,South America,1.5,-58.5,3.8,Medium,0,0.0,0.0,0.0
Guyana,GUY,South America,2.5,-58.5,3.8,Medium,0,0.0,0.0,0.0
Guyana,GUY,South America,3.5,-58.5,3.8,Medium,0,0.0,0.0,0.0
Guyana,GUY,South America,4.5,-58.5,3.8,Medium,0,0.0,0.0,0.0
Guyana,GUY,South America,5.5,-58.5,3.8,Medium,0,0.0,0.0,0.0
Guyana,GUY,South America,6.5,-58.5,3.8,Medium,0,0.0,0.0,0.0
Canada,CAN,North America,48.5,-58.5,2.7,Low,0,0.0,0.0,0.0
Canada,CAN,North America,51.5,-58.5,2.7,Low,0,0.0,0.0,0.0
Canada,CAN,North America,52.5,-58.5,2.7,Low,0,0.0,0.0,0.0
Canada,CAN,North America,53.5,-58.5,2.7,Low,0,0.0,0.0,0.0
Canada,CAN,North America,54.5,-58.5,2.7,Low,0,0.0,0.0,0.0
Argentina,ARG,South America,-37.5,-57.5,3.1,Low,0,0.0,0.0,0.0
Argentina,ARG,South America,-36.5,-57.5,3.1,Low,0,0.0,0.0,0.0
Argentina,ARG,South America,-35.5,-57.5,3.1,Low,0,0.0,0.0,0.0
Uruguay,URY,South America,-33.5,-57.5,2.5,Low,0,0.0,0.0,0.0
Uruguay,URY,South America,-32.5,-57.5,2.5,Low,0,0.0,0.0,0.0
Uruguay,URY,South America,-31.5,-57.5,2.5,Low,0,0.0,0.0,0.0
Uruguay,URY,South America,-30.5,-57.5,2.5,Low,0,0.0,0.0,0.0
Argentina,ARG,South America,-29.5,-57.5,3.1,Low,0,0.0,0.0,0.0
Argentina,ARG,South America,-28.5,-57.5,3.1,Low,0,0.0,0.0,0.0
Argentina,ARG,South America,-27.5,-57.5,3.1,Low,0,0.0,0.0,0.0
Paraguay,PRY,South America,-26.5,-57.5,2.9,Low,0,0.0,0.0,0.0
Paraguay,PRY,South America,-25.5,-57.5,2.9,Low,0,0.0,0.0,0.0
Paraguay,PRY,South America,-24.5,-57.5,2.9,Low,0,0.0,0.0,0.0
Paraguay,PRY,South America,-23.5,-57.5,2.9,Low,0,0.0,0.0,0.0
Paraguay,PRY,South America,-22.5,-57.5,2.9,Low,0,0.0,0.0,0.0
Brazil,BRA,South America,-21.5,-57.5,5.1,High,0,0.0,0.0,0.0
Brazil,BRA,South America,-20.5,-57.5,5.1,High,0,0.0,0.0,0.0
Brazil,BRA,South America,-19.5,-57.5,5.1,High,0,0.0,0.0,0.0
Brazil,BRA,South America,-18.5,-57.5,5.1,High,0,0.0,0.0,0.0
Brazil,BRA,South America,-17.5,-57.5,5.1,High,0,0.0,0.0,0.0
Brazil,BRA,South America,-16.5,-57.5,5.1,High,0,0.0,0.0,0.0
Brazil,BRA,South America,-15.5,-57.5,5.1,High,0,0.0,0.0,0.0
Brazil,BRA,South America,-14.5,-57.5,5.1,High,0,0.0,0.0,0.0
Brazil,BRA,South America,-13.5,-57.5,5.1,High,0,0.0,0.0,0.0
Brazil,BRA,South America,-12.5,-57.5,5.1,High,0,0.0,0.0,0.0
Brazil,BRA,South America,-11.5,-57.5,5.1,High,0,0.0,0.0,0.0
Brazil,BRA,South America,-10.5,-57.5,5.1,High,0,0.0,0.0,0.0
Brazil,BRA,South America,-9.5,-57.5,5.1,High,0,0.0,0.0,0.0
Brazil,BRA,South America,-8.5,-57.5,5.1,High,0,0.0,0.0,0.0
Brazil,BRA,South America,-7.5,-57.5,5.1,High,0,0.0,0.0,0.0
Brazil,BRA,South America,-6.5,-57.5,5.1,High,0,0.0,0.0,0.0
Brazil,BRA,South America,-5.5,-57.5,5.1,High,0,0.0,0.0,0.0
Brazil,BRA,South America,-4.5,-57.5,5.1,High,0,0.0,0.0,0.0
Brazil,BRA,South America,-3.5,-57.5,5.1,High,0,0.0,0.0,0.0
Brazil,BRA,South America,-2.5,-57.5,5.1,High,0,0.0,0.0,0.0
Brazil,BRA,South America,-1.5,-57.5,5.1,High,0,0.0,0.0,0.0
Brazil,BRA,South America,-0.5,-57.5,5.1,High,0,0.0,0.0,0.0
Brazil,BRA,South America,0.5,-57.5,5.1,High,0,0.0,0.0,0.0
Brazil,BRA,South America,1.5,-57.5,5.1,High,0,0.0,0.0,0.0
Guyana,GUY,South America,2.5,-57.5,3.8,Medium,0,0.0,0.0,0.0
Suriname,SUR,South America,3.5,-57.5,3.1,Low,0,0.0,0.0,0.0
Suriname,SUR,South America,4.5,-57.5,3.1,Low,0,0.0,0.0,0.0
Guyana,GUY,South America,5.5,-57.5,3.8,Medium,0,0.0,0.0,0.0
Canada,CAN,North America,48.5,-57.5,2.7,Low,0,0.0,0.0,0.0
Canada,CAN,North America,49.5,-57.5,2.7,Low,0,0.0,0.0,0.0
Canada,CAN,North America,50.5,-57.5,2.7,Low,0,0.0,0.0,0.0
Canada,CAN,North America,51.5,-57.5,2.7,Low,0,0.0,0.0,0.0
Canada,CAN,North America,52.5,-57.5,2.7,Low,0,0.0,0.0,0.0
Canada,CAN,North America,53.5,-57.5,2.7,Low,0,0.0,0.0,0.0
Canada,CAN,North America,54.5,-57.5,2.7,Low,0,0.0,0.0,0.0
Uruguay,URY,South America,-34.5,-56.5,2.5,Low,0,0.0,0.0,0.0
Uruguay,URY,South America,-33.5,-56.5,2.5,Low,0,0.0,0.0,0.0
Uruguay,URY,South America,-32.5,-56.5,2.5,Low,0,0.0,0.0,0.0
Uruguay,URY,South America,-31.5,-56.5,2.5,Low,0,0.0,0.0,0.0
Uruguay,URY,South America,-30.5,-56.5,2.5,Low,0,0.0,0.0,0.0
Brazil,BRA,South America,-29.5,-56.5,5.1,High,0,0.0,0.0,0.0
Argentina,ARG,South America,-28.5,-56.5,3.1,Low,0,0.0,0.0,0.0
Paraguay,PRY,South America,-27.5,-56.5,2.9,Low,0,0.0,0.0,0.0
Paraguay,PRY,South America,-26.5,-56.5,2.9,Low,0,0.0,0.0,0.0
Paraguay,PRY,South America,-25.5,-56.5,2.9,Low,0,0.0,0.0,0.0
Paraguay,PRY,South America,-24.5,-56.5,2.9,Low,0,0.0,0.0,0.0
Paraguay,PRY,South America,-23.5,-56.5,2.9,Low,0,0.0,0.0,0.0
Paraguay,PRY,South America,-22.5,-56.5,2.9,Low,0,0.0,0.0,0.0
Brazil,BRA,South America,-21.5,-56.5,5.1,High,0,0.0,0.0,0.0
Brazil,BRA,South America,-20.5,-56.5,5.1,High,0,0.0,0.0,0.0
Brazil,BRA,South America,-19.5,-56.5,5.1,High,0,0.0,0.0,0.0
Brazil,BRA,South America,-18.5,-56.5,5.1,High,0,0.0,0.0,0.0
Brazil,BRA,South America,-17.5,-56.5,5.1,High,0,0.0,0.0,0.0
Brazil,BRA,South America,-16.5,-56.5,5.1,High,0,0.0,0.0,0.0
Brazil,BRA,South America,-15.5,-56.5,5.1,High,0,0.0,0.0,0.0
Brazil,BRA,South America,-14.5,-56.5,5.1,High,0,0.0,0.0,0.0
Brazil,BRA,South America,-13.5,-56.5,5.1,High,0,0.0,0.0,0.0
Brazil,BRA,South America,-12.5,-56.5,5.1,High,0,0.0,0.0,0.0
Brazil,BRA,South America,-11.5,-56.5,5.1,High,2,4.8,5.0,10.0
Brazil,BRA,South America,-10.5,-56.5,5.1,High,0,0.0,0.0,0.0
Brazil,BRA,South America,-9.5,-56.5,5.1,High,0,0.0,0.0,0.0
Brazil,BRA,South America,-8.5,-56.5,5.1,High,0,0.0,0.0,0.0
Brazil,BRA,South America,-7.5,-56.5,5.1,High,0,0.0,0.0,0.0
Brazil,BRA,South America,-6.5,-56.5,5.1,High,0,0.0,0.0,0.0
Brazil,BRA,South America,-5.5,-56.5,5.1,High,0,0.0,0.0,0.0
Brazil,BRA,South America,-4.5,-56.5,5.1,High,0,0.0,0.0,0.0
Brazil,BRA,South America,-3.5,-56.5,5.1,High,0,0.0,0.0,0.0
Brazil,BRA,South America,-2.5,-56.5,5.1,High,0,0.0,0.0,0.0
Brazil,BRA,South America,-1.5,-56.5,5.1,High,0,0.0,0.0,0.0
Brazil,BRA,South America,-0.5,-56.5,5.1,High,0,0.0,0.0,0.0
Brazil,BRA,South America,0.5,-56.5,5.1,High,0,0.0,0.0,0.0
Brazil,BRA,South America,1.5,-56.5,5.1,High,0,0.0,0.0,0.0
Suriname,SUR,South America,2.5,-56.5,3.1,Low,0,0.0,0.0,0.0
Suriname,SUR,South America,3.5,-56.5,3.1,Low,0,0.0,0.0,0.0
Suriname,SUR,South America,4.5,-56.5,3.1,Low,0,0.0,0.0,0.0
Suriname,SUR,South America,5.5,-56.5,3.1,Low,0,0.0,0.0,0.0
Canada,CAN,North America,48.5,-56.5,2.7,Low,0,0.0,0.0,0.0
Canada,CAN,North America,49.5,-56.5,2.7,Low,0,0.0,0.0,0.0
Canada,CAN,North America,50.5,-56.5,2.7,Low,0,0.0,0.0,0.0
Canada,CAN,North America,52.5,-56.5,2.7,Low,0,0.0,0.0,0.0
Canada,CAN,North America,53.5,-56.5,2.7,Low,0,0.0,0.0,0.0
Uruguay,URY,South America,-34.5,-55.5,2.5,Low,0,0.0,0.0,0.0
Uruguay,URY,South America,-33.5,-55.5,2.5,Low,0,0.0,0.0,0.0
Uruguay,URY,South America,-32.5,-55.5,2.5,Low,0,0.0,0.0,0.0
Uruguay,URY,South America,-31.5,-55.5,2.5,Low,0,0.0,0.0,0.0
Brazil,BRA,South America,-30.5,-55.5,5.1,High,0,0.0,0.0,0.0
Brazil,BRA,South America,-29.5,-55.5,5.1,High,0,0.0,0.0,0.0
Brazil,BRA,South America,-28.5,-55.5,5.1,High,0,0.0,0.0,0.0
Argentina,ARG,South America,-27.5,-55.5,3.1,Low,0,0.0,0.0,0.0
Paraguay,PRY,South America,-26.5,-55.5,2.9,Low,0,0.0,0.0,0.0
Paraguay,PRY,South America,-25.5,-55.5,2.9,Low,0,0.0,0.0,0.0
Paraguay,PRY,South America,-24.5,-55.5,2.9,Low,0,0.0,0.0,0.0
Brazil,BRA,South America,-23.5,-55.5,5.1,High,0,0.0,0.0,0.0
Brazil,BRA,South America,-22.5,-55.5,5.1,High,0,0.0,0.0,0.0
Brazil,BRA,South America,-21.5,-55.5,5.1,High,0,0.0,0.0,0.0
Brazil,BRA,South America,-20.5,-55.5,5.1,High,0,0.0,0.0,0.0
Brazil,BRA,South America,-19.5,-55.5,5.1,High,0,0.0,0.0,0.0
Brazil,BRA,South America,-18.5,-55.5,5.1,High,1,4.9,4.9,10.0
Brazil,BRA,South America,-17.5,-55.5,5.1,High,0,0.0,0.0,0.0
Brazil,BRA,South America,-16.5,-55.5,5.1,High,0,0.0,0.0,0.0
Brazil,BRA,South America,-15.5,-55.5,5.1,High,0,0.0,0.0,0.0
Brazil,BRA,South America,-14.5,-55.5,5.1,High,0,0.0,0.0,0.0
Brazil,BRA,South America,-13.5,-55.5,5.1,High,0,0.0,0.0,0.0
Brazil,BRA,South America,-12.5,-55.5,5.1,High,0,0.0,0.0,0.0
Brazil,BRA,South America,-11.5,-55.5,5.1,High,0,0.0,0.0,0.0
Brazil,BRA,South America,-10.5,-55.5,5.1,High,0,0.0,0.0,0.0
Brazil,BRA,South America,-9.5,-55.5,5.1,High,0,0.0,0.0,0.0
Brazil,BRA,South America,-8.5,-55.5,5.1,High,0,0.0,0.0,0.0
Brazil,BRA,South America,-7.5,-55.5,5.1,High,0,0.0,0.0,0.0
Brazil,BRA,South America,-6.5,-55.5,5.1,High,0,0.0,0.0,0.0
Brazil,BRA,South America,-5.5,-55.5,5.1,High,0,0.0,0.0,0.0
Brazil,BRA,South America,-4.5,-55.5,5.1,High,0,0.0,0.0,0.0
Brazil,BRA,South America,-3.5,-55.5,5.1,High,0,0.0,0.0,0.0
Brazil,BRA,South America,-2.5,-55.5,5.1,High,0,0.0,0.0,0.0
Brazil,BRA,South America,-1.5,-55.5,5.1,High,0,0.0,0.0,0.0
Brazil,BRA,South America,-0.5,-55.5,5.1,High,0,0.0,0.0,0.0
Brazil,BRA,South America,0.5,-55.5,5.1,High,0,0.0,0.0,0.0
Brazil,BRA,South America,1.5,-55.5,5.1,High,0,0.0,0.0,0.0
Suriname,SUR,South America,2.5,-55.5,3.1,Low,0,0.0,0.0,0.0
Suriname,SUR,South America,3.5,-55.5,3.1,Low,0,0.0,0.0,0.0
Suriname,SUR,South America,4.5,-55.5,3.1,Low,0,0.0,0.0,0.0
Suriname,SUR,South America,5.5,-55.5,3.1,Low,0,0.0,0.0,0.0
Canada,CAN,North America,47.5,-55.5,2.7,Low,0,0.0,0.0,0.0
Canada,CAN,North America,48.5,-55.5,2.7,Low,0,0.0,0.0,0.0
Canada,CAN,North America,51.5,-55.5,2.7,Low,0,0.0,0.0,0.0
Uruguay,URY,South America,-34.5,-54.5,2.5,Low,0,0.0,0.0,0.0
Uruguay,URY,South America,-33.5,-54.5,2.5,Low,0,0.0,0.0,0.0
Uruguay,URY,South America,-32.5,-54.5,2.5,Low,0,0.0,0.0,0.0
Brazil,BRA,South America,-31.5,-54.5,5.1,High,0,0.0,0.0,0.0
Brazil,BRA,South America,-30.5,-54.5,5.1,High,0,0.0,0.0,0.0
Brazil,BRA,South America,-29.5,-54.5,5.1,High,0,0.0,0.0,0.0
Brazil,BRA,South America,-28.5,-54.5,5.1,High,0,0.0,0.0,0.0
Brazil,BRA,South America,-27.5,-54.5,5.1,High,0,0.0,0.0,0.0
Argentina,ARG,South America,-26.5,-54.5,3.1,Low,0,0.0,0.0,0.0
Brazil,BRA,South America,-25.5,-54.5,5.1,High,0,0.0,0.0,0.0
Paraguay,PRY,South America,-24.5,-54.5,2.9,Low,0,0.0,0.0,0.0
Brazil,BRA,South America,-23.5,-54.5,5.1,High,0,0.0,0.0,0.0
Brazil,BRA,South America,-22.5,-54.5,5.1,High,0,0.0,0.0,0.0
Brazil,BRA,South America,-21.5,-54.5,5.1,High,0,0.0,0.0,0.0
Brazil,BRA,South America,-20.5,-54.5,5.1,High,0,0.0,0.0,0.0
Brazil,BRA,South America,-19.5,-54.5,5.1,High,0,0.0,0.0,0.0
Brazil,BRA,South America,-18.5,-54.5,5.1,High,0,0.0,0.0,0.0
Brazil,BRA,South America,-17.5,-54.5,5.1,High,0,0.0,0.0,0.0
Brazil,BRA,South America,-16.5,-54.5,5.1,High,0,0.0,0.0,0.0
Brazil,BRA,South America,-15.5,-54.5,5.1,High,0,0.0,0.0,0.0
Brazil,BRA,South America,-14.5,-54.5,5.1,High,0,0.0,0.0,0.0
Brazil,BRA,South America,-13.5,-54.5,5.1,High,0,0.0,0.0,0.0
Brazil,BRA,South America,-12.5,-54.5,5.1,High,0,0.0,0.0,0.0
Brazil,BRA,South America,-11.5,-54.5,5.1,High,0,0.0,0.0,0.0
Brazil,BRA,South America,-10.5,-54.5,5.1,High,0,0.0,0.0,0.0
Brazil,BRA,South America,-9.5,-54.5,5.1,High,0,0.0,0.0,0.0
Brazil,BRA,South America,-8.5,-54.5,5.1,High,0,0.0,0.0,0.0
Brazil,BRA,South America,-7.5,-54.5,5.1,High,0,0.0,0.0,0.0
Brazil,BRA,South America,-6.5,-54.5,5.1,High,0,0.0,0.0,0.0
Brazil,BRA,South America,-5.5,-54.5,5.1,High,0,0.0,0.0,0.0
Brazil,BRA,South America,-4.5,-54.5,5.1,High,0,0.0,0.0,0.0
Brazil,BRA,South America,-3.5,-54.5,5.1,High,0,0.0,0.0,0.0
Brazil,BRA,South America,-2.5,-54.5,5.1,High,0,0.0,0.0,0.0
Brazil,BRA,South America,-1.5,-54.5,5.1,High,0,0.0,0.0,0.0
Brazil,BRA,South America,-0.5,-54.5,5.1,High,0,0.0,0.0,0.0
Brazil,BRA,South America,0.5,-54.5,5.1,High,0,0.0,0.0,0.0
Brazil,BRA,South America,1.5,-54.5,5.1,High,0,0.0,0.0,0.0
Suriname,SUR,South America,2.5,-54.5,3.1,Low,0,0.0,0.0,0.0
Suriname,SUR,South America,3.5,-54.5,3.1,Low,0,0.0,0.0,0.0
Suriname,SUR,South America,4.5,-54.5,3.1,Low,0,0.0,0.0,0.0
Suriname,SUR,South America,5.5,-54.5,3.1,Low,0,0.0,0.0,0.0
Canada,CAN,North America,48.5,-54.5,2.7,Low,0,0.0,0.0,0.0
Canada,CAN,North America,49.5,-54.5,2.7,Low,0,0.0,0.0,0.0
Brazil,BRA,South America,-33.5,-53.5,5.1,High,0,0.0,0.0,0.0
Uruguay,URY,South America,-32.5,-53.5,2.5,Low,0,0.0,0.0,0.0
Brazil,BRA,South America,-31.5,-53.5,5.1,High,0,0.0,0.0,0.0
Brazil,BRA,South America,-30.5,-53.5,5.1,High,0,0.0,0.0,0.0
Brazil,BRA,South America,-29.5,-53.5,5.1,High,0,0.0,0.0,0.0
Brazil,BRA,South America,-28.5,-53.5,5.1,High,0,0.0,0.0,0.0
Brazil,BRA,South America,-27.5,-53.5,5.1,High,0,0.0,0.0,0.0
Brazil,BRA,South America,-26.5,-53.5,5.1,High,0,0.0,0.0,0.0
Brazil,BRA,South America,-25.5,-53.5,5.1,High,0,0.0,0.0,0.0
Brazil,BRA,South America,-24.5,-53.5,5.1,High,0,0.0,0.0,0.0
Brazil,BRA,South America,-23.5,-53.5,5.1,High,0,0.0,0.0,0.0
Brazil,BRA,South America,-22.5,-53.5,5.1,High,0,0.0,0.0,0.0
Brazil,BRA,South America,-21.5,-53.5,5.1,High,0,0.0,0.0,0.0
Brazil,BRA,South America,-20.5,-53.5,5.1,High,0,0.0,0.0,0.0
Brazil,BRA,South America,-19.5,-53.5,5.1,High,0,0.0,0.0,0.0
Brazil,BRA,South America,-18.5,-53.5,5.1,High,0,0.0,0.0,0.0
Brazil,BRA,South America,-17.5,-53.5,5.1,High,0,0.0,0.0,0.0
Brazil,BRA,South America,-16.5,-53.5,5.1,High,0,0.0,0.0,0.0
Brazil,BRA,South America,-15.5,-53.5,5.1,High,0,0.0,0.0,0.0
Brazil,BRA,South America,-14.5,-53.5,5.1,High,0,0.0,0.0,0.0
Brazil,BRA,South America,-13.5,-53.5,5.1,High,0,0.0,0.0,0.0
Brazil,BRA,South America,-12.5,-53.5,5.1,High,0,0.0,0.0,0.0
Brazil,BRA,South America,-11.5,-53.5,5.1,High,0,0.0,0.0,0.0
Brazil,BRA,South America,-10.5,-53.5,5.1,High,0,0.0,0.0,0.0
Brazil,BRA,South America,-9.5,-53.5,5.1,High,0,0.0,0.0,0.0
Brazil,BRA,South America,-8.5,-53.5,5.1,High,0,0.0,0.0,0.0
Brazil,BRA,South America,-7.5,-53.5,5.1,High,0,0.0,0.0,0.0
Brazil,BRA,South America,-6.5,-53.5,5.1,High,0,0.0,0.0,0.0
Brazil,BRA,South America,-5.5,-53.5,5.1,High,0,0.0,0.0,0.0
Brazil,BRA,South America,-4.5,-53.5,5.1,High,0,0.0,0.0,0.0
Brazil,BRA,South America,-3.5,-53.5,5.1,High,0,0.0,0.0,0.0
Brazil,BRA,South America,-2.5,-53.5,5.1,High,0,0.0,0.0,0.0
Brazil,BRA,South America,-1.5,-53.5,5.1,High,0,0.0,0.0,0.0
Brazil,BRA,South America,-0.5,-53.5,5.1,High,0,0.0,0.0,0.0
Brazil,BRA,South America,0.5,-53.5,5.1,High,0,0.0,0.0,0.0
Brazil,BRA,South America,1.5,-53.5,5.1,High,0,0.0,0.0,0.0
Canada,CAN,North America,47.5,-53.5,2.7,Low,0,0.0,0.0,0.0
Canada,CAN,North America,48.5,-53.5,2.7,Low,0,0.0,0.0,0.0
Brazil,BRA,South America,-32.5,-52.5,5.1,High,0,0.0,0.0,0.0
Brazil,BRA,South America,-31.5,-52.5,5.1,High,0,0.0,0.0,0.0
Brazil,BRA,South America,-30.5,-52.5,5.1,High,0,0.0,0.0,0.0
Brazil,BRA,South America,-29.5,-52.5,5.1,High,0,0.0,0.0,0.0
Brazil,BRA,South America,-28.5,-52.5,5.1,High,0,0.0,0.0,0.0
Brazil,BRA,South America,-27.5,-52.5,5.1,High,0,0.0,0.0,0.0
Brazil,BRA,South America,-26.5,-52.5,5.1,High,0,0.0,0.0,0.0
Brazil,BRA,South America,-25.5,-52.5,5.1,High,0,0.0,0.0,0.0
Brazil,BRA,South America,-24.5,-52.5,5.1,High,0,0.0,0.0,0.0
Brazil,BRA,South America,-23.5,-52.5,5.1,High,0,0.0,0.0,0.0
Brazil,BRA,South America,-22.5,-52.5,5.1,High,0,0.0,0.0,0.0
Brazil,BRA,South America,-21.5,-52.5,5.1,High,0,0.0,0.0,0.0
Brazil,BRA,South America,-20.5,-52.5,5.1,High,0,0.0,0.0,0.0
Brazil,BRA,South America,-19.5,-52.5,5.1,High,0,0.0,0.0,0.0
Brazil,BRA,South America,-18.5,-52.5,5.1,High,0,0.0,0.0,0.0
Brazil,BRA,South America,-17.5,-52.5,5.1,High,0,0.0,0.0,0.0
Brazil,BRA,South America,-16.5,-52.5,5.1,High,0,0.0,0.0,0.0
Brazil,BRA,South America,-15.5,-52.5,5.1,High,0,0.0,0.0,0.0
Brazil,BRA,South America,-14.5,-52.5,5.1,High,0,0.0,0.0,0.0
Brazil,BRA,South America,-13.5,-52.5,5.1,High,0,0.0,0.0,0.0
Brazil,BRA,South America,-12.5,-52.5,5.1,High,0,0.0,0.0,0.0
Brazil,BRA,South America,-11.5,-52.5,5.1,High,0,0.0,0.0,0.0
Brazil,BRA,South America,-10.5,-52.5,5.1,High,0,0.0,0.0,0.0
Brazil,BRA,South America,-9.5,-52.5,5.1,High,0,0.0,0.0,0.0
Brazil,BRA,South America,-8.5,-52.5,5.1,High,0,0.0,0.0,0.0
Brazil,BRA,South America,-7.5,-52.5,5.1,High,0,0.0,0.0,0.0
Brazil,BRA,South America,-6.5,-52.5,5.1,High,0,0.0,0.0,0.0
Brazil,BRA,South America,-5.5,-52.5,5.1,High,0,0.0,0.0,0.0
Brazil,BRA,South America,-4.5,-52.5,5.1,High,0,0.0,0.0,0.0
Brazil,BRA,South America,-3.5,-52.5,5.1,High,0,0.0,0.0,0.0
Brazil,BRA,South America,-2.5,-52.5,5.1,High,0,0.0,0.0,0.0
Brazil,BRA,South America,-1.5,-52.5,5.1,High,0,0.0,0.0,0.0
Brazil,BRA,South America,-0.5,-52.5,5.1,High,0,0.0,0.0,0.0
Brazil,BRA,South America,0.5,-52.5,5.1,High,0,0.0,0.0,0.0
Brazil,BRA,South America,1.5,-52.5,5.1,High,0,0.0,0.0,0.0
Brazil,BRA,South America,2.5,-52.5,5.1,High,0,0.0,0.0,0.0
Brazil,BRA,South America,-31.5,-51.5,5.1,High,0,0.0,0.0,0.0
Brazil,BRA,South America,-30.5,-51.5,5.1,High,0,0.0,0.0,0.0
Brazil,BRA,South America,-29.5,-51.5,5.1,High,0,0.0,0.0,0.0
Brazil,BRA,South America,-28.5,-51.5,5.1,High,0,0.0,0.0,0.0
Brazil,BRA,South America,-27.5,-51.5,5.1,High,0,0.0,0.0,0.0
Brazil,BRA,South America,-26.5,-51.5,5.1,High,0,0.0,0.0,0.0
Brazil,BRA,South America,-25.5,-51.5,5.1,High,0,0.0,0.0,0.0
Brazil,BRA,South America,-24.5,-51.5,5.1,High,0,0.0,0.0,0.0
Brazil,BRA,South America,-23.5,-51.5,5.1,High,0,0.0,0.0,0.0
Brazil,BRA,South America,-22.5,-51.5,5.1,High,0,0.0,0.0,0.0
Brazil,BRA,South America,-21.5,-51.5,5.1,High,0,0.0,0.0,0.0
Brazil,BRA,South America,-20.5,-51.5,5.1,High,0,0.0,0.0,0.0
Brazil,BRA,South America,-19.5,-51.5,5.1,High,0,0.0,0.0,0.0
Brazil,BRA,South America,-18.5,-51.5,5.1,High,0,0.0,0.0,0.0
Brazil,BRA,South America,-17.5,-51.5,5.1,High,0,0.0,0.0,0.0
Brazil,BRA,South America,-16.5,-51.5,5.1,High,0,0.0,0.0,0.0
Brazil,BRA,South America,-15.5,-51.5,5.1,High,0,0.0,0.0,0.0
Brazil,BRA,South America,-14.5,-51.5,5.1,High,0,0.0,0.0,0.0
Brazil,BRA,South America,-13.5,-51.5,5.1,High,0,0.0,0.0,0.0
Brazil,BRA,South America,-12.5,-51.5,5.1,High,0,0.0,0.0,0.0
Brazil,BRA,South America,-11.5,-51.5,5.1,High,0,0.0,0.0,0.0
Brazil,BRA,South America,-10.5,-51.5,5.1,High,0,0.0,0.0,0.0
Brazil,BRA,South America,-9.5,-51.5,5.1,High,0,0.0,0.0,0.0
Brazil,BRA,South America,-8.5,-51.5,5.1,High,0,0.0,0.0,0.0
Brazil,BRA,South America,-7.5,-51.5,5.1,High,0,0.0,0.0,0.0
Brazil,BRA,South America,-6.5,-51.5,5.1,High,0,0.0,0.0,0.0
Brazil,BRA,South America,-5.5,-51.5,5.1,High,0,0.0,0.0,0.0
Brazil,BRA,South America,-4.5,-51.5,5.1,High,0,0.0,0.0,0.0
Brazil,BRA,South America,-3.5,-51.5,5.1,High,0,0.0,0.0,0.0
Brazil,BRA,South America,-2.5,-51.5,5.1,High,0,0.0,0.0,0.0
Brazil,BRA,South America,-1.5,-51.5,5.1,High,0,0.0,0.0,0.0
Brazil,BRA,South America,-0.5,-51.5,5.1,High,0,0.0,0.0,0.0
Brazil,BRA,South America,0.5,-51.5,5.1,High,0,0.0,0.0,0.0
Brazil,BRA,South America,1.5,-51.5,5.1,High,0,0.0,0.0,0.0
Brazil,BRA,South America,2.5,-51.5,5.1,High,0,0.0,0.0,0.0
Brazil,BRA,South America,3.5,-51.5,5.1,High,0,0.0,0.0,0.0
Brazil,BRA,South America,-30.5,-50.5,5.1,High,0,0.0,0.0,0.0
Brazil,BRA,South America,-29.5,-50.5,5.1,High,0,0.0,0.0,0.0
Brazil,BRA,South America,-28.5,-50.5,5.1,High,0,0.0,0.0,0.0
Brazil,BRA,South America,-27.5,-50.5,5.1,High,0,0.0,0.0,0.0
Brazil,BRA,South America,-26.5,-50.5,5.1,High,0,0.0,0.0,0.0
Brazil,BRA,South America,-25.5,-50.5,5.1,High,0,0.0,0.0,0.0
Brazil,BRA,South America,-24.5,-50.5,5.1,High,0,0.0,0.0,0.0
Brazil,BRA,South America,-23.5,-50.5,5.1,High,0,0.0,0.0,0.0
Brazil,BRA,South America,-22.5,-50.5,5.1,High,0,0.0,0.0,0.0
Brazil,BRA,South America,-21.5,-50.5,5.1,High,0,0.0,0.0,0.0
Brazil,BRA,South America,-20.5,-50.5,5.1,High,0,0.0,0.0,0.0
Brazil,BRA,South America,-19.5,-50.5,5.1,High,0,0.0,0.0,0.0
Brazil,BRA,South America,-18.5,-50.5,5.1,High,0,0.0,0.0,0.0
Brazil,BRA,South America,-17.5,-50.5,5.1,High,0,0.0,0.0,0.0
Brazil,BRA,South America,-16.5,-50.5,5.1,High,0,0.0,0.0,0.0
Brazil,BRA,South America,-15.5,-50.5,5.1,High,0,0.0,0.0,0.0
Brazil,BRA,South America,-14.5,-50.5,5.1,High,0,0.0,0.0,0.0
Brazil,BRA,South America,-13.5,-50.5,5.1,High,0,0.0,0.0,0.0
Brazil,BRA,South America,-12.5,-50.5,5.1,High,0,0.0,0.0,0.0
Brazil,BRA,South America,-11.5,-50.5,5.1,High,0,0.0,0.0,0.0
Brazil,BRA,South America,-10.5,-50.5,5.1,High,0,0.0,0.0,0.0
Brazil,BRA,South America,-9.5,-50.5,5.1,High,0,0.0,0.0,0.0
Brazil,BRA,South America,-8.5,-50.5,5.1,High,0,0.0,0.0,0.0
Brazil,BRA,South America,-7.5,-50.5,5.1,High,0,0.0,0.0,0.0
Brazil,BRA,South America,-6.5,-50.5,5.1,High,0,0.0,0.0,0.0
Brazil,BRA,South America,-5.5,-50.5,5.1,High,0,0.0,0.0,0.0
Brazil,BRA,South America,-4.5,-50.5,5.1,High,0,0.0,0.0,0.0
Brazil,BRA,South America,-3.5,-50.5,5.1,High,0,0.0,0.0,0.0
Brazil,BRA,South America,-2.5,-50.5,5.1,High,0,0.0,0.0,0.0
Brazil,BRA,South America,-1.5,-50.5,5.1,High,0,0.0,0.0,0.0
Brazil,BRA,South America,-0.5,-50.5,5.1,High,0,0.0,0.0,0.0
Brazil,BRA,South America,0.5,-50.5,5.1,High,0,0.0,0.0,0.0
Brazil,BRA,South America,1.5,-50.5,5.1,High,0,0.0,0.0,0.0
Brazil,BRA,South America,-28.5,-49.5,5.1,High,0,0.0,0.0,0.0
Brazil,BRA,South America,-27.5,-49.5,5.1,High,0,0.0,0.0,0.0
Brazil,BRA,South America,-26.5,-49.5,5.1,High,0,0.0,0.0,0.0
Brazil,BRA,South America,-25.5,-49.5,5.1,High,0,0.0,0.0,0.0
Brazil,BRA,South America,-24.5,-49.5,5.1,High,0,0.0,0.0,0.0
Brazil,BRA,South America,-23.5,-49.5,5.1,High,0,0.0,0.0,0.0
Brazil,BRA,South America,-22.5,-49.5,5.1,High,0,0.0,0.0,0.0
Brazil,BRA,South America,-21.5,-49.5,5.1,High,0,0.0,0.0,0.0
Brazil,BRA,South America,-20.5,-49.5,5.1,High,0,0.0,0.0,0.0
Brazil,BRA,South America,-19.5,-49.5,5.1,High,0,0.0,0.0,0.0
Brazil,BRA,South America,-18.5,-49.5,5.1,High,0,0.0,0.0,0.0
Brazil,BRA,South America,-17.5,-49.5,5.1,High,0,0.0,0.0,0.0
Brazil,BRA,South America,-16.5,-49.5,5.1,High,0,0.0,0.0,0.0
Brazil,BRA,South America,-15.5,-49.5,5.1,High,0,0.0,0.0,0.0
Brazil,BRA,South America,-14.5,-49.5,5.1,High,0,0.0,0.0,0.0
Brazil,BRA,South America,-13.5,-49.5,5.1,High,1,5.0,5.0,10.0
Brazil,BRA,South America,-12.5,-49.5,5.1,High,0,0.0,0.0,0.0
Brazil,BRA,South America,-11.5,-49.5,5.1,High,0,0.0,0.0,0.0
Brazil,BRA,South America,-10.5,-49.5,5.1,High,0,0.0,0.0,0.0
Brazil,BRA,South America,-9.5,-49.5,5.1,High,0,0.0,0.0,0.0
Brazil,BRA,South America,-8.5,-49.5,5.1,High,0,0.0,0.0,0.0
Brazil,BRA,South America,-7.5,-49.5,5.1,High,0,0.0,0.0,0.0
Brazil,BRA,South America,-6.5,-49.5,5.1,High,0,0.0,0.0,0.0
Brazil,BRA,South America,-5.5,-49.5,5.1,High,0,0.0,0.0,0.0
Brazil,BRA,South America,-4.5,-49.5,5.1,High,0,0.0,0.0,0.0
Brazil,BRA,South America,-3.5,-49.5,5.1,High,0,0.0,0.0,0.0
Brazil,BRA,South America,-2.5,-49.5,5.1,High,0,0.0,0.0,0.0
Brazil,BRA,South America,-1.5,-49.5,5.1,High,0,0.0,0.0,0.0
Brazil,BRA,South America,-0.5,-49.5,5.1,High,0,0.0,0.0,0.0
Brazil,BRA,South America,-25.5,-48.5,5.1,High,0,0.0,0.0,0.0
Brazil,BRA,South America,-24.5,-48.5,5.1,High,0,0.0,0.0,0.0
Brazil,BRA,South America,-23.5,-48.5,5.1,High,0,0.0,0.0,0.0
Brazil,BRA,South America,-22.5,-48.5,5.1,High,0,0.0,0.0,0.0
Brazil,BRA,South America,-21.5,-48.5,5.1,High,0,0.0,0.0,0.0
Brazil,BRA,South America,-20.5,-48.5,5.1,High,0,0.0,0.0,0.0
Brazil,BRA,South America,-19.5,-48.5,5.1,High,0,0.0,0.0,0.0
Brazil,BRA,South America,-18.5,-48.5,5.1,High,0,0.0,0.0,0.0
Brazil,BRA,South America,-17.5,-48.5,5.1,High,0,0.0,0.0,0.0
Brazil,BRA,South America,-16.5,-48.5,5.1,High,0,0.0,0.0,0.0
Brazil,BRA,South America,-15.5,-48.5,5.1,High,0,0.0,0.0,0.0
Brazil,BRA,South America,-14.5,-48.5,5.1,High,0,0.0,0.0,0.0
Brazil,BRA,South America,-13.5,-48.5,5.1,High,0,0.0,0.0,0.0
Brazil,BRA,South America,-12.5,-48.5,5.1,High,0,0.0,0.0,0.0
Brazil,BRA,South America,-11.5,-48.5,5.1,High,0,0.0,0.0,0.0
Brazil,BRA,South America,-10.5,-48.5,5.1,High,0,0.0,0.0,0.0
Brazil,BRA,South America,-9.5,-48.5,5.1,High,0,0.0,0.0,0.0
Brazil,BRA,South America,-8.5,-48.5,5.1,High,0,0.0,0.0,0.0
Brazil,BRA,South America,-7.5,-48.5,5.1,High,0,0.0,0.0,0.0
Brazil,BRA,South America,-6.5,-48.5,5.1,High,0,0.0,0.0,0.0
Brazil,BRA,South America,-5.5,-48.5,5.1,High,0,0.0,0.0,0.0
Brazil,BRA,South America,-4.5,-48.5,5.1,High,0,0.0,0.0,0.0
Brazil,BRA,South America,-3.5,-48.5,5.1,High,0,0.0,0.0,0.0
Brazil,BRA,South America,-2.5,-48.5,5.1,High,0,0.0,0.0,0.0
Brazil,BRA,South America,-1.5,-48.5,5.1,High,0,0.0,0.0,0.0
Brazil,BRA,South America,-24.5,-47.5,5.1,High,0,0.0,0.0,0.0
Brazil,BRA,South America,-23.5,-47.5,5.1,High,0,0.0,0.0,0.0
Brazil,BRA,South America,-22.5,-47.5,5.1,High,0,0.0,0.0,0.0
Brazil,BRA,South America,-21.5,-47.5,5.1,High,0,0.0,0.0,0.0
Brazil,BRA,South America,-20.5,-47.5,5.1,High,0,0.0,0.0,0.0
Brazil,BRA,South America,-19.5,-47.5,5.1,High,0,0.0,0.0,0.0
Brazil,BRA,South America,-18.5,-47.5,5.1,High,0,0.0,0.0,0.0
Brazil,BRA,South America,-17.5,-47.5,5.1,High,0,0.0,0.0,0.0
Brazil,BRA,South America,-16.5,-47.5,5.1,High,0,0.0,0.0,0.0
Brazil,BRA,South America,-15.5,-47.5,5.1,High,0,0.0,0.0,0.0
Brazil,BRA,South America,-14.5,-47.5,5.1,High,0,0.0,0.0,0.0
Brazil,BRA,South America,-13.5,-47.5,5.1,High,0,0.0,0.0,0.0
Brazil,BRA,South America,-12.5,-47.5,5.1,High,0,0.0,0.0,0.0
Brazil,BRA,South America,-11.5,-47.5,5.1,High,0,0.0,0.0,0.0
Brazil,BRA,South America,-10.5,-47.5,5.1,High,0,0.0,0.0,0.0
Brazil,BRA,South America,-9.5,-47.5,5.1,High,0,0.0,0.0,0.0
Brazil,BRA,South America,-8.5,-47.5,5.1,High,0,0.0,0.0,0.0
Brazil,BRA,South America,-7.5,-47.5,5.1,High,0,0.0,0.0,0.0
Brazil,BRA,South America,-6.5,-47.5,5.1,High,0,0.0,0.0,0.0
Brazil,BRA,South America,-5.5,-47.5,5.1,High,0,0.0,0.0,0.0
Brazil,BRA,South America,-4.5,-47.5,5.1,High,0,0.0,0.0,0.0
Brazil,BRA,South America,-3.5,-47.5,5.1,High,0,0.0,0.0,0.0
Brazil,BRA,South America,-2.5,-47.5,5.1,High,0,0.0,0.0,0.0
Brazil,BRA,South America,-1.5,-47.5,5.1,High,0,0.0,0.0,0.0
Brazil,BRA,South America,-23.5,-46.5,5.1,High,0,0.0,0.0,0.0
Brazil,BRA,South America,-22.5,-46.5,5.1,High,0,0.0,0.0,0.0
Brazil,BRA,South America,-21.5,-46.5,5.1,High,0,0.0,0.0,0.0
Brazil,BRA,South America,-20.5,-46.5,5.1,High,0,0.0,0.0,0.0
Brazil,BRA,South America,-19.5,-46.5,5.1,High,0,0.0,0.0,0.0
Brazil,BRA,South America,-18.5,-46.5,5.1,High,0,0.0,0.0,0.0
Brazil,BRA,South America,-17.5,-46.5,5.1,High,0,0.0,0.0,0.0
Brazil,BRA,South America,-16.5,-46.5,5.1,High,0,0.0,0.0,0.0
Brazil,BRA,South America,-15.5,-46.5,5.1,High,0,0.0,0.0,0.0
Brazil,BRA,South America,-14.5,-46.5,5.1,High,0,0.0,0.0,0.0
Brazil,BRA,South America,-13.5,-46.5,5.1,High,0,0.0,0.0,0.0
Brazil,BRA,South America,-12.5,-46.5,5.1,High,0,0.0,0.0,0.0
Brazil,BRA,South America,-11.5,-46.5,5.1,High,0,0.0,0.0,0.0
Brazil,BRA,South America,-10.5,-46.5,5.1,High,0,0.0,0.0,0.0
Brazil,BRA,South America,-9.5,-46.5,5.1,High,0,0.0,0.0,0.0
Brazil,BRA,South America,-8.5,-46.5,5.1,High,0,0.0,0.0,0.0
Brazil,BRA,South America,-7.5,-46.5,5.1,High,0,0.0,0.0,0.0
Brazil,BRA,South America,-6.5,-46.5,5.1,High,0,0.0,0.0,0.0
Brazil,BRA,South America,-5.5,-46.5,5.1,High,0,0.0,0.0,0.0
Brazil,BRA,South America,-4.5,-46.5,5.1,High,0,0.0,0.0,0.0
Brazil,BRA,South America,-3.5,-46.5,5.1,High,0,0.0,0.0,0.0
Brazil,BRA,South America,-2.5,-46.5,5.1,High,0,0.0,0.0,0.0
Brazil,BRA,South America,-1.5,-46.5,5.1,High,0,0.0,0.0,0.0
Brazil,BRA,South America,-23.5,-45.5,5.1,High,0,0.0,0.0,0.0
Brazil,BRA,South America,-22.5,-45.5,5.1,High,0,0.0,0.0,0.0
Brazil,BRA,South America,-21.5,-45.5,5.1,High,0,0.0,0.0,0.0
Brazil,BRA,South America,-20.5,-45.5,5.1,High,0,0.0,0.0,0.0
Brazil,BRA,South America,-19.5,-45.5,5.1,High,0,0.0,0.0,0.0
Brazil,BRA,South America,-18.5,-45.5,5.1,High,0,0.0,0.0,0.0
Brazil,BRA,South America,-17.5,-45.5,5.1,High,0,0.0,0.0,0.0
Brazil,BRA,South America,-16.5,-45.5,5.1,High,0,0.0,0.0,0.0
Brazil,BRA,South America,-15.5,-45.5,5.1,High,0,0.0,0.0,0.0
Brazil,BRA,South America,-14.5,-45.5,5.1,High,0,0.0,0.0,0.0
Brazil,BRA,South America,-13.5,-45.5,5.1,High,0,0.0,0.0,0.0
Brazil,BRA,South America,-12.5,-45.5,5.1,High,0,0.0,0.0,0.0
Brazil,BRA,South America,-11.5,-45.5,5.1,High,0,0.0,0.0,0.0
Brazil,BRA,South America,-10.5,-45.5,5.1,High,0,0.0,0.0,0.0
Brazil,BRA,South America,-9.5,-45.5,5.1,High,0,0.0,0.0,0.0
Brazil,BRA,South America,-8.5,-45.5,5.1,High,0,0.0,0.0,0.0
Brazil,BRA,South America,-7.5,-45.5,5.1,High,0,0.0,0.0,0.0
Brazil,BRA,South America,-6.5,-45.5,5.1,High,0,0.0,0.0,0.0
Brazil,BRA,South America,-5.5,-45.5,5.1,High,0,0.0,0.0,0.0
Brazil,BRA,South America,-4.5,-45.5,5.1,High,0,0.0,0.0,0.0
Brazil,BRA,South America,-3.5,-45.5,5.1,High,0,0.0,0.0,0.0
Brazil,BRA,South America,-2.5,-45.5,5.1,High,0,0.0,0.0,0.0
Brazil,BRA,South America,-1.5,-45.5,5.1,High,0,0.0,0.0,0.0
Brazil,BRA,South America,-22.5,-44.5,5.1,High,0,0.0,0.0,0.0
Brazil,BRA,South America,-21.5,-44.5,5.1,High,0,0.0,0.0,0.0
Brazil,BRA,South America,-20.5,-44.5,5.1,High,0,0.0,0.0,0.0
Brazil,BRA,South America,-19.5,-44.5,5.1,High,0,0.0,0.0,0.0
Brazil,BRA,South America,-18.5,-44.5,5.1,High,0,0.0,0.0,0.0
Brazil,BRA,South America,-17.5,-44.5,5.1,High,0,0.0,0.0,0.0
Brazil,BRA,South America,-16.5,-44.5,5.1,High,0,0.0,0.0,0.0
Brazil,BRA,South America,-15.5,-44.5,5.1,High,1,4.9,4.9,10.0
Brazil,BRA,South America,-14.5,-44.5,5.1,High,0,0.0,0.0,0.0
Brazil,BRA,South America,-13.5,-44.5,5.1,High,0,0.0,0.0,0.0
Brazil,BRA,South America,-12.5,-44.5,5.1,High,0,0.0,0.0,0.0
Brazil,BRA,South America,-11.5,-44.5,5.1,High,0,0.0,0.0,0.0
Brazil,BRA,South America,-10.5,-44.5,5.1,High,0,0.0,0.0,0.0
Brazil,BRA,South America,-9.5,-44.5,5.1,High,0,0.0,0.0,0.0
Brazil,BRA,South America,-8.5,-44.5,5.1,High,0,0.0,0.0,0.0
Brazil,BRA,South America,-7.5,-44.5,5.1,High,0,0.0,0.0,0.0
Brazil,BRA,South America,-6.5,-44.5,5.1,High,0,0.0,0.0,0.0
Brazil,BRA,South America,-5.5,-44.5,5.1,High,0,0.0,0.0,0.0
Brazil,BRA,South America,-4.5,-44.5,5.1,High,0,0.0,0.0,0.0
Brazil,BRA,South America,-3.5,-44.5,5.1,High,0,0.0,0.0,0.0
Brazil,BRA,South America,-22.5,-43.5,5.1,High,0,0.0,0.0,0.0
Brazil,BRA,South America,-21.5,-43.5,5.1,High,0,0.0,0.0,0.0
Brazil,BRA,South America,-20.5,-43.5,5.1,High,0,0.0,0.0,0.0
Brazil,BRA,South America,-19.5,-43.5,5.1,High,0,0.0,0.0,0.0
Brazil,BRA,South America,-18.5,-43.5,5.1,High,0,0.0,0.0,0.0
Brazil,BRA,South America,-17.5,-43.5,5.1,High,0,0.0,0.0,0.0
Brazil,BRA,South America,-16.5,-43.5,5.1,High,0,0.0,0.0,0.0
Brazil,BRA,South America,-15.5,-43.5,5.1,High,0,0.0,0.0,0.0
Brazil,BRA,South America,-14.5,-43.5,5.1,High,0,0.0,0.0,0.0
Brazil,BRA,South America,-13.5,-43.5,5.1,High,0,0.0,0.0,0.0
Brazil,BRA,South America,-12.5,-43.5,5.1,High,0,0.0,0.0,0.0
Brazil,BRA,South America,-11.5,-43.5,5.1,High,0,0.0,0.0,0.0
Brazil,BRA,South America,-10.5,-43.5,5.1,High,0,0.0,0.0,0.0
Brazil,BRA,South America,-9.5,-43.5,5.1,High,0,0.0,0.0,0.0
Brazil,BRA,South America,-8.5,-43.5,5.1,High,0,0.0,0.0,0.0
Brazil,BRA,South America,-7.5,-43.5,5.1,High,0,0.0,0.0,0.0
Brazil,BRA,South America,-6.5,-43.5,5.1,High,0,0.0,0.0,0.0
Brazil,BRA,South America,-5.5,-43.5,5.1,High,0,0.0,0.0,0.0
Brazil,BRA,South America,-4.5,-43.5,5.1,High,0,0.0,0.0,0.0
Brazil,BRA,South America,-3.5,-43.5,5.1,High,1,4.5,4.5,10.0
Brazil,BRA,South America,-2.5,-43.5,5.1,High,0,0.0,0.0,0.0
Brazil,BRA,South America,-22.5,-42.5,5.1,High,0,0.0,0.0,0.0
Brazil,BRA,South America,-21.5,-42.5,5.1,High,0,0.0,0.0,0.0
Brazil,BRA,South America,-20.5,-42.5,5.1,High,0,0.0,0.0,0.0
Brazil,BRA,South America,-19.5,-42.5,5.1,High,0,0.0,0.0,0.0
Brazil,BRA,South America,-18.5,-42.5,5.1,High,0,0.0,0.0,0.0
Brazil,BRA,South America,-17.5,-42.5,5.1,High,0,0.0,0.0,0.0
Brazil,BRA,South America,-16.5,-42.5,5.1,High,0,0.0,0.0,0.0
Brazil,BRA,South America,-15.5,-42.5,5.1,High,0,0.0,0.0,0.0
Brazil,BRA,South America,-14.5,-42.5,5.1,High,0,0.0,0.0,0.0
Brazil,BRA,South America,-13.5,-42.5,5.1,High,0,0.0,0.0,0.0
Brazil,BRA,South America,-12.5,-42.5,5.1,High,0,0.0,0.0,0.0
Brazil,BRA,South America,-11.5,-42.5,5.1,High,0,0.0,0.0,0.0
Brazil,BRA,South America,-10.5,-42.5,5.1,High,0,0.0,0.0,0.0
Brazil,BRA,South America,-9.5,-42.5,5.1,High,0,0.0,0.0,0.0
Brazil,BRA,South America,-8.5,-42.5,5.1,High,0,0.0,0.0,0.0
Brazil,BRA,South America,-7.5,-42.5,5.1,High,0,0.0,0.0,0.0
Brazil,BRA,South America,-6.5,-42.5,5.1,High,0,0.0,0.0,0.0
Brazil,BRA,South America,-5.5,-42.5,5.1,High,0,0.0,0.0,0.0
Brazil,BRA,South America,-4.5,-42.5,5.1,High,0,0.0,0.0,0.0
Brazil,BRA,South America,-3.5,-42.5,5.1,High,0,0.0,0.0,0.0
Brazil,BRA,South America,-21.5,-41.5,5.1,High,0,0.0,0.0,0.0
Brazil,BRA,South America,-20.5,-41.5,5.1,High,0,0.0,0.0,0.0
Brazil,BRA,South America,-19.5,-41.5,5.1,High,0,0.0,0.0,0.0
Brazil,BRA,South America,-18.5,-41.5,5.1,High,0,0.0,0.0,0.0
Brazil,BRA,South America,-17.5,-41.5,5.1,High,0,0.0,0.0,0.0
Brazil,BRA,South America,-16.5,-41.5,5.1,High,0,0.0,0.0,0.0
Brazil,BRA,South America,-15.5,-41.5,5.1,High,0,0.0,0.0,0.0
Brazil,BRA,South America,-14.5,-41.5,5.1,High,0,0.0,0.0,0.0
Brazil,BRA,South America,-13.5,-41.5,5.1,High,0,0.0,0.0,0.0
Brazil,BRA,South America,-12.5,-41.5,5.1,High,0,0.0,0.0,0.0
Brazil,BRA,South America,-11.5,-41.5,5.1,High,0,0.0,0.0,0.0
Brazil,BRA,South America,-10.5,-41.5,5.1,High,0,0.0,0.0,0.0
Brazil,BRA,South America,-9.5,-41.5,5.1,High,0,0.0,0.0,0.0
Brazil,BRA,South America,-8.5,-41.5,5.1,High,0,0.0,0.0,0.0
Brazil,BRA,South America,-7.5,-41.5,5.1,High,0,0.0,0.0,0.0
Brazil,BRA,South America,-6.5,-41.5,5.1,High,0,0.0,0.0,0.0
Brazil,BRA,South America,-5.5,-41.5,5.1,High,0,0.0,0.0,0.0
Brazil,BRA,South America,-4.5,-41.5,5.1,High,0,0.0,0.0,0.0
Brazil,BRA,South America,-3.5,-41.5,5.1,High,0,0.0,0.0,0.0
Brazil,BRA,South America,-20.5,-40.5,5.1,High,0,0.0,0.0,0.0
Brazil,BRA,South America,-19.5,-40.5,5.1,High,0,0.0,0.0,0.0
Brazil,BRA,South America,-18.5,-40.5,5.1,High,0,0.0,0.0,0.0
Brazil,BRA,South America,-17.5,-40.5,5.1,High,0,0.0,0.0,0.0
Brazil,BRA,South America,-16.5,-40.5,5.1,High,0,0.0,0.0,0.0
Brazil,BRA,South America,-15.5,-40.5,5.1,High,0,0.0,0.0,0.0
Brazil,BRA,South America,-14.5,-40.5,5.1,High,0,0.0,0.0,0.0
Brazil,BRA,South America,-13.5,-40.5,5.1,High,0,0.0,0.0,0.0
Brazil,BRA,South America,-12.5,-40.5,5.1,High,0,0.0,0.0,0.0
Brazil,BRA,South America,-11.5,-40.5,5.1,High,0,0.0,0.0,0.0
Brazil,BRA,South America,-10.5,-40.5,5.1,High,0,0.0,0.0,0.0
Brazil,BRA,South America,-9.5,-40.5,5.1,High,0,0.0,0.0,0.0
Brazil,BRA,South America,-8.5,-40.5,5.1,High,0,0.0,0.0,0.0
Brazil,BRA,South America,-7.5,-40.5,5.1,High,0,0.0,0.0,0.0
Brazil,BRA,South America,-6.5,-40.5,5.1,High,0,0.0,0.0,0.0
Brazil,BRA,South America,-5.5,-40.5,5.1,High,0,0.0,0.0,0.0
Brazil,BRA,South America,-4.5,-40.5,5.1,High,0,0.0,0.0,0.0
Brazil,BRA,South America,-3.5,-40.5,5.1,High,0,0.0,0.0,0.0
Brazil,BRA,South America,-17.5,-39.5,5.1,High,0,0.0,0.0,0.0
Brazil,BRA,South America,-16.5,-39.5,5.1,High,0,0.0,0.0,0.0
Brazil,BRA,South America,-15.5,-39.5,5.1,High,0,0.0,0.0,0.0
Brazil,BRA,South America,-14.5,-39.5,5.1,High,0,0.0,0.0,0.0
Brazil,BRA,South America,-13.5,-39.5,5.1,High,1,4.6,4.6,10.0
Brazil,BRA,South America,-12.5,-39.5,5.1,High,0,0.0,0.0,0.0
Brazil,BRA,South America,-11.5,-39.5,5.1,High,0,0.0,0.0,0.0
Brazil,BRA,South America,-10.5,-39.5,5.1,High,0,0.0,0.0,0.0
Brazil,BRA,South America,-9.5,-39.5,5.1,High,0,0.0,0.0,0.0
Brazil,BRA,South America,-8.5,-39.5,5.1,High,0,0.0,0.0,0.0
Brazil,BRA,South America,-7.5,-39.5,5.1,High,0,0.0,0.0,0.0
Brazil,BRA,South America,-6.5,-39.5,5.1,High,0,0.0,0.0,0.0
Brazil,BRA,South America,-5.5,-39.5,5.1,High,0,0.0,0.0,0.0
Brazil,BRA,South America,-4.5,-39.5,5.1,High,0,0.0,0.0,0.0
Brazil,BRA,South America,-3.5,-39.5,5.1,High,0,0.0,0.0,0.0
Brazil,BRA,South America,-12.5,-38.5,5.1,High,0,0.0,0.0,0.0
Brazil,BRA,South America,-11.5,-38.5,5.1,High,0,0.0,0.0,0.0
Brazil,BRA,South America,-10.5,-38.5,5.1,High,0,0.0,0.0,0.0
Brazil,BRA,South America,-9.5,-38.5,5.1,High,0,0.0,0.0,0.0
Brazil,BRA,South America,-8.5,-38.5,5.1,High,0,0.0,0.0,0.0
Brazil,BRA,South America,-7.5,-38.5,5.1,High,0,0.0,0.0,0.0
Brazil,BRA,South America,-6.5,-38.5,5.1,High,0,0.0,0.0,0.0
Brazil,BRA,South America,-5.5,-38.5,5.1,High,0,0.0,0.0,0.0
Brazil,BRA,South America,-4.5,-38.5,5.1,High,0,0.0,0.0,0.0
Brazil,BRA,South America,-11.5,-37.5,5.1,High,0,0.0,0.0,0.0
Brazil,BRA,South America,-10.5,-37.5,5.1,High,0,0.0,0.0,0.0
Brazil,BRA,South America,-9.5,-37.5,5.1,High,0,0.0,0.0,0.0
Brazil,BRA,South America,-8.5,-37.5,5.1,High,0,0.0,0.0,0.0
Brazil,BRA,South America,-7.5,-37.5,5.1,High,0,0.0,0.0,0.0
Brazil,BRA,South America,-6.5,-37.5,5.1,High,0,0.0,0.0,0.0
Brazil,BRA,South America,-5.5,-37.5,5.1,High,0,0.0,0.0,0.0
Brazil,BRA,South America,-10.5,-36.5,5.1,High,0,0.0,0.0,0.0
Brazil,BRA,South America,-9.5,-36.5,5.1,High,0,0.0,0.0,0.0
Brazil,BRA,South America,-8.5,-36.5,5.1,High,0,0.0,0.0,0.0
Brazil,BRA,South America,-7.5,-36.5,5.1,High,0,0.0,0.0,0.0
Brazil,BRA,South America,-6.5,-36.5,5.1,High,0,0.0,0.0,0.0
Brazil,BRA,South America,-5.5,-36.5,5.1,High,0,0.0,0.0,0.0
Brazil,BRA,South America,-8.5,-35.5,5.1,High,0,0.0,0.0,0.0
Brazil,BRA,South America,-7.5,-35.5,5.1,High,0,0.0,0.0,0.0
Brazil,BRA,South America,-6.5,-35.5,5.1,High,0,0.0,0.0,0.0
Brazil,BRA,South America,-5.5,-35.5,5.1,High,0,0.0,0.0,0.0
Iceland,ISL,Europe,65.5,-22.5,1.6,Very Low,0,0.0,0.0,0.0
Iceland,ISL,Europe,64.5,-21.5,1.6,Very Low,10,4.78,6.3,9.9
Iceland,ISL,Europe,65.5,-21.5,1.6,Very Low,0,0.0,0.0,0.0
Iceland,ISL,Europe,64.5,-20.5,1.6,Very Low,2,4.5,4.5,10.0
Iceland,ISL,Europe,65.5,-20.5,1.6,Very Low,0,0.0,0.0,0.0
Iceland,ISL,Europe,64.5,-19.5,1.6,Very Low,0,0.0,0.0,0.0
Iceland,ISL,Europe,65.5,-19.5,1.6,Very Low,0,0.0,0.0,0.0
Iceland,ISL,Europe,64.5,-18.5,1.6,Very Low,3,4.8333,5.5,11.84
Iceland,ISL,Europe,65.5,-18.5,1.6,Very Low,0,0.0,0.0,0.0
Iceland,ISL,Europe,64.5,-17.5,1.6,Very Low,302,4.7275,5.6,8.2983
Iceland,ISL,Europe,65.5,-17.5,1.6,Very Low,0,0.0,0.0,0.0
Senegal,SEN,Africa,12.5,-16.5,4.2,Medium,0,0.0,0.0,0.0
Gambia,GMB,Africa,13.5,-16.5,4.0,Medium,0,0.0,0.0,0.0
Senegal,SEN,Africa,14.5,-16.5,4.2,Medium,0,0.0,0.0,0.0
Senegal,SEN,Africa,15.5,-16.5,4.2,Medium,0,0.0,0.0,0.0
Mauritania,MRT,Africa,16.5,-16.5,5.0,High,0,0.0,0.0,0.0
Morocco,MAR,Africa,21.5,-16.5,3.6,Medium,0,0.0,0.0,0.0
Iceland,ISL,Europe,64.5,-16.5,1.6,Very Low,0,0.0,0.0,0.0
Iceland,ISL,Europe,65.5,-16.5,1.6,Very Low,1,4.5,4.5,7.9
Guinea-Bissau,GNB,Africa,11.5,-15.5,4.1,Medium,0,0.0,0.0,0.0
Guinea-Bissau,GNB,Africa,12.5,-15.5,4.1,Medium,0,0.0,0.0,0.0
Gambia,GMB,Africa,13.5,-15.5,4.0,Medium,0,0.0,0.0,0.0
Senegal,SEN,Africa,14.5,-15.5,4.2,Medium,0,0.0,0.0,0.0
Senegal,SEN,Africa,15.5,-15.5,4.2,Medium,0,0.0,0.0,0.0
Mauritania,MRT,Africa,16.5,-15.5,5.0,High,0,0.0,0.0,0.0
Mauritania,MRT,Africa,17.5,-15.5,5.0,High,0,0.0,0.0,0.0
Mauritania,MRT,Africa,18.5,-15.5,5.0,High,0,0.0,0.0,0.0
Mauritania,MRT,Africa,19.5,-15.5,5.0,High,0,0.0,0.0,0.0
Mauritania,MRT,Africa,20.5,-15.5,5.0,High,0,0.0,0.0,0.0
Morocco,MAR,Africa,21.5,-15.5,3.6,Medium,0,0.0,0.0,0.0
Morocco,MAR,Africa,22.5,-15.5,3.6,Medium,0,0.0,0.0,0.0
Morocco,MAR,Africa,23.5,-15.5,3.6,Medium,0,0.0,0.0,0.0
Iceland,ISL,Europe,64.5,-15.5,1.6,Very Low,0,0.0,0.0,0.0
Iceland,ISL,Europe,65.5,-15.5,1.6,Very Low,0,0.0,0.0,0.0
Guinea,GIN,Africa,10.5,-14.5,4.7,Medium,0,0.0,0.0,0.0
Guinea,GIN,Africa,11.5,-14.5,4.7,Medium,0,0.0,0.0,0.0
Guinea-Bissau,GNB,Africa,12.5,-14.5,4.1,Medium,0,0.0,0.0,0.0
Gambia,GMB,Africa,13.5,-14.5,4.0,Medium,0,0.0,0.0,0.0
Senegal,SEN,Africa,14.5,-14.5,4.2,Medium,0,0.0,0.0,0.0
Senegal,SEN,Africa,15.5,-14.5,4.2,Medium,0,0.0,0.0,0.0
Senegal,SEN,Africa,16.5,-14.5,4.2,Medium,0,0.0,0.0,0.0
Mauritania,MRT,Africa,17.5,-14.5,5.0,High,0,0.0,0.0,0.0
Mauritania,MRT,Africa,18.5,-14.5,5.0,High,0,0.0,0.0,0.0
Mauritania,MRT,Africa,19.5,-14.5,5.0,High,0,0.0,0.0,0.0
Mauritania,MRT,Africa,20.5,-14.5,5.0,High,0,0.0,0.0,0.0
Morocco,MAR,Africa,22.5,-14.5,3.6,Medium,0,0.0,0.0,0.0
Morocco,MAR,Africa,23.5,-14.5,3.6,Medium,0,0.0,0.0,0.0
Morocco,MAR,Africa,24.5,-14.5,3.6,Medium,0,0.0,0.0,0.0
Morocco,MAR,Africa,25.5,-14.5,3.6,Medium,0,0.0,0.0,0.0
Iceland,ISL,Europe,65.5,-14.5,1.6,Very Low,0,0.0,0.0,0.0
Guinea,GIN,Africa,9.5,-13.5,4.7,Medium,0,0.0,0.0,0.0
Guinea,GIN,Africa,10.5,-13.5,4.7,Medium,0,0.0,0.0,0.0
Guinea,GIN,Africa,11.5,-13.5,4.7,Medium,0,0.0,0.0,0.0
Guinea,GIN,Africa,12.5,-13.5,4.7,Medium,0,0.0,0.0,0.0
Senegal,SEN,Africa,13.5,-13.5,4.2,Medium,0,0.0,0.0,0.0
Senegal,SEN,Africa,14.5,-13.5,4.2,Medium,0,0.0,0.0,0.0
Senegal,SEN,Africa,15.5,-13.5,4.2,Medium,0,0.0,0.0,0.0
Mauritania,MRT,Africa,16.5,-13.5,5.0,High,0,0.0,0.0,0.0
Mauritania,MRT,Africa,17.5,-13.5,5.0,High,0,0.0,0.0,0.0
Mauritania,MRT,Africa,18.5,-13.5,5.0,High,0,0.0,0.0,0.0
Mauritania,MRT,Africa,19.5,-13.5,5.0,High,0,0.0,0.0,0.0
Mauritania,MRT,Africa,20.5,-13.5,5.0,High,0,0.0,0.0,0.0
Morocco,MAR,Africa,24.5,-13.5,3.6,Medium,0,0.0,0.0,0.0
Morocco,MAR,Africa,25.5,-13.5,3.6,Medium,0,0.0,0.0,0.0
Morocco,MAR,Africa,26.5,-13.5,3.6,Medium,0,0.0,0.0,0.0
Sierra Leone,SLE,Africa,7.5,-12.5,4.5,Medium,0,0.0,0.0,0.0
Sierra Leone,SLE,Africa,8.5,-12.5,4.5,Medium,0,0.0,0.0,0.0
Sierra Leone,SLE,Africa,9.5,-12.5,4.5,Medium,0,0.0,0.0,0.0
Guinea,GIN,Africa,10.5,-12.5,4.7,Medium,1,5.0,5.0,10.0
Guinea,GIN,Africa,11.5,-12.5,4.7,Medium,0,0.0,0.0,0.0
Senegal,SEN,Africa,12.5,-12.5,4.2,Medium,0,0.0,0.0,0.0
Senegal,SEN,Africa,13.5,-12.5,4.2,Medium,0,0.0,0.0,0.0
Senegal,SEN,Africa,14.5,-12.5,4.2,Medium,0,0.0,0.0,0.0
Mauritania,MRT,Africa,15.5,-12.5,5.0,High,0,0.0,0.0,0.0
Mauritania,MRT,Africa,16.5,-12.5,5.0,High,0,0.0,0.0,0.0
Mauritania,MRT,Africa,17.5,-12.5,5.0,High,0,0.0,0.0,0.0
Mauritania,MRT,Africa,18.5,-12.5,5.0,High,0,0.0,0.0,0.0
Mauritania,MRT,Africa,19.5,-12.5,5.0,High,0,0.0,0.0,0.0
Mauritania,MRT,Africa,20.5,-12.5,5.0,High,0,0.0,0.0,0.0
Mauritania,MRT,Africa,21.5,-12.5,5.0,High,0,0.0,0.0,0.0
Mauritania,MRT,Africa,22.5,-12.5,5.0,High,2,4.5,4.5,12.49
Morocco,MAR,Africa,25.5,-12.5,3.6,Medium,0,0.0,0.0,0.0
Morocco,MAR,Africa,26.5,-12.5,3.6,Medium,0,0.0,0.0,0.0
Morocco,MAR,Africa,27.5,-12.5,3.6,Medium,0,0.0,0.0,0.0
Sierra Leone,SLE,Africa,7.5,-11.5,4.5,Medium,0,0.0,0.0,0.0
Sierra Leone,SLE,Africa,8.5,-11.5,4.5,Medium,0,0.0,0.0,0.0
Sierra Leone,SLE,Africa,9.5,-11.5,4.5,Medium,0,0.0,0.0,0.0
Guinea,GIN,Africa,10.5,-11.5,4.7,Medium,0,0.0,0.0,0.0
Guinea,GIN,Africa,11.5,-11.5,4.7,Medium,1,4.6,4.6,13.66
Mali,MLI,Africa,12.5,-11.5,6.9,Very High,0,0.0,0.0,0.0
Mali,MLI,Africa,13.5,-11.5,6.9,Very High,0,0.0,0.0,0.0
Mali,MLI,Africa,14.5,-11.5,6.9,Very High,0,0.0,0.0,0.0
Mauritania,MRT,Africa,15.5,-11.5,5.0,High,0,0.0,0.0,0.0
Mauritania,MRT,Africa,16.5,-11.5,5.0,High,0,0.0,0.0,0.0
Mauritania,MRT,Africa,17.5,-11.5,5.0,High,0,0.0,0.0,0.0
Mauritania,MRT,Africa,18.5,-11.5,5.0,High,0,0.0,0.0,0.0
Mauritania,MRT,Africa,19.5,-11.5,5.0,High,0,0.0,0.0,0.0
Mauritania,MRT,Africa,20.5,-11.5,5.0,High,0,0.0,0.0,0.0
Mauritania,MRT,Africa,21.5,-11.5,5.0,High,0,0.0,0.0,0.0
Mauritania,MRT,Africa,22.5,-11.5,5.0,High,1,4.6,4.6,10.0
Mauritania,MRT,Africa,23.5,-11.5,5.0,High,0,0.0,0.0,0.0
Mauritania,MRT,Africa,24.5,-11.5,5.0,High,0,0.0,0.0,0.0
Mauritania,MRT,Africa,25.5,-11.5,5.0,High,0,0.0,0.0,0.0
Morocco,MAR,Africa,27.5,-11.5,3.6,Medium,0,0.0,0.0,0.0
Liberia,LBR,Africa,6.5,-10.5,4.7,Medium,0,0.0,0.0,0.0
Liberia,LBR,Africa,7.5,-10.5,4.7,Medium,0,0.0,0.0,0.0
Guinea,GIN,Africa,8.5,-10.5,4.7,Medium,0,0.0,0.0,0.0
Guinea,GIN,Africa,9.5,-10.5,4.7,Medium,0,0.0,0.0,0.0
Guinea,GIN,Africa,10.5,-10.5,4.7,Medium,0,0.0,0.0,0.0
Guinea,GIN,Africa,11.5,-10.5,4.7,Medium,0,0.0,0.0,0.0
Mali,MLI,Africa,12.5,-10.5,6.9,Very High,0,0.0,0.0,0.0
Mali,MLI,Africa,13.5,-10.5,6.9,Very High,0,0.0,0.0,0.0
Mali,MLI,Africa,14.5,-10.5,6.9,Very High,0,0.0,0.0,0.0
Mauritania,MRT,Africa,15.5,-10.5,5.0,High,0,0.0,0.0,0.0
Mauritania,MRT,Africa,16.5,-10.5,5.0,High,0,0.0,0.0,0.0
Mauritania,MRT,Africa,17.5,-10.5,5.0,High,0,0.0,0.0,0.0
Mauritania,MRT,Africa,18.5,-10.5,5.0,High,0,0.0,0.0,0.0
Mauritania,MRT,Africa,19.5,-10.5,5.0,High,0,0.0,0.0,0.0
Mauritania,MRT,Africa,20.5,-10.5,5.0,High,0,0.0,0.0,0.0
Mauritania,MRT,Africa,21.5,-10.5,5.0,High,0,0.0,0.0,0.0
Mauritania,MRT,Africa,22.5,-10.5,5.0,High,0,0.0,0.0,0.0
Mauritania,MRT,Africa,23.5,-10.5,5.0,High,0,0.0,0.0,0.0
Mauritania,MRT,Africa,24.5,-10.5,5.0,High,0,0.0,0.0,0.0
Mauritania,MRT,Africa,25.5,-10.5,5.0,High,0,0.0,0.0,0.0
Morocco,MAR,Africa,27.5,-10.5,3.6,Medium,0,0.0,0.0,0.0
Morocco,MAR,Africa,28.5,-10.5,3.6,Medium,0,0.0,0.0,0.0
Liberia,LBR,Africa,5.5,-9.5,4.7,Medium,0,0.0,0.0,0.0
Liberia,LBR,Africa,6.5,-9.5,4.7,Medium,0,0.0,0.0,0.0
Liberia,LBR,Africa,7.5,-9.5,4.7,Medium,0,0.0,0.0,0.0
Guinea,GIN,Africa,8.5,-9.5,4.7,Medium,0,0.0,0.0,0.0
Guinea,GIN,Africa,9.5,-9.5,4.7,Medium,0,0.0,0.0,0.0
Guinea,GIN,Africa,10.5,-9.5,4.7,Medium,0,0.0,0.0,0.0
Guinea,GIN,Africa,11.5,-9.5,4.7,Medium,0,0.0,0.0,0.0
Mali,MLI,Africa,12.5,-9.5,6.9,Very High,0,0.0,0.0,0.0
Mali,MLI,Africa,13.5,-9.5,6.9,Very High,0,0.0,0.0,0.0
Mali,MLI,Africa,14.5,-9.5,6.9,Very High,0,0.0,0.0,0.0
Mauritania,MRT,Africa,15.5,-9.5,5.0,High,0,0.0,0.0,0.0
Mauritania,MRT,Africa,16.5,-9.5,5.0,High,0,0.0,0.0,0.0
Mauritania,MRT,Africa,17.5,-9.5,5.0,High,0,0.0,0.0,0.0
Mauritania,MRT,Africa,18.5,-9.5,5.0,High,0,0.0,0.0,0.0
Mauritania,MRT,Africa,19.5,-9.5,5.0,High,0,0.0,0.0,0.0
Mauritania,MRT,Africa,20.5,-9.5,5.0,High,0,0.0,0.0,0.0
Mauritania,MRT,Africa,21.5,-9.5,5.0,High,0,0.0,0.0,0.0
Mauritania,MRT,Africa,22.5,-9.5,5.0,High,0,0.0,0.0,0.0
Mauritania,MRT,Africa,23.5,-9.5,5.0,High,0,0.0,0.0,0.0
Mauritania,MRT,Africa,24.5,-9.5,5.0,High,0,0.0,0.0,0.0
Mauritania,MRT,Africa,25.5,-9.5,5.0,High,0,0.0,0.0,0.0
Morocco,MAR,Africa,27.5,-9.5,3.6,Medium,0,0.0,0.0,0.0
Morocco,MAR,Africa,28.5,-9.5,3.6,Medium,0,0.0,0.0,0.0
Morocco,MAR,Africa,29.5,-9.5,3.6,Medium,0,0.0,0.0,0.0
Morocco,MAR,Africa,30.5,-9.5,3.6,Medium,0,0.0,0.0,0.0
Morocco,MAR,Africa,31.5,-9.5,3.6,Medium,0,0.0,0.0,0.0
Liberia,LBR,Africa,5.5,-8.5,4.7,Medium,0,0.0,0.0,0.0
Côte d'Ivoire,CIV,Africa,6.5,-8.5,4.5,Medium,0,0.0,0.0,0.0
Liberia,LBR,Africa,7.5,-8.5,4.7,Medium,0,0.0,0.0,0.0
Guinea,GIN,Africa,8.5,-8.5,4.7,Medium,0,0.0,0.0,0.0
Guinea,GIN,Africa,9.5,-8.5,4.7,Medium,2,4.65,4.8,10.0
Guinea,GIN,Africa,10.5,-8.5,4.7,Medium,0,0.0,0.0,0.0
Guinea,GIN,Africa,11.5,-8.5,4.7,Medium,0,0.0,0.0,0.0
Mali,MLI,Africa,12.5,-8.5,6.9,Very High,0,0.0,0.0,0.0
Mali,MLI,Africa,13.5,-8.5,6.9,Very High,0,0.0,0.0,0.0
Mali,MLI,Africa,14.5,-8.5,6.9,Very High,0,0.0,0.0,0.0
Mauritania,MRT,Africa,15.5,-8.5,5.0,High,0,0.0,0.0,0.0
Mauritania,MRT,Africa,16.5,-8.5,5.0,High,0,0.0,0.0,0.0
Mauritania,MRT,Africa,17.5,-8.5,5.0,High,0,0.0,0.0,0.0
Mauritania,MRT,Africa,18.5,-8.5,5.0,High,0,0.0,0.0,0.0
Mauritania,MRT,Africa,19.5,-8.5,5.0,High,0,0.0,0.0,0.0
Mauritania,MRT,Africa,20.5,-8.5,5.0,High,0,0.0,0.0,0.0
Mauritania,MRT,Africa,21.5,-8.5,5.0,High,0,0.0,0.0,0.0
Mauritania,MRT,Africa,22.5,-8.5,5.0,High,0,0.0,0.0,0.0
Mauritania,MRT,Africa,23.5,-8.5,5.0,High,0,0.0,0.0,0.0
Mauritania,MRT,Africa,24.5,-8.5,5.0,High,0,0.0,0.0,0.0
Mauritania,MRT,Africa,25.5,-8.5,5.0,High,0,0.0,0.0,0.0
Mauritania,MRT,Africa,26.5,-8.5,5.0,High,0,0.0,0.0,0.0
Algeria,DZA,Africa,27.5,-8.5,3.4,Low,0,0.0,0.0,0.0
Algeria,DZA,Africa,28.5,-8.5,3.4,Low,0,0.0,0.0,0.0
Morocco,MAR,Africa,29.5,-8.5,3.6,Medium,0,0.0,0.0,0.0
Morocco,MAR,Africa,30.5,-8.5,3.6,Medium,0,0.0,0.0,0.0
Morocco,MAR,Africa,31.5,-8.5,3.6,Medium,4,5.275,6.8,11.9305
Morocco,MAR,Africa,32.5,-8.5,3.6,Medium,0,0.0,0.0,0.0
Portugal,PRT,Europe,37.5,-8.5,1.9,Very Low,0,0.0,0.0,0.0
Portugal,PRT,Europe,38.5,-8.5,1.9,Very Low,0,0.0,0.0,0.0
Portugal,PRT,Europe,39.5,-8.5,1.9,Very Low,0,0.0,0.0,0.0
Portugal,PRT,Europe,40.5,-8.5,1.9,Very Low,0,0.0,0.0,0.0
Portugal,PRT,Europe,41.5,-8.5,1.9,Very Low,0,0.0,0.0,0.0
Spain,ESP,Europe,42.5,-8.5,2.6,Low,0,0.0,0.0,0.0
Ireland,IRL,Europe,52.5,-8.5,2.2,Low,0,0.0,0.0,0.0
Ireland,IRL,Europe,53.5,-8.5,2.2,Low,0,0.0,0.0,0.0
Ireland,IRL,Europe,54.5,-8.5,2.2,Low,0,0.0,0.0,0.0
Côte d'Ivoire,CIV,Africa,4.5,-7.5,4.5,Medium,0,0.0,0.0,0.0
Côte d'Ivoire,CIV,Africa,5.5,-7.5,4.5,Medium,0,0.0,0.0,0.0
Côte d'Ivoire,CIV,Africa,6.5,-7.5,4.5,Medium,0,0.0,0.0,0.0
Côte d'Ivoire,CIV,Africa,7.5,-7.5,4.5,Medium,0,0.0,0.0,0.0
Côte d'Ivoire,CIV,Africa,8.5,-7.5,4.5,Medium,0,0.0,0.0,0.0
Côte d'Ivoire,CIV,Africa,9.5,-7.5,4.5,Medium,0,0.0,0.0,0.0
Mali,MLI,Africa,10.5,-7.5,6.9,Very High,0,0.0,0.0,0.0
Mali,MLI,Africa,11.5,-7.5,6.9,Very High,0,0.0,0.0,0.0
Mali,MLI,Africa,12.5,-7.5,6.9,Very High,0,0.0,0.0,0.0
Mali,MLI,Africa,13.5,-7.5,6.9,Very High,0,0.0,0.0,0.0
Mali,MLI,Africa,14.5,-7.5,6.9,Very High,0,0.0,0.0,0.0
Mauritania,MRT,Africa,15.5,-7.5,5.0,High,0,0.0,0.0,0.0
Mauritania,MRT,Africa,16.5,-7.5,5.0,High,0,0.0,0.0,0.0
Mauritania,MRT,Africa,17.5,-7.5,5.0,High,0,0.0,0.0,0.0
Mauritania,MRT,Africa,18.5,-7.5,5.0,High,0,0.0,0.0,0.0
Mauritania,MRT,Africa,19.5,-7.5,5.0,High,0,0.0,0.0,0.0
Mauritania,MRT,Africa,20.5,-7.5,5.0,High,0,0.0,0.0,0.0
Mauritania,MRT,Africa,21.5,-7.5,5.0,High,0,0.0,0.0,0.0
Mauritania,MRT,Africa,22.5,-7.5,5.0,High,0,0.0,0.0,0.0
Mauritania,MRT,Africa,23.5,-7.5,5.0,High,0,0.0,0.0,0.0
Mauritania,MRT,Africa,24.5,-7.5,5.0,High,0,0.0,0.0,0.0
Mauritania,MRT,Africa,25.5,-7.5,5.0,High,0,0.0,0.0,0.0
Mauritania,MRT,Africa,26.5,-7.5,5.0,High,0,0.0,0.0,0.0
Algeria,DZA,Africa,27.5,-7.5,3.4,Low,0,0.0,0.0,0.0
Algeria,DZA,Africa,28.5,-7.5,3.4,Low,0,0.0,0.0,0.0
Morocco,MAR,Africa,29.5,-7.5,3.6,Medium,0,0.0,0.0,0.0
Morocco,MAR,Africa,30.5,-7.5,3.6,Medium,0,0.0,0.0,0.0
Morocco,MAR,Africa,31.5,-7.5,3.6,Medium,0,0.0,0.0,0.0
Morocco,MAR,Africa,32.5,-7.5,3.6,Medium,0,0.0,0.0,0.0
Morocco,MAR,Africa,33.5,-7.5,3.6,Medium,0,0.0,0.0,0.0
Portugal,PRT,Europe,37.5,-7.5,1.9,Very Low,0,0.0,0.0,0.0
Portugal,PRT,Europe,38.5,-7.5,1.9,Very Low,0,0.0,0.0,0.0
Portugal,PRT,Europe,39.5,-7.5,1.9,Very Low,0,0.0,0.0,0.0
Portugal,PRT,Europe,40.5,-7.5,1.9,Very Low,0,0.0,0.0,0.0
Portugal,PRT,Europe,41.5,-7.5,1.9,Very Low,0,0.0,0.0,0.0
Spain,ESP,Europe,42.5,-7.5,2.6,Low,0,0.0,0.0,0.0
Spain,ESP,Europe,43.5,-7.5,2.6,Low,0,0.0,0.0,0.0
Ireland,IRL,Europe,52.5,-7.5,2.2,Low,0,0.0,0.0,0.0
Ireland,IRL,Europe,53.5,-7.5,2.2,Low,0,0.0,0.0,0.0
Ireland,IRL,Europe,54.5,-7.5,2.2,Low,0,0.0,0.0,0.0
Côte d'Ivoire,CIV,Africa,5.5,-6.5,4.5,Medium,0,0.0,0.0,0.0
Côte d'Ivoire,CIV,Africa,6.5,-6.5,4.5,Medium,0,0.0,0.0,0.0
Côte d'Ivoire,CIV,Africa,7.5,-6.5,4.5,Medium,0,0.0,0.0,0.0
Côte d'Ivoire,CIV,Africa,8.5,-6.5,4.5,Medium,0,0.0,0.0,0.0
Côte d'Ivoire,CIV,Africa,9.5,-6.5,4.5,Medium,0,0.0,0.0,0.0
Mali,MLI,Africa,10.5,-6.5,6.9,Very High,0,0.0,0.0,0.0
Mali,MLI,Africa,11.5,-6.5,6.9,Very High,0,0.0,0.0,0.0
Mali,MLI,Africa,12.5,-6.5,6.9,Very High,0,0.0,0.0,0.0
Mali,MLI,Africa,13.5,-6.5,6.9,Very High,0,0.0,0.0,0.0
Mali,MLI,Africa,14.5,-6.5,6.9,Very High,0,0.0,0.0,0.0
Mauritania,MRT,Africa,15.5,-6.5,5.0,High,0,0.0,0.0,0.0
Mauritania,MRT,Africa,16.5,-6.5,5.0,High,0,0.0,0.0,0.0
Mauritania,MRT,Africa,17.5,-6.5,5.0,High,0,0.0,0.0,0.0
Mauritania,MRT,Africa,18.5,-6.5,5.0,High,0,0.0,0.0,0.0
Mauritania,MRT,Africa,19.5,-6.5,5.0,High,0,0.0,0.0,0.0
Mauritania,MRT,Africa,20.5,-6.5,5.0,High,0,0.0,0.0,0.0
Mauritania,MRT,Africa,21.5,-6.5,5.0,High,0,0.0,0.0,0.0
Mauritania,MRT,Africa,22.5,-6.5,5.0,High,0,0.0,0.0,0.0
Mauritania,MRT,Africa,23.5,-6.5,5.0,High,0,0.0,0.0,0.0
Mauritania,MRT,Africa,24.5,-6.5,5.0,High,0,0.0,0.0,0.0
Mauritania,MRT,Africa,25.5,-6.5,5.0,High,0,0.0,0.0,0.0
Algeria,DZA,Africa,26.5,-6.5,3.4,Low,0,0.0,0.0,0.0
Algeria,DZA,Africa,27.5,-6.5,3.4,Low,0,0.0,0.0,0.0
Algeria,DZA,Africa,28.5,-6.5,3.4,Low,0,0.0,0.0,0.0
Algeria,DZA,Africa,29.5,-6.5,3.4,Low,0,0.0,0.0,0.0
Morocco,MAR,Africa,30.5,-6.5,3.6,Medium,0,0.0,0.0,0.0
Morocco,MAR,Africa,31.5,-6.5,3.6,Medium,1,4.5,4.5,16.6
Morocco,MAR,Africa,32.5,-6.5,3.6,Medium,0,0.0,0.0,0.0
Morocco,MAR,Africa,33.5,-6.5,3.6,Medium,0,0.0,0.0,0.0
Morocco,MAR,Africa,34.5,-6.5,3.6,Medium,1,4.6,4.6,22.7
Spain,ESP,Europe,37.5,-6.5,2.6,Low,0,0.0,0.0,0.0
Spain,ESP,Europe,38.5,-6.5,2.6,Low,0,0.0,0.0,0.0
Spain,ESP,Europe,39.5,-6.5,2.6,Low,0,0.0,0.0,0.0
Spain,ESP,Europe,40.5,-6.5,2.6,Low,0,0.0,0.0,0.0
Portugal,PRT,Europe,41.5,-6.5,1.9,Very Low,1,4.5,4.5,6.2
Spain,ESP,Europe,42.5,-6.5,2.6,Low,1,4.8,4.8,8.7
Spain,ESP,Europe,43.5,-6.5,2.6,Low,0,0.0,0.0,0.0
Ireland,IRL,Europe,53.5,-6.5,2.2,Low,0,0.0,0.0,0.0
United Kingdom,GBR,Europe,54.5,-6.5,2.1,Low,0,0.0,0.0,0.0
Côte d'Ivoire,CIV,Africa,5.5,-5.5,4.5,Medium,0,0.0,0.0,0.0
Côte d'Ivoire,CIV,Africa,6.5,-5.5,4.5,Medium,0,0.0,0.0,0.0
Côte d'Ivoire,CIV,Africa,7.5,-5.5,4.5,Medium,0,0.0,0.0,0.0
Côte d'Ivoire,CIV,Africa,8.5,-5.5,4.5,Medium,0,0.0,0.0,0.0
Côte d'Ivoire,CIV,Africa,9.5,-5.5,4.5,Medium,0,0.0,0.0,0.0
Mali,MLI,Africa,10.5,-5.5,6.9,Very High,0,0.0,0.0,0.0
Mali,MLI,Africa,11.5,-5.5,6.9,Very High,0,0.0,0.0,0.0
Mali,MLI,Africa,12.5,-5.5,6.9,Very High,0,0.0,0.0,0.0
Mali,MLI,Africa,13.5,-5.5,6.9,Very High,0,0.0,0.0,0.0
Mali,MLI,Africa,14.5,-5.5,6.9,Very High,0,0.0,0.0,0.0
Mali,MLI,Africa,15.5,-5.5,6.9,Very High,0,0.0,0.0,0.0
Mali,MLI,Africa,16.5,-5.5,6.9,Very High,0,0.0,0.0,0.0
Mali,MLI,Africa,17.5,-5.5,6.9,Very High,0,0.0,0.0,0.0
Mali,MLI,Africa,18.5,-5.5,6.9,Very High,0,0.0,0.0,0.0
Mali,MLI,Africa,19.5,-5.5,6.9,Very High,0,0.0,0.0,0.0
Mali,MLI,Africa,20.5,-5.5,6.9,Very High,0,0.0,0.0,0.0
Mali,MLI,Africa,21.5,-5.5,6.9,Very High,0,0.0,0.0,0.0
Mali,MLI,Africa,22.5,-5.5,6.9,Very High,0,0.0,0.0,0.0
Mali,MLI,Africa,23.5,-5.5,6.9,Very High,0,0.0,0.0,0.0
Mali,MLI,Africa,24.5,-5.5,6.9,Very High,0,0.0,0.0,0.0
Algeria,DZA,Africa,25.5,-5.5,3.4,Low,0,0.0,0.0,0.0
Algeria,DZA,Africa,26.5,-5.5,3.4,Low,0,0.0,0.0,0.0
Algeria,DZA,Africa,27.5,-5.5,3.4,Low,0,0.0,0.0,0.0
Algeria,DZA,Africa,28.5,-5.5,3.4,Low,0,0.0,0.0,0.0
Algeria,DZA,Africa,29.5,-5.5,3.4,Low,0,0.0,0.0,0.0
Morocco,MAR,Africa,30.5,-5.5,3.6,Medium,0,0.0,0.0,0.0
Morocco,MAR,Africa,31.5,-5.5,3.6,Medium,0,0.0,0.0,0.0
Morocco,MAR,Africa,32.5,-5.5,3.6,Medium,4,4.525,4.6,9.575
Morocco,MAR,Africa,33.5,-5.5,3.6,Medium,1,4.7,4.7,10.0
Morocco,MAR,Africa,34.5,-5.5,3.6,Medium,2,4.55,4.6,10.0
Morocco,MAR,Africa,35.5,-5.5,3.6,Medium,0,0.0,0.0,0.0
Spain,ESP,Europe,36.5,-5.5,2.6,Low,1,4.6,4.6,11.33
Spain,ESP,Europe,37.5,-5.5,2.6,Low,2,4.6,4.7,5.05
Spain,ESP,Europe,38.5,-5.5,2.6,Low,0,0.0,0.0,0.0
Spain,ESP,Europe,39.5,-5.5,2.6,Low,0,0.0,0.0,0.0
Spain,ESP,Europe,40.5,-5.5,2.6,Low,0,0.0,0.0,0.0
Spain,ESP,Europe,41.5,-5.5,2.6,Low,0,0.0,0.0,0.0
Spain,ESP,Europe,42.5,-5.5,2.6,Low,0,0.0,0.0,0.0
Spain,ESP,Europe,43.5,-5.5,2.6,Low,0,0.0,0.0,0.0
United Kingdom,GBR,Europe,55.5,-5.5,2.1,Low,0,0.0,0.0,0.0
United Kingdom,GBR,Europe,56.5,-5.5,2.1,Low,0,0.0,0.0,0.0
United Kingdom,GBR,Europe,57.5,-5.5,2.1,Low,0,0.0,0.0,0.0
Côte d'Ivoire,CIV,Africa,5.5,-4.5,4.5,Medium,0,0.0,0.0,0.0
Côte d'Ivoire,CIV,Africa,6.5,-4.5,4.5,Medium,0,0.0,0.0,0.0
Côte d'Ivoire,CIV,Africa,7.5,-4.5,4.5,Medium,0,0.0,0.0,0.0
Côte d'Ivoire,CIV,Africa,8.5,-4.5,4.5,Medium,0,0.0,0.0,0.0
Côte d'Ivoire,CIV,Africa,9.5,-4.5,4.5,Medium,0,0.0,0.0,0.0
Burkina Faso,BFA,Africa,10.5,-4.5,7.1,Very High,0,0.0,0.0,0.0
Burkina Faso,BFA,Africa,11.5,-4.5,7.1,Very High,0,0.0,0.0,0.0
Mali,MLI,Africa,12.5,-4.5,6.9,Very High,0,0.0,0.0,0.0
Mali,MLI,Africa,13.5,-4.5,6.9,Very High,0,0.0,0.0,0.0
Mali,MLI,Africa,14.5,-4.5,6.9,Very High,0,0.0,0.0,0.0
Mali,MLI,Africa,15.5,-4.5,6.9,Very High,0,0.0,0.0,0.0
Mali,MLI,Africa,16.5,-4.5,6.9,Very High,0,0.0,0.0,0.0
Mali,MLI,Africa,17.5,-4.5,6.9,Very High,0,0.0,0.0,0.0
Mali,MLI,Africa,18.5,-4.5,6.9,Very High,0,0.0,0.0,0.0
Mali,MLI,Africa,19.5,-4.5,6.9,Very High,0,0.0,0.0,0.0
Mali,MLI,Africa,20.5,-4.5,6.9,Very High,0,0.0,0.0,0.0
Mali,MLI,Africa,21.5,-4.5,6.9,Very High,0,0.0,0.0,0.0
Mali,MLI,Africa,22.5,-4.5,6.9,Very High,0,0.0,0.0,0.0
Mali,MLI,Africa,23.5,-4.5,6.9,Very High,0,0.0,0.0,0.0
Mali,MLI,Africa,24.5,-4.5,6.9,Very High,0,0.0,0.0,0.0
Algeria,DZA,Africa,25.5,-4.5,3.4,Low,0,0.0,0.0,0.0
Algeria,DZA,Africa,26.5,-4.5,3.4,Low,0,0.0,0.0,0.0
Algeria,DZA,Africa,27.5,-4.5,3.4,Low,0,0.0,0.0,0.0
Algeria,DZA,Africa,28.5,-4.5,3.4,Low,0,0.0,0.0,0.0
Algeria,DZA,Africa,29.5,-4.5,3.4,Low,0,0.0,0.0,0.0
Algeria,DZA,Africa,30.5,-4.5,3.4,Low,0,0.0,0.0,0.0
Morocco,MAR,Africa,31.5,-4.5,3.6,Medium,0,0.0,0.0,0.0
Morocco,MAR,Africa,32.5,-4.5,3.6,Medium,1,5.0,5.0,10.0
Morocco,MAR,Africa,33.5,-4.5,3.6,Medium,0,0.0,0.0,0.0
Morocco,MAR,Africa,34.5,-4.5,3.6,Medium,5,4.6,4.7,7.348
Spain,ESP,Europe,37.5,-4.5,2.6,Low,0,0.0,0.0,0.0
Spain,ESP,Europe,38.5,-4.5,2.6,Low,0,0.0,0.0,0.0
Spain,ESP,Europe,39.5,-4.5,2.6,Low,0,0.0,0.0,0.0
Spain,ESP,Europe,40.5,-4.5,2.6,Low,0,0.0,0.0,0.0
Spain,ESP,Europe,41.5,-4.5,2.6,Low,0,0.0,0.0,0.0
Spain,ESP,Europe,42.5,-4.5,2.6,Low,0,0.0,0.0,0.0
United Kingdom,GBR,Europe,50.5,-4.5,2.1,Low,0,0.0,0.0,0.0
United Kingdom,GBR,Europe,55.5,-4.5,2.1,Low,0,0.0,0.0,0.0
United Kingdom,GBR,Europe,56.5,-4.5,2.1,Low,0,0.0,0.0,0.0
United Kingdom,GBR,Europe,57.5,-4.5,2.1,Low,0,0.0,0.0,0.0
United Kingdom,GBR,Europe,58.5,-4.5,2.1,Low,0,0.0,0.0,0.0
Côte d'Ivoire,CIV,Africa,5.5,-3.5,4.5,Medium,0,0.0,0.0,0.0
Côte d'Ivoire,CIV,Africa,6.5,-3.5,4.5,Medium,0,0.0,0.0,0.0
Côte d'Ivoire,CIV,Africa,7.5,-3.5,4.5,Medium,0,0.0,0.0,0.0
Côte d'Ivoire,CIV,Africa,8.5,-3.5,4.5,Medium,0,0.0,0.0,0.0
Côte d'Ivoire,CIV,Africa,9.5,-3.5,4.5,Medium,0,0.0,0.0,0.0
Burkina Faso,BFA,Africa,10.5,-3.5,7.1,Very High,0,0.0,0.0,0.0
Burkina Faso,BFA,Africa,11.5,-3.5,7.1,Very High,0,0.0,0.0,0.0
Burkina Faso,BFA,Africa,12.5,-3.5,7.1,Very High,0,0.0,0.0,0.0
Mali,MLI,Africa,13.5,-3.5,6.9,Very High,0,0.0,0.0,0.0
Mali,MLI,Africa,14.5,-3.5,6.9,Very High,0,0.0,0.0,0.0
Mali,MLI,Africa,15.5,-3.5,6.9,Very High,0,0.0,0.0,0.0
Mali,MLI,Africa,16.5,-3.5,6.9,Very High,0,0.0,0.0,0.0
Mali,MLI,Africa,17.5,-3.5,6.9,Very High,0,0.0,0.0,0.0
Mali,MLI,Africa,18.5,-3.5,6.9,Very High,0,0.0,0.0,0.0
Mali,MLI,Africa,19.5,-3.5,6.9,Very High,0,0.0,0.0,0.0
Mali,MLI,Africa,20.5,-3.5,6.9,Very High,0,0.0,0.0,0.0
Mali,MLI,Africa,21.5,-3.5,6.9,Very High,0,0.0,0.0,0.0
Mali,MLI,Africa,22.5,-3.5,6.9,Very High,0,0.0,0.0,0.0
Mali,MLI,Africa,23.5,-3.5,6.9,Very High,0,0.0,0.0,0.0
Algeria,DZA,Africa,24.5,-3.5,3.4,Low,0,0.0,0.0,0.0
Algeria,DZA,Africa,25.5,-3.5,3.4,Low,0,0.0,0.0,0.0
Algeria,DZA,Africa,26.5,-3.5,3.4,Low,0,0.0,0.0,0.0
Algeria,DZA,Africa,27.5,-3.5,3.4,Low,0,0.0,0.0,0.0
Algeria,DZA,Africa,28.5,-3.5,3.4,Low,0,0.0,0.0,0.0
Algeria,DZA,Africa,29.5,-3.5,3.4,Low,0,0.0,0.0,0.0
Algeria,DZA,Africa,30.5,-3.5,3.4,Low,0,0.0,0.0,0.0
Algeria,DZA,Africa,31.5,-3.5,3.4,Low,0,0.0,0.0,0.0
Morocco,MAR,Africa,32.5,-3.5,3.6,Medium,0,0.0,0.0,0.0
Morocco,MAR,Africa,33.5,-3.5,3.6,Medium,0,0.0,0.0,0.0
Morocco,MAR,Africa,34.5,-3.5,3.6,Medium,3,4.6667,4.9,3.3333
Spain,ESP,Europe,37.5,-3.5,2.6,Low,1,4.6,4.6,10.0
Spain,ESP,Europe,38.5,-3.5,2.6,Low,0,0.0,0.0,0.0
Spain,ESP,Europe,39.5,-3.5,2.6,Low,0,0.0,0.0,0.0
Spain,ESP,Europe,40.5,-3.5,2.6,Low,0,0.0,0.0,0.0
Spain,ESP,Europe,41.5,-3.5,2.6,Low,0,0.0,0.0,0.0
Spain,ESP,Europe,42.5,-3.5,2.6,Low,0,0.0,0.0,0.0
United Kingdom,GBR,Europe,50.5,-3.5,2.1,Low,0,0.0,0.0,0.0
United Kingdom,GBR,Europe,51.5,-3.5,2.1,Low,0,0.0,0.0,0.0
United Kingdom,GBR,Europe,52.5,-3.5,2.1,Low,0,0.0,0.0,0.0
United Kingdom,GBR,Europe,54.5,-3.5,2.1,Low,0,0.0,0.0,0.0
United Kingdom,GBR,Europe,55.5,-3.5,2.1,Low,0,0.0,0.0,0.0
United Kingdom,GBR,Europe,56.5,-3.5,2.1,Low,0,0.0,0.0,0.0
United Kingdom,GBR,Europe,57.5,-3.5,2.1,Low,0,0.0,0.0,0.0
United Kingdom,GBR,Europe,58.5,-3.5,2.1,Low,0,0.0,0.0,0.0
Ghana,GHA,Africa,5.5,-2.5,3.9,Medium,0,0.0,0.0,0.0
Ghana,GHA,Africa,6.5,-2.5,3.9,Medium,0,0.0,0.0,0.0
Ghana,GHA,Africa,7.5,-2.5,3.9,Medium,0,0.0,0.0,0.0
Ghana,GHA,Africa,8.5,-2.5,3.9,Medium,0,0.0,0.0,0.0
Ghana,GHA,Africa,9.5,-2.5,3.9,Medium,0,0.0,0.0,0.0
Ghana,GHA,Africa,10.5,-2.5,3.9,Medium,0,0.0,0.0,0.0
Burkina Faso,BFA,Africa,11.5,-2.5,7.1,Very High,0,0.0,0.0,0.0
Burkina Faso,BFA,Africa,12.5,-2.5,7.1,Very High,0,0.0,0.0,0.0
Burkina Faso,BFA,Africa,13.5,-2.5,7.1,Very High,0,0.0,0.0,0.0
Mali,MLI,Africa,14.5,-2.5,6.9,Very High,0,0.0,0.0,0.0
Mali,MLI,Africa,15.5,-2.5,6.9,Very High,0,0.0,0.0,0.0
Mali,MLI,Africa,16.5,-2.5,6.9,Very High,0,0.0,0.0,0.0
Mali,MLI,Africa,17.5,-2.5,6.9,Very High,0,0.0,0.0,0.0
Mali,MLI,Africa,18.5,-2.5,6.9,Very High,0,0.0,0.0,0.0
Mali,MLI,Africa,19.5,-2.5,6.9,Very High,0,0.0,0.0,0.0
Mali,MLI,Africa,20.5,-2.5,6.9,Very High,0,0.0,0.0,0.0
Mali,MLI,Africa,21.5,-2.5,6.9,Very High,0,0.0,0.0,0.0
Mali,MLI,Africa,22.5,-2.5,6.9,Very High,0,0.0,0.0,0.0
Algeria,DZA,Africa,23.5,-2.5,3.4,Low,0,0.0,0.0,0.0
Algeria,DZA,Africa,24.5,-2.5,3.4,Low,0,0.0,0.0,0.0
Algeria,DZA,Africa,25.5,-2.5,3.4,Low,0,0.0,0.0,0.0
Algeria,DZA,Africa,26.5,-2.5,3.4,Low,0,0.0,0.0,0.0
Algeria,DZA,Africa,27.5,-2.5,3.4,Low,0,0.0,0.0,0.0
Algeria,DZA,Africa,28.5,-2.5,3.4,Low,0,0.0,0.0,0.0
Algeria,DZA,Africa,29.5,-2.5,3.4,Low,0,0.0,0.0,0.0
Algeria,DZA,Africa,30.5,-2.5,3.4,Low,0,0.0,0.0,0.0
Algeria,DZA,Africa,31.5,-2.5,3.4,Low,0,0.0,0.0,0.0
Morocco,MAR,Africa,32.5,-2.5,3.6,Medium,0,0.0,0.0,0.0
Morocco,MAR,Africa,33.5,-2.5,3.6,Medium,0,0.0,0.0,0.0
Morocco,MAR,Africa,34.5,-2.5,3.6,Medium,0,0.0,0.0,0.0
Spain,ESP,Europe,37.5,-2.5,2.6,Low,2,4.75,5.0,10.45
Spain,ESP,Europe,38.5,-2.5,2.6,Low,0,0.0,0.0,0.0
Spain,ESP,Europe,39.5,-2.5,2.6,Low,1,4.5,4.5,7.6
Spain,ESP,Europe,40.5,-2.5,2.6,Low,0,0.0,0.0,0.0
Spain,ESP,Europe,41.5,-2.5,2.6,Low,0,0.0,0.0,0.0
Spain,ESP,Europe,42.5,-2.5,2.6,Low,0,0.0,0.0,0.0
United Kingdom,GBR,Europe,51.5,-2.5,2.1,Low,0,0.0,0.0,0.0
United Kingdom,GBR,Europe,52.5,-2.5,2.1,Low,1,4.8,4.8,9.4
United Kingdom,GBR,Europe,53.5,-2.5,2.1,Low,0,0.0,0.0,0.0
United Kingdom,GBR,Europe,54.5,-2.5,2.1,Low,0,0.0,0.0,0.0
United Kingdom,GBR,Europe,55.5,-2.5,2.1,Low,0,0.0,0.0,0.0
United Kingdom,GBR,Europe,57.5,-2.5,2.1,Low,0,0.0,0.0,0.0
Ghana,GHA,Africa,5.5,-1.5,3.9,Medium,0,0.0,0.0,0.0
Ghana,GHA,Africa,6.5,-1.5,3.9,Medium,0,0.0,0.0,0.0
Ghana,GHA,Africa,7.5,-1.5,3.9,Medium,0,0.0,0.0,0.0
Ghana,GHA,Africa,8.5,-1.5,3.9,Medium,0,0.0,0.0,0.0
Ghana,GHA,Africa,9.5,-1.5,3.9,Medium,0,0.0,0.0,0.0
Ghana,GHA,Africa,10.5,-1.5,3.9,Medium,0,0.0,0.0,0.0
Burkina Faso,BFA,Africa,11.5,-1.5,7.1,Very High,0,0.0,0.0,0.0
Burkina Faso,BFA,Africa,12.5,-1.5,7.1,Very High,0,0.0,0.0,0.0
Burkina Faso,BFA,Africa,13.5,-1.5,7.1,Very High,0,0.0,0.0,0.0
Burkina Faso,BFA,Africa,14.5,-1.5,7.1,Very High,0,0.0,0.0,0.0
Mali,MLI,Africa,15.5,-1.5,6.9,Very High,0,0.0,0.0,0.0
Mali,MLI,Africa,16.5,-1.5,6.9,Very High,0,0.0,0.0,0.0
Mali,MLI,Africa,17.5,-1.5,6.9,Very High,0,0.0,0.0,0.0
Mali,MLI,Africa,18.5,-1.5,6.9,Very High,0,0.0,0.0,0.0
Mali,MLI,Africa,19.5,-1.5,6.9,Very High,0,0.0,0.0,0.0
Mali,MLI,Africa,20.5,-1.5,6.9,Very High,0,0.0,0.0,0.0
Mali,MLI,Africa,21.5,-1.5,6.9,Very High,0,0.0,0.0,0.0
Mali,MLI,Africa,22.5,-1.5,6.9,Very High,0,0.0,0.0,0.0
Algeria,DZA,Africa,23.5,-1.5,3.4,Low,0,0.0,0.0,0.0
Algeria,DZA,Africa,24.5,-1.5,3.4,Low,0,0.0,0.0,0.0
Algeria,DZA,Africa,25.5,-1.5,3.4,Low,0,0.0,0.0,0.0
Algeria,DZA,Africa,26.5,-1.5,3.4,Low,0,0.0,0.0,0.0
Algeria,DZA,Africa,27.5,-1.5,3.4,Low,0,0.0,0.0,0.0
Algeria,DZA,Africa,28.5,-1.5,3.4,Low,0,0.0,0.0,0.0
Algeria,DZA,Africa,29.5,-1.5,3.4,Low,0,0.0,0.0,0.0
Algeria,DZA,Africa,30.5,-1.5,3.4,Low,0,0.0,0.0,0.0
Algeria,DZA,Africa,31.5,-1.5,3.4,Low,0,0.0,0.0,0.0
Morocco,MAR,Africa,32.5,-1.5,3.6,Medium,0,0.0,0.0,0.0
Algeria,DZA,Africa,33.5,-1.5,3.4,Low,0,0.0,0.0,0.0
Algeria,DZA,Africa,34.5,-1.5,3.4,Low,0,0.0,0.0,0.0
Algeria,DZA,Africa,35.5,-1.5,3.4,Low,2,4.65,4.8,10.0
Spain,ESP,Europe,37.5,-1.5,2.6,Low,3,4.7667,5.1,3.6667
Spain,ESP,Europe,38.5,-1.5,2.6,Low,0,0.0,0.0,0.0
Spain,ESP,Europe,39.5,-1.5,2.6,Low,0,0.0,0.0,0.0
Spain,ESP,Europe,40.5,-1.5,2.6,Low,0,0.0,0.0,0.0
Spain,ESP,Europe,41.5,-1.5,2.6,Low,0,0.0,0.0,0.0
Spain,ESP,Europe,42.5,-1.5,2.6,Low,2,4.65,4.7,5.5
United Kingdom,GBR,Europe,51.5,-1.5,2.1,Low,0,0.0,0.0,0.0
United Kingdom,GBR,Europe,52.5,-1.5,2.1,Low,0,0.0,0.0,0.0
United Kingdom,GBR,Europe,53.5,-1.5,2.1,Low,0,0.0,0.0,0.0
United Kingdom,GBR,Europe,54.5,-1.5,2.1,Low,0,0.0,0.0,0.0
Ghana,GHA,Africa,5.5,-0.5,3.9,Medium,0,0.0,0.0,0.0
Ghana,GHA,Africa,6.5,-0.5,3.9,Medium,0,0.0,0.0,0.0
Ghana,GHA,Africa,7.5,-0.5,3.9,Medium,0,0.0,0.0,0.0
Ghana,GHA,Africa,8.5,-0.5,3.9,Medium,0,0.0,0.0,0.0
Ghana,GHA,Africa,9.5,-0.5,3.9,Medium,0,0.0,0.0,0.0
Ghana,GHA,Africa,10.5,-0.5,3.9,Medium,0,0.0,0.0,0.0
Burkina Faso,BFA,Africa,11.5,-0.5,7.1,Very High,0,0.0,0.0,0.0
Burkina Faso,BFA,Africa,12.5,-0.5,7.1,Very High,0,0.0,0.0,0.0
Burkina Faso,BFA,Africa,13.5,-0.5,7.1,Very High,0,0.0,0.0,0.0
Burkina Faso,BFA,Africa,14.5,-0.5,7.1,Very High,0,0.0,0.0,0.0
Mali,MLI,Africa,15.5,-0.5,6.9,Very High,0,0.0,0.0,0.0
Mali,MLI,Africa,16.5,-0.5,6.9,Very High,0,0.0,0.0,0.0
Mali,MLI,Africa,17.5,-0.5,6.9,Very High,0,0.0,0.0,0.0
Mali,MLI,Africa,18.5,-0.5,6.9,Very High,0,0.0,0.0,0.0
Mali,MLI,Africa,19.5,-0.5,6.9,Very High,0,0.0,0.0,0.0
Mali,MLI,Africa,20.5,-0.5,6.9,Very High,0,0.0,0.0,0.0
Mali,MLI,Africa,21.5,-0.5,6.9,Very High,0,0.0,0.0,0.0
Algeria,DZA,Africa,22.5,-0.5,3.4,Low,0,0.0,0.0,0.0
Algeria,DZA,Africa,23.5,-0.5,3.4,Low,0,0.0,0.0,0.0
Algeria,DZA,Africa,24.5,-0.5,3.4,Low,0,0.0,0.0,0.0
Algeria,DZA,Africa,25.5,-0.5,3.4,Low,0,0.0,0.0,0.0
Algeria,DZA,Africa,26.5,-0.5,3.4,Low,0,0.0,0.0,0.0
Algeria,DZA,Africa,27.5,-0.5,3.4,Low,0,0.0,0.0,0.0
Algeria,DZA,Africa,28.5,-0.5,3.4,Low,0,0.0,0.0,0.0
Algeria,DZA,Africa,29.5,-0.5,3.4,Low,0,0.0,0.0,0.0
Algeria,DZA,Africa,30.5,-0.5,3.4,Low,0,0.0,0.0,0.0
Algeria,DZA,Africa,31.5,-0.5,3.4,Low,0,0.0,0.0,0.0
Algeria,DZA,Africa,32.5,-0.5,3.4,Low,1,4.9,4.9,10.0
Algeria,DZA,Africa,33.5,-0.5,3.4,Low,0,0.0,0.0,0.0
Algeria,DZA,Africa,34.5,-0.5,3.4,Low,0,0.0,0.0,0.0
Algeria,DZA,Africa,35.5,-0.5,3.4,Low,5,4.82,5.5,9.2
Spain,ESP,Europe,38.5,-0.5,2.6,Low,0,0.0,0.0,0.0
Spain,ESP,Europe,39.5,-0.5,2.6,Low,0,0.0,0.0,0.0
Spain,ESP,Europe,40.5,-0.5,2.6,Low,0,0.0,0.0,0.0
Spain,ESP,Europe,41.5,-0.5,2.6,Low,0,0.0,0.0,0.0
Spain,ESP,Europe,42.5,-0.5,2.6,Low,2,4.75,4.8,6.5
United Kingdom,GBR,Europe,51.5,-0.5,2.1,Low,0,0.0,0.0,0.0
United Kingdom,GBR,Europe,52.5,-0.5,2.1,Low,0,0.0,0.0,0.0
United Kingdom,GBR,Europe,53.5,-0.5,2.1,Low,1,4.8,4.8,18.4
Ghana,GHA,Africa,6.5,0.5,3.9,Medium,0,0.0,0.0,0.0
Ghana,GHA,Africa,7.5,0.5,3.9,Medium,0,0.0,0.0,0.0
Ghana,GHA,Africa,8.5,0.5,3.9,Medium,0,0.0,0.0,0.0
Togo,TGO,Africa,9.5,0.5,5.3,High,0,0.0,0.0,0.0
Togo,TGO,Africa,10.5,0.5,5.3,High,0,0.0,0.0,0.0
Burkina Faso,BFA,Africa,11.5,0.5,7.1,Very High,0,0.0,0.0,0.0
Burkina Faso,BFA,Africa,12.5,0.5,7.1,Very High,0,0.0,0.0,0.0
Burkina Faso,BFA,Africa,13.5,0.5,7.1,Very High,0,0.0,0.0,0.0
Niger,NER,Africa,14.5,0.5,7.4,Very High,0,0.0,0.0,0.0
Mali,MLI,Africa,15.5,0.5,6.9,Very High,0,0.0,0.0,0.0
Mali,MLI,Africa,16.5,0.5,6.9,Very High,0,0.0,0.0,0.0
Mali,MLI,Africa,17.5,0.5,6.9,Very High,0,0.0,0.0,0.0
Mali,MLI,Africa,18.5,0.5,6.9,Very High,0,0.0,0.0,0.0
Mali,MLI,Africa,19.5,0.5,6.9,Very High,0,0.0,0.0,0.0
Mali,MLI,Africa,20.5,0.5,6.9,Very High,0,0.0,0.0,0.0
Algeria,DZA,Africa,21.5,0.5,3.4,Low,0,0.0,0.0,0.0
Algeria,DZA,Africa,22.5,0.5,3.4,Low,0,0.0,0.0,0.0
Algeria,DZA,Africa,23.5,0.5,3.4,Low,0,0.0,0.0,0.0
Algeria,DZA,Africa,24.5,0.5,3.4,Low,0,0.0,0.0,0.0
Algeria,DZA,Africa,25.5,0.5,3.4,Low,0,0.0,0.0,0.0
Algeria,DZA,Africa,26.5,0.5,3.4,Low,0,0.0,0.0,0.0
Algeria,DZA,Africa,27.5,0.5,3.4,Low,0,0.0,0.0,0.0
Algeria,DZA,Africa,28.5,0.5,3.4,Low,0,0.0,0.0,0.0
Algeria,DZA,Africa,29.5,0.5,3.4,Low,0,0.0,0.0,0.0
Algeria,DZA,Africa,30.5,0.5,3.4,Low,0,0.0,0.0,0.0
Algeria,DZA,Africa,31.5,0.5,3.4,Low,0,0.0,0.0,0.0
Algeria,DZA,Africa,32.5,0.5,3.4,Low,0,0.0,0.0,0.0
Algeria,DZA,Africa,33.5,0.5,3.4,Low,0,0.0,0.0,0.0
Algeria,DZA,Africa,34.5,0.5,3.4,Low,0,0.0,0.0,0.0
Algeria,DZA,Africa,35.5,0.5,3.4,Low,2,4.65,4.8,16.15
Spain,ESP,Europe,40.5,0.5,2.6,Low,0,0.0,0.0,0.0
Spain,ESP,Europe,41.5,0.5,2.6,Low,0,0.0,0.0,0.0
Spain,ESP,Europe,42.5,0.5,2.6,Low,1,4.6,4.6,10.018
United Kingdom,GBR,Europe,51.5,0.5,2.1,Low,0,0.0,0.0,0.0
United Kingdom,GBR,Europe,52.5,0.5,2.1,Low,0,0.0,0.0,0.0
Togo,TGO,Africa,6.5,1.5,5.3,High,0,0.0,0.0,0.0
Togo,TGO,Africa,7.5,1.5,5.3,High,0,0.0,0.0,0.0
Togo,TGO,Africa,8.5,1.5,5.3,High,0,0.0,0.0,0.0
Benin,BEN,Africa,9.5,1.5,5.1,High,0,0.0,0.0,0.0
Benin,BEN,Africa,10.5,1.5,5.1,High,0,0.0,0.0,0.0
Benin,BEN,Africa,11.5,1.5,5.1,High,0,0.0,0.0,0.0
Burkina Faso,BFA,Africa,12.5,1.5,7.1,Very High,0,0.0,0.0,0.0
Niger,NER,Africa,13.5,1.5,7.4,Very High,0,0.0,0.0,0.0
Niger,NER,Africa,14.5,1.5,7.4,Very High,0,0.0,0.0,0.0
Mali,MLI,Africa,15.5,1.5,6.9,Very High,0,0.0,0.0,0.0
Mali,MLI,Africa,16.5,1.5,6.9,Very High,0,0.0,0.0,0.0
Mali,MLI,Africa,17.5,1.5,6.9,Very High,0,0.0,0.0,0.0
Mali,MLI,Africa,18.5,1.5,6.9,Very High,0,0.0,0.0,0.0
Mali,MLI,Africa,19.5,1.5,6.9,Very High,0,0.0,0.0,0.0
Mali,MLI,Africa,20.5,1.5,6.9,Very High,0,0.0,0.0,0.0
Algeria,DZA,Africa,21.5,1.5,3.4,Low,0,0.0,0.0,0.0
Algeria,DZA,Africa,22.5,1.5,3.4,Low,0,0.0,0.0,0.0
Algeria,DZA,Africa,23.5,1.5,3.4,Low,0,0.0,0.0,0.0
Algeria,DZA,Africa,24.5,1.5,3.4,Low,0,0.0,0.0,0.0
Algeria,DZA,Africa,25.5,1.5,3.4,Low,0,0.0,0.0,0.0
Algeria,DZA,Africa,26.5,1.5,3.4,Low,0,0.0,0.0,0.0
Algeria,DZA,Africa,27.5,1.5,3.4,Low,0,0.0,0.0,0.0
Algeria,DZA,Africa,28.5,1.5,3.4,Low,0,0.0,0.0,0.0
Algeria,DZA,Africa,29.5,1.5,3.4,Low,0,0.0,0.0,0.0
Algeria,DZA,Africa,30.5,1.5,3.4,Low,0,0.0,0.0,0.0
Algeria,DZA,Africa,31.5,1.5,3.4,Low,0,0.0,0.0,0.0
Algeria,DZA,Africa,32.5,1.5,3.4,Low,0,0.0,0.0,0.0
Algeria,DZA,Africa,33.5,1.5,3.4,Low,1,4.5,4.5,10.0
Algeria,DZA,Africa,34.5,1.5,3.4,Low,0,0.0,0.0,0.0
Algeria,DZA,Africa,35.5,1.5,3.4,Low,0,0.0,0.0,0.0
Algeria,DZA,Africa,36.5,1.5,3.4,Low,4,4.625,4.8,9.0
Spain,ESP,Europe,41.5,1.5,2.6,Low,0,0.0,0.0,0.0
United Kingdom,GBR,Europe,52.5,1.5,2.1,Low,0,0.0,0.0,0.0
Benin,BEN,Africa,6.5,2.5,5.1,High,0,0.0,0.0,0.0
Benin,BEN,Africa,7.5,2.5,5.1,High,0,0.0,0.0,0.0
Benin,BEN,Africa,8.5,2.5,5.1,High,0,0.0,0.0,0.0
Benin,BEN,Africa,9.5,2.5,5.1,High,0,0.0,0.0,0.0
Benin,BEN,Africa,10.5,2.5,5.1,High,0,0.0,0.0,0.0
Benin,BEN,Africa,11.5,2.5,5.1,High,0,0.0,0.0,0.0
Niger,NER,Africa,12.5,2.5,7.4,Very High,0,0.0,0.0,0.0
Niger,NER,Africa,13.5,2.5,7.4,Very High,0,0.0,0.0,0.0
Niger,NER,Africa,14.5,2.5,7.4,Very High,0,0.0,0.0,0.0
Mali,MLI,Africa,15.5,2.5,6.9,Very High,0,0.0,0.0,0.0
Mali,MLI,Africa,16.5,2.5,6.9,Very High,0,0.0,0.0,0.0
Mali,MLI,Africa,17.5,2.5,6.9,Very High,0,0.0,0.0,0.0
Mali,MLI,Africa,18.5,2.5,6.9,Very High,0,0.0,0.0,0.0
Mali,MLI,Africa,19.5,2.5,6.9,Very High,0,0.0,0.0,0.0
Algeria,DZA,Africa,20.5,2.5,3.4,Low,0,0.0,0.0,0.0
Algeria,DZA,Africa,21.5,2.5,3.4,Low,0,0.0,0.0,0.0
Algeria,DZA,Africa,22.5,2.5,3.4,Low,0,0.0,0.0,0.0
Algeria,DZA,Africa,23.5,2.5,3.4,Low,0,0.0,0.0,0.0
Algeria,DZA,Africa,24.5,2.5,3.4,Low,0,0.0,0.0,0.0
Algeria,DZA,Africa,25.5,2.5,3.4,Low,0,0.0,0.0,0.0
Algeria,DZA,Africa,26.5,2.5,3.4,Low,0,0.0,0.0,0.0
Algeria,DZA,Africa,27.5,2.5,3.4,Low,0,0.0,0.0,0.0
Algeria,DZA,Africa,28.5,2.5,3.4,Low,0,0.0,0.0,0.0
Algeria,DZA,Africa,29.5,2.5,3.4,Low,0,0.0,0.0,0.0
Algeria,DZA,Africa,30.5,2.5,3.4,Low,0,0.0,0.0,0.0
Algeria,DZA,Africa,31.5,2.5,3.4,Low,0,0.0,0.0,0.0
Algeria,DZA,Africa,32.5,2.5,3.4,Low,0,0.0,0.0,0.0
Algeria,DZA,Africa,33.5,2.5,3.4,Low,0,0.0,0.0,0.0
Algeria,DZA,Africa,34.5,2.5,3.4,Low,0,0.0,0.0,0.0
Algeria,DZA,Africa,35.5,2.5,3.4,Low,0,0.0,0.0,0.0
Algeria,DZA,Africa,36.5,2.5,3.4,Low,5,4.64,4.8,10.112
Nigeria,NGA,Africa,6.5,3.5,6.9,Very High,0,0.0,0.0,0.0
Nigeria,NGA,Africa,7.5,3.5,6.9,Very High,0,0.0,0.0,0.0
Nigeria,NGA,Africa,8.5,3.5,6.9,Very High,0,0.0,0.0,0.0
Nigeria,NGA,Africa,9.5,3.5,6.9,Very High,0,0.0,0.0,0.0
Benin,BEN,Africa,10.5,3.5,5.1,High,0,0.0,0.0,0.0
Benin,BEN,Africa,11.5,3.5,5.1,High,0,0.0,0.0,0.0
Niger,NER,Africa,12.5,3.5,7.4,Very High,0,0.0,0.0,0.0
Niger,NER,Africa,13.5,3.5,7.4,Very High,0,0.0,0.0,0.0
Niger,NER,Africa,14.5,3.5,7.4,Very High,0,0.0,0.0,0.0
Niger,NER,Africa,15.5,3.5,7.4,Very High,0,0.0,0.0,0.0
Mali,MLI,Africa,16.5,3.5,6.9,Very High,0,0.0,0.0,0.0
Mali,MLI,Africa,17.5,3.5,6.9,Very High,0,0.0,0.0,0.0
Mali,MLI,Africa,18.5,3.5,6.9,Very High,0,0.0,0.0,0.0
Algeria,DZA,Africa,19.5,3.5,3.4,Low,0,0.0,0.0,0.0
Algeria,DZA,Africa,20.5,3.5,3.4,Low,0,0.0,0.0,0.0
Algeria,DZA,Africa,21.5,3.5,3.4,Low,0,0.0,0.0,0.0
Algeria,DZA,Africa,22.5,3.5,3.4,Low,0,0.0,0.0,0.0
Algeria,DZA,Africa,23.5,3.5,3.4,Low,0,0.0,0.0,0.0
Algeria,DZA,Africa,24.5,3.5,3.4,Low,0,0.0,0.0,0.0
Algeria,DZA,Africa,25.5,3.5,3.4,Low,0,0.0,0.0,0.0
Algeria,DZA,Africa,26.5,3.5,3.4,Low,0,0.0,0.0,0.0
Algeria,DZA,Africa,27.5,3.5,3.4,Low,0,0.0,0.0,0.0
Algeria,DZA,Africa,28.5,3.5,3.4,Low,0,0.0,0.0,0.0
Algeria,DZA,Africa,29.5,3.5,3.4,Low,0,0.0,0.0,0.0
Algeria,DZA,Africa,30.5,3.5,3.4,Low,0,0.0,0.0,0.0
Algeria,DZA,Africa,31.5,3.5,3.4,Low,0,0.0,0.0,0.0
Algeria,DZA,Africa,32.5,3.5,3.4,Low,0,0.0,0.0,0.0
Algeria,DZA,Africa,33.5,3.5,3.4,Low,0,0.0,0.0,0.0
Algeria,DZA,Africa,34.5,3.5,3.4,Low,3,4.9333,5.1,10.0
Algeria,DZA,Africa,35.5,3.5,3.4,Low,1,5.1,5.1,10.0
Algeria,DZA,Africa,36.5,3.5,3.4,Low,29,4.9172,6.8,10.5945
Belgium,BEL,Europe,50.5,3.5,2.6,Low,0,0.0,0.0,0.0
Nigeria,NGA,Africa,6.5,4.5,6.9,Very High,0,0.0,0.0,0.0
Nigeria,NGA,Africa,7.5,4.5,6.9,Very High,0,0.0,0.0,0.0
Nigeria,NGA,Africa,8.5,4.5,6.9,Very High,0,0.0,0.0,0.0
Nigeria,NGA,Africa,9.5,4.5,6.9,Very High,0,0.0,0.0,0.0
Nigeria,NGA,Africa,10.5,4.5,6.9,Very High,0,0.0,0.0,0.0
Nigeria,NGA,Africa,11.5,4.5,6.9,Very High,0,0.0,0.0,0.0
Nigeria,NGA,Africa,12.5,4.5,6.9,Very High,0,0.0,0.0,0.0
Nigeria,NGA,Africa,13.5,4.5,6.9,Very High,0,0.0,0.0,0.0
Niger,NER,Africa,14.5,4.5,7.4,Very High,0,0.0,0.0,0.0
Niger,NER,Africa,15.5,4.5,7.4,Very High,0,0.0,0.0,0.0
Niger,NER,Africa,16.5,4.5,7.4,Very High,0,0.0,0.0,0.0
Niger,NER,Africa,17.5,4.5,7.4,Very High,0,0.0,0.0,0.0
Niger,NER,Africa,18.5,4.5,7.4,Very High,0,0.0,0.0,0.0
Algeria,DZA,Africa,19.5,4.5,3.4,Low,0,0.0,0.0,0.0
Algeria,DZA,Africa,20.5,4.5,3.4,Low,0,0.0,0.0,0.0
Algeria,DZA,Africa,21.5,4.5,3.4,Low,0,0.0,0.0,0.0
Algeria,DZA,Africa,22.5,4.5,3.4,Low,0,0.0,0.0,0.0
Algeria,DZA,Africa,23.5,4.5,3.4,Low,0,0.0,0.0,0.0
Algeria,DZA,Africa,24.5,4.5,3.4,Low,0,0.0,0.0,0.0
Algeria,DZA,Africa,25.5,4.5,3.4,Low,0,0.0,0.0,0.0
Algeria,DZA,Africa,26.5,4.5,3.4,Low,0,0.0,0.0,0.0
Algeria,DZA,Africa,27.5,4.5,3.4,Low,0,0.0,0.0,0.0
Algeria,DZA,Africa,28.5,4.5,3.4,Low,0,0.0,0.0,0.0
Algeria,DZA,Africa,29.5,4.5,3.4,Low,0,0.0,0.0,0.0
Algeria,DZA,Africa,30.5,4.5,3.4,Low,0,0.0,0.0,0.0
Algeria,DZA,Africa,31.5,4.5,3.4,Low,0,0.0,0.0,0.0
Algeria,DZA,Africa,32.5,4.5,3.4,Low,0,0.0,0.0,0.0
Algeria,DZA,Africa,33.5,4.5,3.4,Low,0,0.0,0.0,0.0
Algeria,DZA,Africa,34.5,4.5,3.4,Low,0,0.0,0.0,0.0
Algeria,DZA,Africa,35.5,4.5,3.4,Low,2,5.25,5.3,1.5
Algeria,DZA,Africa,36.5,4.5,3.4,Low,7,4.8714,5.7,8.7143
Belgium,BEL,Europe,50.5,4.5,2.6,Low,0,0.0,0.0,0.0
Netherlands,NLD,Europe,51.5,4.5,2.5,Low,0,0.0,0.0,0.0
Netherlands,NLD,Europe,52.5,4.5,2.5,Low,0,0.0,0.0,0.0
Nigeria,NGA,Africa,5.5,5.5,6.9,Very High,0,0.0,0.0,0.0
Nigeria,NGA,Africa,6.5,5.5,6.9,Very High,1,4.5,4.5,10.0
Nigeria,NGA,Africa,7.5,5.5,6.9,Very High,0,0.0,0.0,0.0
Nigeria,NGA,Africa,8.5,5.5,6.9,Very High,0,0.0,0.0,0.0
Nigeria,NGA,Africa,9.5,5.5,6.9,Very High,0,0.0,0.0,0.0
Nigeria,NGA,Africa,10.5,5.5,6.9,Very High,0,0.0,0.0,0.0
Nigeria,NGA,Africa,11.5,5.5,6.9,Very High,0,0.0,0.0,0.0
Nigeria,NGA,Africa,12.5,5.5,6.9,Very High,0,0.0,0.0,0.0
Nigeria,NGA,Africa,13.5,5.5,6.9,Very High,0,0.0,0.0,0.0
Niger,NER,Africa,14.5,5.5,7.4,Very High,0,0.0,0.0,0.0
Niger,NER,Africa,15.5,5.5,7.4,Very High,0,0.0,0.0,0.0
Niger,NER,Africa,16.5,5.5,7.4,Very High,0,0.0,0.0,0.0
Niger,NER,Africa,17.5,5.5,7.4,Very High,0,0.0,0.0,0.0
Niger,NER,Africa,18.5,5.5,7.4,Very High,0,0.0,0.0,0.0
Niger,NER,Africa,19.5,5.5,7.4,Very High,0,0.0,0.0,0.0
Algeria,DZA,Africa,20.5,5.5,3.4,Low,0,0.0,0.0,0.0
Algeria,DZA,Africa,21.5,5.5,3.4,Low,0,0.0,0.0,0.0
Algeria,DZA,Africa,22.5,5.5,3.4,Low,1,4.5,4.5,10.0
Algeria,DZA,Africa,23.5,5.5,3.4,Low,0,0.0,0.0,0.0
Algeria,DZA,Africa,24.5,5.5,3.4,Low,0,0.0,0.0,0.0
Algeria,DZA,Africa,25.5,5.5,3.4,Low,0,0.0,0.0,0.0
Algeria,DZA,Africa,26.5,5.5,3.4,Low,0,0.0,0.0,0.0
Algeria,DZA,Africa,27.5,5.5,3.4,Low,0,0.0,0.0,0.0
Algeria,DZA,Africa,28.5,5.5,3.4,Low,0,0.0,0.0,0.0
Algeria,DZA,Africa,29.5,5.5,3.4,Low,0,0.0,0.0,0.0
Algeria,DZA,Africa,30.5,5.5,3.4,Low,0,0.0,0.0,0.0
Algeria,DZA,Africa,31.5,5.5,3.4,Low,0,0.0,0.0,0.0
Algeria,DZA,Africa,32.5,5.5,3.4,Low,0,0.0,0.0,0.0
Algeria,DZA,Africa,33.5,5.5,3.4,Low,0,0.0,0.0,0.0
Algeria,DZA,Africa,34.5,5.5,3.4,Low,0,0.0,0.0,0.0
Algeria,DZA,Africa,35.5,5.5,3.4,Low,6,4.7333,5.0,10.0
Algeria,DZA,Africa,36.5,5.5,3.4,Low,19,4.8211,6.0,9.2684
Belgium,BEL,Europe,50.5,5.5,2.6,Low,0,0.0,0.0,0.0
Netherlands,NLD,Europe,51.5,5.5,2.5,Low,1,4.8,4.8,10.0
Netherlands,NLD,Europe,52.5,5.5,2.5,Low,0,0.0,0.0,0.0
Nigeria,NGA,Africa,4.5,6.5,6.9,Very High,0,0.0,0.0,0.0
Nigeria,NGA,Africa,5.5,6.5,6.9,Very High,0,0.0,0.0,0.0
Nigeria,NGA,Africa,6.5,6.5,6.9,Very High,0,0.0,0.0,0.0
Nigeria,NGA,Africa,7.5,6.5,6.9,Very High,0,0.0,0.0,0.0
Nigeria,NGA,Africa,8.5,6.5,6.9,Very High,0,0.0,0.0,0.0
Nigeria,NGA,Africa,9.5,6.5,6.9,Very High,0,0.0,0.0,0.0
Nigeria,NGA,Africa,10.5,6.5,6.9,Very High,0,0.0,0.0,0.0
Nigeria,NGA,Africa,11.5,6.5,6.9,Very High,0,0.0,0.0,0.0
Nigeria,NGA,Africa,12.5,6.5,6.9,Very High,0,0.0,0.0,0.0
Niger,NER,Africa,13.5,6.5,7.4,Very High,0,0.0,0.0,0.0
Niger,NER,Africa,14.5,6.5,7.4,Very High,0,0.0,0.0,0.0
Niger,NER,Africa,15.5,6.5,7.4,Very High,0,0.0,0.0,0.0
Niger,NER,Africa,16.5,6.5,7.4,Very High,0,0.0,0.0,0.0
Niger,NER,Africa,17.5,6.5,7.4,Very High,0,0.0,0.0,0.0
Niger,NER,Africa,18.5,6.5,7.4,Very High,0,0.0,0.0,0.0
Niger,NER,Africa,19.5,6.5,7.4,Very High,0,0.0,0.0,0.0
Algeria,DZA,Africa,20.5,6.5,3.4,Low,0,0.0,0.0,0.0
Algeria,DZA,Africa,21.5,6.5,3.4,Low,0,0.0,0.0,0.0
Algeria,DZA,Africa,22.5,6.5,3.4,Low,0,0.0,0.0,0.0
Algeria,DZA,Africa,23.5,6.5,3.4,Low,0,0.0,0.0,0.0
Algeria,DZA,Africa,24.5,6.5,3.4,Low,0,0.0,0.0,0.0
Algeria,DZA,Africa,25.5,6.5,3.4,Low,0,0.0,0.0,0.0
Algeria,DZA,Africa,26.5,6.5,3.4,Low,0,0.0,0.0,0.0
Algeria,DZA,Africa,27.5,6.5,3.4,Low,0,0.0,0.0,0.0
Algeria,DZA,Africa,28.5,6.5,3.4,Low,0,0.0,0.0,0.0
Algeria,DZA,Africa,29.5,6.5,3.4,Low,0,0.0,0.0,0.0
Algeria,DZA,Africa,30.5,6.5,3.4,Low,0,0.0,0.0,0.0
Algeria,DZA,Africa,31.5,6.5,3.4,Low,0,0.0,0.0,0.0
Algeria,DZA,Africa,32.5,6.5,3.4,Low,0,0.0,0.0,0.0
Algeria,DZA,Africa,33.5,6.5,3.4,Low,0,0.0,0.0,0.0
Algeria,DZA,Africa,34.5,6.5,3.4,Low,3,4.8667,5.2,25.35
Algeria,DZA,Africa,35.5,6.5,3.4,Low,3,4.5667,4.6,17.6667
Algeria,DZA,Africa,36.5,6.5,3.4,Low,7,4.7,5.1,8.7257
Switzerland,CHE,Europe,46.5,6.5,1.8,Very Low,1,4.6,4.6,7.0
Germany,DEU,Europe,49.5,6.5,2.6,Low,1,4.5,4.5,2.0
Germany,DEU,Europe,50.5,6.5,2.6,Low,1,4.8,4.8,17.2
Germany,DEU,Europe,51.5,6.5,2.6,Low,0,0.0,0.0,0.0
Netherlands,NLD,Europe,52.5,6.5,2.5,Low,0,0.0,0.0,0.0
Nigeria,NGA,Africa,4.5,7.5,6.9,Very High,0,0.0,0.0,0.0
Nigeria,NGA,Africa,5.5,7.5,6.9,Very High,0,0.0,0.0,0.0
Nigeria,NGA,Africa,6.5,7.5,6.9,Very High,0,0.0,0.0,0.0
Nigeria,NGA,Africa,7.5,7.5,6.9,Very High,0,0.0,0.0,0.0
Nigeria,NGA,Africa,8.5,7.5,6.9,Very High,0,0.0,0.0,0.0
Nigeria,NGA,Africa,9.5,7.5,6.9,Very High,0,0.0,0.0,0.0
Nigeria,NGA,Africa,10.5,7.5,6.9,Very High,0,0.0,0.0,0.0
Nigeria,NGA,Africa,11.5,7.5,6.9,Very High,0,0.0,0.0,0.0
Nigeria,NGA,Africa,12.5,7.5,6.9,Very High,0,0.0,0.0,0.0
Niger,NER,Africa,13.5,7.5,7.4,Very High,0,0.0,0.0,0.0
Niger,NER,Africa,14.5,7.5,7.4,Very High,0,0.0,0.0,0.0
Niger,NER,Africa,15.5,7.5,7.4,Very High,0,0.0,0.0,0.0
Niger,NER,Africa,16.5,7.5,7.4,Very High,0,0.0,0.0,0.0
Niger,NER,Africa,17.5,7.5,7.4,Very High,0,0.0,0.0,0.0
Niger,NER,Africa,18.5,7.5,7.4,Very High,0,0.0,0.0,0.0
Niger,NER,Africa,19.5,7.5,7.4,Very High,0,0.0,0.0,0.0
Niger,NER,Africa,20.5,7.5,7.4,Very High,0,0.0,0.0,0.0
Algeria,DZA,Africa,21.5,7.5,3.4,Low,0,0.0,0.0,0.0
Algeria,DZA,Africa,22.5,7.5,3.4,Low,0,0.0,0.0,0.0
Algeria,DZA,Africa,23.5,7.5,3.4,Low,0,0.0,0.0,0.0
Algeria,DZA,Africa,24.5,7.5,3.4,Low,0,0.0,0.0,0.0
Algeria,DZA,Africa,25.5,7.5,3.4,Low,0,0.0,0.0,0.0
Algeria,DZA,Africa,26.5,7.5,3.4,Low,0,0.0,0.0,0.0
Algeria,DZA,Africa,27.5,7.5,3.4,Low,0,0.0,0.0,0.0
Algeria,DZA,Africa,28.5,7.5,3.4,Low,0,0.0,0.0,0.0
Algeria,DZA,Africa,29.5,7.5,3.4,Low,0,0.0,0.0,0.0
Algeria,DZA,Africa,30.5,7.5,3.4,Low,0,0.0,0.0,0.0
Algeria,DZA,Africa,31.5,7.5,3.4,Low,0,0.0,0.0,0.0
Algeria,DZA,Africa,32.5,7.5,3.4,Low,0,0.0,0.0,0.0
Algeria,DZA,Africa,33.5,7.5,3.4,Low,2,4.65,4.7,5.0
Algeria,DZA,Africa,34.5,7.5,3.4,Low,2,4.7,4.8,10.0
Algeria,DZA,Africa,35.5,7.5,3.4,Low,1,4.6,4.6,10.0
Algeria,DZA,Africa,36.5,7.5,3.4,Low,3,4.8,5.0,10.0
Italy,ITA,Europe,44.5,7.5,3.0,Low,3,4.5,4.5,18.4
Italy,ITA,Europe,45.5,7.5,3.0,Low,0,0.0,0.0,0.0
Switzerland,CHE,Europe,46.5,7.5,1.8,Very Low,0,0.0,0.0,0.0
Switzerland,CHE,Europe,47.5,7.5,1.8,Very Low,0,0.0,0.0,0.0
Germany,DEU,Europe,49.5,7.5,2.6,Low,0,0.0,0.0,0.0
Germany,DEU,Europe,50.5,7.5,2.6,Low,0,0.0,0.0,0.0
Germany,DEU,Europe,51.5,7.5,2.6,Low,0,0.0,0.0,0.0
Germany,DEU,Europe,52.5,7.5,2.6,Low,0,0.0,0.0,0.0
Germany,DEU,Europe,53.5,7.5,2.6,Low,0,0.0,0.0,0.0
Cameroon,CMR,Africa,4.5,8.5,6.6,Very High,0,0.0,0.0,0.0
Nigeria,NGA,Africa,5.5,8.5,6.9,Very High,0,0.0,0.0,0.0
Nigeria,NGA,Africa,6.5,8.5,6.9,Very High,0,0.0,0.0,0.0
Nigeria,NGA,Africa,7.5,8.5,6.9,Very High,0,0.0,0.0,0.0
Nigeria,NGA,Africa,8.5,8.5,6.9,Very High,0,0.0,0.0,0.0
Nigeria,NGA,Africa,9.5,8.5,6.9,Very High,0,0.0,0.0,0.0
Nigeria,NGA,Africa,10.5,8.5,6.9,Very High,0,0.0,0.0,0.0
Nigeria,NGA,Africa,11.5,8.5,6.9,Very High,0,0.0,0.0,0.0
Nigeria,NGA,Africa,12.5,8.5,6.9,Very High,0,0.0,0.0,0.0
Niger,NER,Africa,13.5,8.5,7.4,Very High,0,0.0,0.0,0.0
Niger,NER,Africa,14.5,8.5,7.4,Very High,0,0.0,0.0,0.0
Niger,NER,Africa,15.5,8.5,7.4,Very High,0,0.0,0.0,0.0
Niger,NER,Africa,16.5,8.5,7.4,Very High,0,0.0,0.0,0.0
Niger,NER,Africa,17.5,8.5,7.4,Very High,0,0.0,0.0,0.0
Niger,NER,Africa,18.5,8.5,7.4,Very High,0,0.0,0.0,0.0
Niger,NER,Africa,19.5,8.5,7.4,Very High,0,0.0,0.0,0.0
Niger,NER,Africa,20.5,8.5,7.4,Very High,0,0.0,0.0,0.0
Niger,NER,Africa,21.5,8.5,7.4,Very High,0,0.0,0.0,0.0
Algeria,DZA,Africa,22.5,8.5,3.4,Low,0,0.0,0.0,0.0
Algeria,DZA,Africa,23.5,8.5,3.4,Low,0,0.0,0.0,0.0
Algeria,DZA,Africa,24.5,8.5,3.4,Low,0,0.0,0.0,0.0
Algeria,DZA,Africa,25.5,8.5,3.4,Low,0,0.0,0.0,0.0
Algeria,DZA,Africa,26.5,8.5,3.4,Low,0,0.0,0.0,0.0
Algeria,DZA,Africa,27.5,8.5,3.4,Low,0,0.0,0.0,0.0
Algeria,DZA,Africa,28.5,8.5,3.4,Low,0,0.0,0.0,0.0
Algeria,DZA,Africa,29.5,8.5,3.4,Low,0,0.0,0.0,0.0
Algeria,DZA,Africa,30.5,8.5,3.4,Low,0,0.0,0.0,0.0
Algeria,DZA,Africa,31.5,8.5,3.4,Low,0,0.0,0.0,0.0
Tunisia,TUN,Africa,32.5,8.5,3.2,Low,0,0.0,0.0,0.0
Tunisia,TUN,Africa,33.5,8.5,3.2,Low,0,0.0,0.0,0.0
Tunisia,TUN,Africa,34.5,8.5,3.2,Low,2,4.8,5.0,23.25
Tunisia,TUN,Africa,35.5,8.5,3.2,Low,0,0.0,0.0,0.0
Tunisia,TUN,Africa,36.5,8.5,3.2,Low,0,0.0,0.0,0.0
Italy,ITA,Europe,39.5,8.5,3.0,Low,0,0.0,0.0,0.0
Italy,ITA,Europe,40.5,8.5,3.0,Low,0,0.0,0.0,0.0
Italy,ITA,Europe,44.5,8.5,3.0,Low,3,4.8667,5.0,4.6667
Italy,ITA,Europe,45.5,8.5,3.0,Low,0,0.0,0.0,0.0
Switzerland,CHE,Europe,46.5,8.5,1.8,Very Low,0,0.0,0.0,0.0
Switzerland,CHE,Europe,47.5,8.5,1.8,Very Low,0,0.0,0.0,0.0
Germany,DEU,Europe,48.5,8.5,2.6,Low,1,4.8,4.8,10.0
Germany,DEU,Europe,49.5,8.5,2.6,Low,0,0.0,0.0,0.0
Germany,DEU,Europe,50.5,8.5,2.6,Low,0,0.0,0.0,0.0
Germany,DEU,Europe,51.5,8.5,2.6,Low,0,0.0,0.0,0.0
Germany,DEU,Europe,52.5,8.5,2.6,Low,0,0.0,0.0,0.0
Germany,DEU,Europe,53.5,8.5,2.6,Low,0,0.0,0.0,0.0
Denmark,DNK,Europe,55.5,8.5,1.3,Very Low,0,0.0,0.0,0.0
Denmark,DNK,Europe,56.5,8.5,1.3,Very Low,0,0.0,0.0,0.0
Gabon,GAB,Africa,-1.5,9.5,3.6,Medium,0,0.0,0.0,0.0
Gabon,GAB,Africa,-0.5,9.5,3.6,Medium,0,0.0,0.0,0.0
Gabon,GAB,Africa,0.5,9.5,3.6,Medium,0,0.0,0.0,0.0
Equatorial Guinea,GNQ,Africa,1.5,9.5,3.3,Low,0,0.0,0.0,0.0
Cameroon,CMR,Africa,4.5,9.5,6.6,Very High,0,0.0,0.0,0.0
Cameroon,CMR,Africa,5.5,9.5,6.6,Very High,0,0.0,0.0,0.0
Nigeria,NGA,Africa,6.5,9.5,6.9,Very High,0,0.0,0.0,0.0
Nigeria,NGA,Africa,7.5,9.5,6.9,Very High,0,0.0,0.0,0.0
Nigeria,NGA,Africa,8.5,9.5,6.9,Very High,0,0.0,0.0,0.0
Nigeria,NGA,Africa,9.5,9.5,6.9,Very High,0,0.0,0.0,0.0
Nigeria,NGA,Africa,10.5,9.5,6.9,Very High,0,0.0,0.0,0.0
Nigeria,NGA,Africa,11.5,9.5,6.9,Very High,0,0.0,0.0,0.0
Nigeria,NGA,Africa,12.5,9.5,6.9,Very High,0,0.0,0.0,0.0
Niger,NER,Africa,13.5,9.5,7.4,Very High,0,0.0,0.0,0.0
Niger,NER,Africa,14.5,9.5,7.4,Very High,0,0.0,0.0,0.0
Niger,NER,Africa,15.5,9.5,7.4,Very High,0,0.0,0.0,0.0
Niger,NER,Africa,16.5,9.5,7.4,Very High,0,0.0,0.0,0.0
Niger,NER,Africa,17.5,9.5,7.4,Very High,0,0.0,0.0,0.0
Niger,NER,Africa,18.5,9.5,7.4,Very High,0,0.0,0.0,0.0
Niger,NER,Africa,19.5,9.5,7.4,Very High,0,0.0,0.0,0.0
Niger,NER,Africa,20.5,9.5,7.4,Very High,0,0.0,0.0,0.0
Niger,NER,Africa,21.5,9.5,7.4,Very High,0,0.0,0.0,0.0
Algeria,DZA,Africa,22.5,9.5,3.4,Low,0,0.0,0.0,0.0
Algeria,DZA,Africa,23.5,9.5,3.4,Low,0,0.0,0.0,0.0
Algeria,DZA,Africa,24.5,9.5,3.4,Low,0,0.0,0.0,0.0
Algeria,DZA,Africa,25.5,9.5,3.4,Low,0,0.0,0.0,0.0
Algeria,DZA,Africa,26.5,9.5,3.4,Low,0,0.0,0.0,0.0
Algeria,DZA,Africa,27.5,9.5,3.4,Low,0,0.0,0.0,0.0
Algeria,DZA,Africa,28.5,9.5,3.4,Low,0,0.0,0.0,0.0
Algeria,DZA,Africa,29.5,9.5,3.4,Low,0,0.0,0.0,0.0
Tunisia,TUN,Africa,30.5,9.5,3.2,Low,0,0.0,0.0,0.0
Tunisia,TUN,Africa,31.5,9.5,3.2,Low,0,0.0,0.0,0.0
Tunisia,TUN,Africa,32.5,9.5,3.2,Low,0,0.0,0.0,0.0
Tunisia,TUN,Africa,33.5,9.5,3.2,Low,0,0.0,0.0,0.0
Tunisia,TUN,Africa,34.5,9.5,3.2,Low,1,5.1,5.1,10.0
Tunisia,TUN,Africa,35.5,9.5,3.2,Low,3,4.8667,5.2,16.3667
Tunisia,TUN,Africa,36.5,9.5,3.2,Low,1,4.5,4.5,0.0
Italy,ITA,Europe,39.5,9.5,3.0,Low,0,0.0,0.0,0.0
Italy,ITA,Europe,40.5,9.5,3.0,Low,0,0.0,0.0,0.0
Italy,ITA,Europe,44.5,9.5,3.0,Low,5,4.64,4.9,10.22
Italy,ITA,Europe,45.5,9.5,3.0,Low,1,4.5,4.5,37.73
Switzerland,CHE,Europe,46.5,9.5,1.8,Very Low,0,0.0,0.0,0.0
Switzerland,CHE,Europe,47.5,9.5,1.8,Very Low,1,4.5,4.5,2.9
Germany,DEU,Europe,48.5,9.5,2.6,Low,1,4.7,4.7,6.0
Germany,DEU,Europe,49.5,9.5,2.6,Low,0,0.0,0.0,0.0
Germany,DEU,Europe,50.5,9.5,2.6,Low,0,0.0,0.0,0.0
Germany,DEU,Europe,51.5,9.5,2.6,Low,0,0.0,0.0,0.0
Germany,DEU,Europe,52.5,9.5,2.6,Low,0,0.0,0.0,0.0
Germany,DEU,Europe,53.5,9.5,2.6,Low,1,4.5,4.5,5.5
Germany,DEU,Europe,54.5,9.5,2.6,Low,0,0.0,0.0,0.0
Denmark,DNK,Europe,55.5,9.5,1.3,Very Low,0,0.0,0.0,0.0
Denmark,DNK,Europe,56.5,9.5,1.3,Very Low,0,0.0,0.0,0.0
Gabon,GAB,Africa,-2.5,10.5,3.6,Medium,0,0.0,0.0,0.0
Gabon,GAB,Africa,-1.5,10.5,3.6,Medium,7,4.7857,5.5,10.0
Gabon,GAB,Africa,-0.5,10.5,3.6,Medium,2,4.95,5.3,9.0
Gabon,GAB,Africa,0.5,10.5,3.6,Medium,0,0.0,0.0,0.0
Equatorial Guinea,GNQ,Africa,1.5,10.5,3.3,Low,0,0.0,0.0,0.0
Cameroon,CMR,Africa,2.5,10.5,6.6,Very High,0,0.0,0.0,0.0
Cameroon,CMR,Africa,3.5,10.5,6.6,Very High,0,0.0,0.0,0.0
Cameroon,CMR,Africa,4.5,10.5,6.6,Very High,0,0.0,0.0,0.0
Cameroon,CMR,Africa,5.5,10.5,6.6,Very High,0,0.0,0.0,0.0
Cameroon,CMR,Africa,6.5,10.5,6.6,Very High,0,0.0,0.0,0.0
Nigeria,NGA,Africa,7.5,10.5,6.9,Very High,0,0.0,0.0,0.0
Nigeria,NGA,Africa,8.5,10.5,6.9,Very High,0,0.0,0.0,0.0
Nigeria,NGA,Africa,9.5,10.5,6.9,Very High,0,0.0,0.0,0.0
Nigeria,NGA,Africa,10.5,10.5,6.9,Very High,0,0.0,0.0,0.0
Nigeria,NGA,Africa,11.5,10.5,6.9,Very High,0,0.0,0.0,0.0
Nigeria,NGA,Africa,12.5,10.5,6.9,Very High,0,0.0,0.0,0.0
Niger,NER,Africa,13.5,10.5,7.4,Very High,0,0.0,0.0,0.0
Niger,NER,Africa,14.5,10.5,7.4,Very High,0,0.0,0.0,0.0
Niger,NER,Africa,15.5,10.5,7.4,Very High,0,0.0,0.0,0.0
Niger,NER,Africa,16.5,10.5,7.4,Very High,0,0.0,0.0,0.0
Niger,NER,Africa,17.5,10.5,7.4,Very High,0,0.0,0.0,0.0
Niger,NER,Africa,18.5,10.5,7.4,Very High,0,0.0,0.0,0.0
Niger,NER,Africa,19.5,10.5,7.4,Very High,1,4.6,4.6,10.0
Niger,NER,Africa,20.5,10.5,7.4,Very High,0,0.0,0.0,0.0
Niger,NER,Africa,21.5,10.5,7.4,Very High,0,0.0,0.0,0.0
Niger,NER,Africa,22.5,10.5,7.4,Very High,0,0.0,0.0,0.0
Algeria,DZA,Africa,23.5,10.5,3.4,Low,0,0.0,0.0,0.0
Libya,LBY,Africa,24.5,10.5,4.7,Medium,0,0.0,0.0,0.0
Libya,LBY,Africa,25.5,10.5,4.7,Medium,0,0.0,0.0,0.0
Libya,LBY,Africa,26.5,10.5,4.7,Medium,0,0.0,0.0,0.0
Libya,LBY,Africa,27.5,10.5,4.7,Medium,0,0.0,0.0,0.0
Libya,LBY,Africa,28.5,10.5,4.7,Medium,0,0.0,0.0,0.0
Libya,LBY,Africa,29.5,10.5,4.7,Medium,0,0.0,0.0,0.0
Libya,LBY,Africa,30.5,10.5,4.7,Medium,0,0.0,0.0,0.0
Libya,LBY,Africa,31.5,10.5,4.7,Medium,0,0.0,0.0,0.0
Tunisia,TUN,Africa,32.5,10.5,3.2,Low,0,0.0,0.0,0.0
Tunisia,TUN,Africa,33.5,10.5,3.2,Low,0,0.0,0.0,0.0
Tunisia,TUN,Africa,35.5,10.5,3.2,Low,0,0.0,0.0,0.0
Tunisia,TUN,Africa,36.5,10.5,3.2,Low,3,4.7667,5.1,10.0
Italy,ITA,Europe,43.5,10.5,3.0,Low,0,0.0,0.0,0.0
Italy,ITA,Europe,44.5,10.5,3.0,Low,19,4.8211,5.4,15.9377
Italy,ITA,Europe,45.5,10.5,3.0,Low,2,5.0,5.1,13.6
Italy,ITA,Europe,46.5,10.5,3.0,Low,2,4.5,4.5,7.5
Germany,DEU,Europe,47.5,10.5,2.6,Low,0,0.0,0.0,0.0
Germany,DEU,Europe,48.5,10.5,2.6,Low,0,0.0,0.0,0.0
Germany,DEU,Europe,49.5,10.5,2.6,Low,0,0.0,0.0,0.0
Germany,DEU,Europe,50.5,10.5,2.6,Low,0,0.0,0.0,0.0
Germany,DEU,Europe,51.5,10.5,2.6,Low,0,0.0,0.0,0.0
Germany,DEU,Europe,52.5,10.5,2.6,Low,0,0.0,0.0,0.0
Germany,DEU,Europe,53.5,10.5,2.6,Low,0,0.0,0.0,0.0
Denmark,DNK,Europe,56.5,10.5,1.3,Very Low,0,0.0,0.0,0.0
Denmark,DNK,Europe,57.5,10.5,1.3,Very Low,0,0.0,0.0,0.0
Congo,COG,Africa,-4.5,11.5,4.7,Medium,0,0.0,0.0,0.0
Gabon,GAB,Africa,-3.5,11.5,3.6,Medium,0,0.0,0.0,0.0
Gabon,GAB,Africa,-2.5,11.5,3.6,Medium,0,0.0,0.0,0.0
Gabon,GAB,Africa,-1.5,11.5,3.6,Medium,0,0.0,0.0,0.0
Gabon,GAB,Africa,-0.5,11.5,3.6,Medium,0,0.0,0.0,0.0
Gabon,GAB,Africa,0.5,11.5,3.6,Medium,0,0.0,0.0,0.0
Gabon,GAB,Africa,1.5,11.5,3.6,Medium,0,0.0,0.0,0.0
Cameroon,CMR,Africa,2.5,11.5,6.6,Very High,0,0.0,0.0,0.0
Cameroon,CMR,Africa,3.5,11.5,6.6,Very High,0,0.0,0.0,0.0
Cameroon,CMR,Africa,4.5,11.5,6.6,Very High,1,4.6,4.6,10.0
Cameroon,CMR,Africa,5.5,11.5,6.6,Very High,0,0.0,0.0,0.0
Cameroon,CMR,Africa,6.5,11.5,6.6,Very High,0,0.0,0.0,0.0
Nigeria,NGA,Africa,7.5,11.5,6.9,Very High,0,0.0,0.0,0.0
Nigeria,NGA,Africa,8.5,11.5,6.9,Very High,0,0.0,0.0,0.0
Nigeria,NGA,Africa,9.5,11.5,6.9,Very High,0,0.0,0.0,0.0
Nigeria,NGA,Africa,10.5,11.5,6.9,Very High,0,0.0,0.0,0.0
Nigeria,NGA,Africa,11.5,11.5,6.9,Very High,0,0.0,0.0,0.0
Nigeria,NGA,Africa,12.5,11.5,6.9,Very High,0,0.0,0.0,0.0
Niger,NER,Africa,13.5,11.5,7.4,Very High,0,0.0,0.0,0.0
Niger,NER,Africa,14.5,11.5,7.4,Very High,0,0.0,0.0,0.0
Niger,NER,Africa,15.5,11.5,7.4,Very High,0,0.0,0.0,0.0
Niger,NER,Africa,16.5,11.5,7.4,Very High,0,0.0,0.0,0.0
Niger,NER,Africa,17.5,11.5,7.4,Very High,0,0.0,0.0,0.0
Niger,NER,Africa,18.5,11.5,7.4,Very High,0,0.0,0.0,0.0
Niger,NER,Africa,19.5,11.5,7.4,Very High,0,0.0,0.0,0.0
Niger,NER,Africa,20.5,11.5,7.4,Very High,0,0.0,0.0,0.0
Niger,NER,Africa,21.5,11.5,7.4,Very High,0,0.0,0.0,0.0
Niger,NER,Africa,22.5,11.5,7.4,Very High,0,0.0,0.0,0.0
Algeria,DZA,Africa,23.5,11.5,3.4,Low,0,0.0,0.0,0.0
Libya,LBY,Africa,24.5,11.5,4.7,Medium,0,0.0,0.0,0.0
Libya,LBY,Africa,25.5,11.5,4.7,Medium,0,0.0,0.0,0.0
Libya,LBY,Africa,26.5,11.5,4.7,Medium,0,0.0,0.0,0.0
Libya,LBY,Africa,27.5,11.5,4.7,Medium,0,0.0,0.0,0.0
Libya,LBY,Africa,28.5,11.5,4.7,Medium,0,0.0,0.0,0.0
Libya,LBY,Africa,29.5,11.5,4.7,Medium,0,0.0,0.0,0.0
Libya,LBY,Africa,30.5,11.5,4.7,Medium,0,0.0,0.0,0.0
Libya,LBY,Africa,31.5,11.5,4.7,Medium,0,0.0,0.0,0.0
Libya,LBY,Africa,32.5,11.5,4.7,Medium,0,0.0,0.0,0.0
Italy,ITA,Europe,42.5,11.5,3.0,Low,1,4.5,4.5,10.0
Italy,ITA,Europe,43.5,11.5,3.0,Low,6,4.6167,4.7,7.5667
Italy,ITA,Europe,44.5,11.5,3.0,Low,26,4.8231,6.0,9.5654
Italy,ITA,Europe,45.5,11.5,3.0,Low,2,4.75,4.9,8.2
Italy,ITA,Europe,46.5,11.5,3.0,Low,1,4.7,4.7,10.0
Austria,AUT,Europe,47.5,11.5,2.4,Low,0,0.0,0.0,0.0
Germany,DEU,Europe,48.5,11.5,2.6,Low,0,0.0,0.0,0.0
Germany,DEU,Europe,49.5,11.5,2.6,Low,0,0.0,0.0,0.0
Germany,DEU,Europe,50.5,11.5,2.6,Low,0,0.0,0.0,0.0
Germany,DEU,Europe,51.5,11.5,2.6,Low,0,0.0,0.0,0.0
Germany,DEU,Europe,52.5,11.5,2.6,Low,0,0.0,0.0,0.0
Germany,DEU,Europe,53.5,11.5,2.6,Low,0,0.0,0.0,0.0
Denmark,DNK,Europe,55.5,11.5,1.3,Very Low,0,0.0,0.0,0.0
Sweden,SWE,Europe,58.5,11.5,1.9,Very Low,0,0.0,0.0,0.0
Namibia,NAM,Africa,-18.5,12.5,4.2,Medium,0,0.0,0.0,0.0
Namibia,NAM,Africa,-17.5,12.5,4.2,Medium,0,0.0,0.0,0.0
Angola,AGO,Africa,-16.5,12.5,5.3,High,0,0.0,0.0,0.0
Angola,AGO,Africa,-15.5,12.5,5.3,High,0,0.0,0.0,0.0
Angola,AGO,Africa,-14.5,12.5,5.3,High,0,0.0,0.0,0.0
Angola,AGO,Africa,-6.5,12.5,5.3,High,0,0.0,0.0,0.0
Congo DR,COD,Africa,-5.5,12.5,7.7,Very High,0,0.0,0.0,0.0
Congo,COG,Africa,-4.5,12.5,4.7,Medium,0,0.0,0.0,0.0
Congo,COG,Africa,-3.5,12.5,4.7,Medium,0,0.0,0.0,0.0
Congo,COG,Africa,-2.5,12.5,4.7,Medium,0,0.0,0.0,0.0
Gabon,GAB,Africa,-1.5,12.5,3.6,Medium,0,0.0,0.0,0.0
Gabon,GAB,Africa,-0.5,12.5,3.6,Medium,0,0.0,0.0,0.0
Gabon,GAB,Africa,0.5,12.5,3.6,Medium,0,0.0,0.0,0.0
Gabon,GAB,Africa,1.5,12.5,3.6,Medium,0,0.0,0.0,0.0
Cameroon,CMR,Africa,2.5,12.5,6.6,Very High,0,0.0,0.0,0.0
Cameroon,CMR,Africa,3.5,12.5,6.6,Very High,0,0.0,0.0,0.0
Cameroon,CMR,Africa,4.5,12.5,6.6,Very High,0,0.0,0.0,0.0
Cameroon,CMR,Africa,5.5,12.5,6.6,Very High,0,0.0,0.0,0.0
Cameroon,CMR,Africa,6.5,12.5,6.6,Very High,0,0.0,0.0,0.0
Cameroon,CMR,Africa,7.5,12.5,6.6,Very High,0,0.0,0.0,0.0
Cameroon,CMR,Africa,8.5,12.5,6.6,Very High,0,0.0,0.0,0.0
Nigeria,NGA,Africa,9.5,12.5,6.9,Very High,0,0.0,0.0,0.0
Nigeria,NGA,Africa,10.5,12.5,6.9,Very High,0,0.0,0.0,0.0
Nigeria,NGA,Africa,11.5,12.5,6.9,Very High,0,0.0,0.0,0.0
Nigeria,NGA,Africa,12.5,12.5,6.9,Very High,0,0.0,0.0,0.0
Niger,NER,Africa,13.5,12.5,7.4,Very High,0,0.0,0.0,0.0
Niger,NER,Africa,14.5,12.5,7.4,Very High,0,0.0,0.0,0.0
Niger,NER,Africa,15.5,12.5,7.4,Very High,0,0.0,0.0,0.0
Niger,NER,Africa,16.5,12.5,7.4,Very High,0,0.0,0.0,0.0
Niger,NER,Africa,17.5,12.5,7.4,Very High,0,0.0,0.0,0.0
Niger,NER,Africa,18.5,12.5,7.4,Very High,0,0.0,0.0,0.0
Niger,NER,Africa,19.5,12.5,7.4,Very High,0,0.0,0.0,0.0
Niger,NER,Africa,20.5,12.5,7.4,Very High,0,0.0,0.0,0.0
Niger,NER,Africa,21.5,12.5,7.4,Very High,0,0.0,0.0,0.0
Niger,NER,Africa,22.5,12.5,7.4,Very High,0,0.0,0.0,0.0
Libya,LBY,Africa,23.5,12.5,4.7,Medium,0,0.0,0.0,0.0
Libya,LBY,Africa,24.5,12.5,4.7,Medium,0,0.0,0.0,0.0
Libya,LBY,Africa,25.5,12.5,4.7,Medium,0,0.0,0.0,0.0
Libya,LBY,Africa,26.5,12.5,4.7,Medium,0,0.0,0.0,0.0
Libya,LBY,Africa,27.5,12.5,4.7,Medium,0,0.0,0.0,0.0
Libya,LBY,Africa,28.5,12.5,4.7,Medium,0,0.0,0.0,0.0
Libya,LBY,Africa,29.5,12.5,4.7,Medium,0,0.0,0.0,0.0
Libya,LBY,Africa,30.5,12.5,4.7,Medium,0,0.0,0.0,0.0
Libya,LBY,Africa,31.5,12.5,4.7,Medium,0,0.0,0.0,0.0
Libya,LBY,Africa,32.5,12.5,4.7,Medium,1,4.7,4.7,10.0
Italy,ITA,Europe,41.5,12.5,3.0,Low,2,4.75,4.8,10.0
Italy,ITA,Europe,42.5,12.5,3.0,Low,2,4.65,4.7,10.0
Italy,ITA,Europe,43.5,12.5,3.0,Low,5,4.6,4.8,14.1
Italy,ITA,Europe,45.5,12.5,3.0,Low,0,0.0,0.0,0.0
Italy,ITA,Europe,46.5,12.5,3.0,Low,1,4.5,4.5,7.0
Austria,AUT,Europe,47.5,12.5,2.4,Low,0,0.0,0.0,0.0
Germany,DEU,Europe,48.5,12.5,2.6,Low,0,0.0,0.0,0.0
Germany,DEU,Europe,49.5,12.5,2.6,Low,0,0.0,0.0,0.0
Germany,DEU,Europe,50.5,12.5,2.6,Low,0,0.0,0.0,0.0
Germany,DEU,Europe,51.5,12.5,2.6,Low,0,0.0,0.0,0.0
Germany,DEU,Europe,52.5,12.5,2.6,Low,0,0.0,0.0,0.0
Germany,DEU,Europe,53.5,12.5,2.6,Low,0,0.0,0.0,0.0
Denmark,DNK,Europe,55.5,12.5,1.3,Very Low,0,0.0,0.0,0.0
Sweden,SWE,Europe,56.5,12.5,1.9,Very Low,0,0.0,0.0,0.0
Sweden,SWE,Europe,57.5,12.5,1.9,Very Low,0,0.0,0.0,0.0
Sweden,SWE,Europe,58.5,12.5,1.9,Very Low,0,0.0,0.0,0.0
Sweden,SWE,Europe,59.5,12.5,1.9,Very Low,0,0.0,0.0,0.0
Sweden,SWE,Europe,60.5,12.5,1.9,Very Low,0,0.0,0.0,0.0
Sweden,SWE,Europe,61.5,12.5,1.9,Very Low,0,0.0,0.0,0.0
Sweden,SWE,Europe,62.5,12.5,1.9,Very Low,0,0.0,0.0,0.0
Sweden,SWE,Europe,63.5,12.5,1.9,Very Low,0,0.0,0.0,0.0
Namibia,NAM,Africa,-20.5,13.5,4.2,Medium,0,0.0,0.0,0.0
Namibia,NAM,Africa,-19.5,13.5,4.2,Medium,0,0.0,0.0,0.0
Namibia,NAM,Africa,-18.5,13.5,4.2,Medium,0,0.0,0.0,0.0
Namibia,NAM,Africa,-17.5,13.5,4.2,Medium,0,0.0,0.0,0.0
Angola,AGO,Africa,-16.5,13.5,5.3,High,0,0.0,0.0,0.0
Angola,AGO,Africa,-15.5,13.5,5.3,High,0,0.0,0.0,0.0
Angola,AGO,Africa,-14.5,13.5,5.3,High,0,0.0,0.0,0.0
Angola,AGO,Africa,-13.5,13.5,5.3,High,0,0.0,0.0,0.0
Angola,AGO,Africa,-12.5,13.5,5.3,High,0,0.0,0.0,0.0
Angola,AGO,Africa,-10.5,13.5,5.3,High,0,0.0,0.0,0.0
Angola,AGO,Africa,-9.5,13.5,5.3,High,0,0.0,0.0,0.0
Angola,AGO,Africa,-8.5,13.5,5.3,High,0,0.0,0.0,0.0
Angola,AGO,Africa,-7.5,13.5,5.3,High,0,0.0,0.0,0.0
Angola,AGO,Africa,-6.5,13.5,5.3,High,0,0.0,0.0,0.0
Congo DR,COD,Africa,-5.5,13.5,7.7,Very High,0,0.0,0.0,0.0
Congo,COG,Africa,-4.5,13.5,4.7,Medium,0,0.0,0.0,0.0
Congo,COG,Africa,-3.5,13.5,4.7,Medium,0,0.0,0.0,0.0
Congo,COG,Africa,-2.5,13.5,4.7,Medium,0,0.0,0.0,0.0
Gabon,GAB,Africa,-1.5,13.5,3.6,Medium,0,0.0,0.0,0.0
Gabon,GAB,Africa,-0.5,13.5,3.6,Medium,0,0.0,0.0,0.0
Gabon,GAB,Africa,0.5,13.5,3.6,Medium,0,0.0,0.0,0.0
Congo,COG,Africa,1.5,13.5,4.7,Medium,0,0.0,0.0,0.0
Cameroon,CMR,Africa,2.5,13.5,6.6,Very High,0,0.0,0.0,0.0
Cameroon,CMR,Africa,3.5,13.5,6.6,Very High,0,0.0,0.0,0.0
Cameroon,CMR,Africa,4.5,13.5,6.6,Very High,0,0.0,0.0,0.0
Cameroon,CMR,Africa,5.5,13.5,6.6,Very High,0,0.0,0.0,0.0
Cameroon,CMR,Africa,6.5,13.5,6.6,Very High,0,0.0,0.0,0.0
Cameroon,CMR,Africa,7.5,13.5,6.6,Very High,0,0.0,0.0,0.0
Cameroon,CMR,Africa,8.5,13.5,6.6,Very High,0,0.0,0.0,0.0
Cameroon,CMR,Africa,9.5,13.5,6.6,Very High,0,0.0,0.0,0.0
Cameroon,CMR,Africa,10.5,13.5,6.6,Very High,0,0.0,0.0,0.0
Nigeria,NGA,Africa,11.5,13.5,6.9,Very High,0,0.0,0.0,0.0
Nigeria,NGA,Africa,12.5,13.5,6.9,Very High,0,0.0,0.0,0.0
Niger,NER,Africa,13.5,13.5,7.4,Very High,0,0.0,0.0,0.0
Niger,NER,Africa,14.5,13.5,7.4,Very High,0,0.0,0.0,0.0
Niger,NER,Africa,15.5,13.5,7.4,Very High,0,0.0,0.0,0.0
Niger,NER,Africa,16.5,13.5,7.4,Very High,0,0.0,0.0,0.0
Niger,NER,Africa,17.5,13.5,7.4,Very High,0,0.0,0.0,0.0
Niger,NER,Africa,18.5,13.5,7.4,Very High,0,0.0,0.0,0.0
Niger,NER,Africa,19.5,13.5,7.4,Very High,0,0.0,0.0,0.0
Niger,NER,Africa,20.5,13.5,7.4,Very High,0,0.0,0.0,0.0
Niger,NER,Africa,21.5,13.5,7.4,Very High,0,0.0,0.0,0.0
Niger,NER,Africa,22.5,13.5,7.4,Very High,0,0.0,0.0,0.0
Libya,LBY,Africa,23.5,13.5,4.7,Medium,0,0.0,0.0,0.0
Libya,LBY,Africa,24.5,13.5,4.7,Medium,0,0.0,0.0,0.0
Libya,LBY,Africa,25.5,13.5,4.7,Medium,0,0.0,0.0,0.0
Libya,LBY,Africa,26.5,13.5,4.7,Medium,0,0.0,0.0,0.0
Libya,LBY,Africa,27.5,13.5,4.7,Medium,0,0.0,0.0,0.0
Libya,LBY,Africa,28.5,13.5,4.7,Medium,0,0.0,0.0,0.0
Libya,LBY,Africa,29.5,13.5,4.7,Medium,0,0.0,0.0,0.0
Libya,LBY,Africa,30.5,13.5,4.7,Medium,0,0.0,0.0,0.0
Libya,LBY,Africa,31.5,13.5,4.7,Medium,0,0.0,0.0,0.0
Libya,LBY,Africa,32.5,13.5,4.7,Medium,0,0.0,0.0,0.0
Italy,ITA,Europe,37.5,13.5,3.0,Low,1,4.9,4.9,10.0
Italy,ITA,Europe,41.5,13.5,3.0,Low,3,4.6667,4.8,9.7333
Italy,ITA,Europe,42.5,13.5,3.0,Low,31,5.1258,6.6,8.4974
Italy,ITA,Europe,43.5,13.5,3.0,Low,7,4.9286,5.6,9.4857
Italy,ITA,Europe,46.5,13.5,3.0,Low,2,4.95,5.2,8.85
Austria,AUT,Europe,47.5,13.5,2.4,Low,0,0.0,0.0,0.0
Austria,AUT,Europe,48.5,13.5,2.4,Low,0,0.0,0.0,0.0
Czech Republic,CZE,Europe,49.5,13.5,1.8,Very Low,0,0.0,0.0,0.0
Czech Republic,CZE,Europe,50.5,13.5,1.8,Very Low,0,0.0,0.0,0.0
Germany,DEU,Europe,51.5,13.5,2.6,Low,0,0.0,0.0,0.0
Germany,DEU,Europe,52.5,13.5,2.6,Low,0,0.0,0.0,0.0
Germany,DEU,Europe,53.5,13.5,2.6,Low,0,0.0,0.0,0.0
Sweden,SWE,Europe,55.5,13.5,1.9,Very Low,0,0.0,0.0,0.0
Sweden,SWE,Europe,56.5,13.5,1.9,Very Low,0,0.0,0.0,0.0
Sweden,SWE,Europe,57.5,13.5,1.9,Very Low,0,0.0,0.0,0.0
Sweden,SWE,Europe,58.5,13.5,1.9,Very Low,0,0.0,0.0,0.0
Sweden,SWE,Europe,59.5,13.5,1.9,Very Low,0,0.0,0.0,0.0
Sweden,SWE,Europe,60.5,13.5,1.9,Very Low,0,0.0,0.0,0.0
Sweden,SWE,Europe,61.5,13.5,1.9,Very Low,0,0.0,0.0,0.0
Sweden,SWE,Europe,62.5,13.5,1.9,Very Low,0,0.0,0.0,0.0
Sweden,SWE,Europe,63.5,13.5,1.9,Very Low,0,0.0,0.0,0.0
Namibia,NAM,Africa,-23.5,14.5,4.2,Medium,0,0.0,0.0,0.0
Namibia,NAM,Africa,-22.5,14.5,4.2,Medium,0,0.0,0.0,0.0
Namibia,NAM,Africa,-21.5,14.5,4.2,Medium,0,0.0,0.0,0.0
Namibia,NAM,Africa,-20.5,14.5,4.2,Medium,5,4.86,5.1,10.464
Namibia,NAM,Africa,-19.5,14.5,4.2,Medium,6,4.9167,5.4,9.5417
Namibia,NAM,Africa,-18.5,14.5,4.2,Medium,0,0.0,0.0,0.0
Namibia,NAM,Africa,-17.5,14.5,4.2,Medium,0,0.0,0.0,0.0
Angola,AGO,Africa,-16.5,14.5,5.3,High,0,0.0,0.0,0.0
Angola,AGO,Africa,-15.5,14.5,5.3,High,0,0.0,0.0,0.0
Angola,AGO,Africa,-14.5,14.5,5.3,High,0,0.0,0.0,0.0
Angola,AGO,Africa,-13.5,14.5,5.3,High,1,4.8,4.8,38.2
Angola,AGO,Africa,-12.5,14.5,5.3,High,0,0.0,0.0,0.0
Angola,AGO,Africa,-11.5,14.5,5.3,High,0,0.0,0.0,0.0
Angola,AGO,Africa,-10.5,14.5,5.3,High,0,0.0,0.0,0.0
Angola,AGO,Africa,-9.5,14.5,5.3,High,0,0.0,0.0,0.0
Angola,AGO,Africa,-8.5,14.5,5.3,High,0,0.0,0.0,0.0
Angola,AGO,Africa,-7.5,14.5,5.3,High,0,0.0,0.0,0.0
Angola,AGO,Africa,-6.5,14.5,5.3,High,0,0.0,0.0,0.0
Congo DR,COD,Africa,-5.5,14.5,7.7,Very High,0,0.0,0.0,0.0
Congo,COG,Africa,-4.5,14.5,4.7,Medium,0,0.0,0.0,0.0
Congo,COG,Africa,-3.5,14.5,4.7,Medium,0,0.0,0.0,0.0
Congo,COG,Africa,-2.5,14.5,4.7,Medium,0,0.0,0.0,0.0
Congo,COG,Africa,-1.5,14.5,4.7,Medium,0,0.0,0.0,0.0
Congo,COG,Africa,-0.5,14.5,4.7,Medium,0,0.0,0.0,0.0
Congo,COG,Africa,0.5,14.5,4.7,Medium,0,0.0,0.0,0.0
Congo,COG,Africa,1.5,14.5,4.7,Medium,0,0.0,0.0,0.0
Cameroon,CMR,Africa,2.5,14.5,6.6,Very High,0,0.0,0.0,0.0
Cameroon,CMR,Africa,3.5,14.5,6.6,Very High,0,0.0,0.0,0.0
Cameroon,CMR,Africa,4.5,14.5,6.6,Very High,0,0.0,0.0,0.0
Central African Republic,CAF,Africa,5.5,14.5,7.7,Very High,0,0.0,0.0,0.0
Cameroon,CMR,Africa,6.5,14.5,6.6,Very High,0,0.0,0.0,0.0
Cameroon,CMR,Africa,7.5,14.5,6.6,Very High,0,0.0,0.0,0.0
Cameroon,CMR,Africa,8.5,14.5,6.6,Very High,0,0.0,0.0,0.0
Chad,TCD,Africa,9.5,14.5,7.8,Very High,0,0.0,0.0,0.0
Cameroon,CMR,Africa,10.5,14.5,6.6,Very High,0,0.0,0.0,0.0
Cameroon,CMR,Africa,11.5,14.5,6.6,Very High,0,0.0,0.0,0.0
Cameroon,CMR,Africa,12.5,14.5,6.6,Very High,0,0.0,0.0,0.0
Chad,TCD,Africa,13.5,14.5,7.8,Very High,0,0.0,0.0,0.0
Chad,TCD,Africa,14.5,14.5,7.8,Very High,0,0.0,0.0,0.0
Chad,TCD,Africa,15.5,14.5,7.8,Very High,0,0.0,0.0,0.0
Niger,NER,Africa,16.5,14.5,7.4,Very High,0,0.0,0.0,0.0
Niger,NER,Africa,17.5,14.5,7.4,Very High,0,0.0,0.0,0.0
Niger,NER,Africa,18.5,14.5,7.4,Very High,0,0.0,0.0,0.0
Niger,NER,Africa,19.5,14.5,7.4,Very High,0,0.0,0.0,0.0
Niger,NER,Africa,20.5,14.5,7.4,Very High,0,0.0,0.0,0.0
Niger,NER,Africa,21.5,14.5,7.4,Very High,0,0.0,0.0,0.0
Niger,NER,Africa,22.5,14.5,7.4,Very High,0,0.0,0.0,0.0
Libya,LBY,Africa,23.5,14.5,4.7,Medium,0,0.0,0.0,0.0
Libya,LBY,Africa,24.5,14.5,4.7,Medium,0,0.0,0.0,0.0
Libya,LBY,Africa,25.5,14.5,4.7,Medium,0,0.0,0.0,0.0
Libya,LBY,Africa,26.5,14.5,4.7,Medium,0,0.0,0.0,0.0
Libya,LBY,Africa,27.5,14.5,4.7,Medium,0,0.0,0.0,0.0
Libya,LBY,Africa,28.5,14.5,4.7,Medium,0,0.0,0.0,0.0
Libya,LBY,Africa,29.5,14.5,4.7,Medium,0,0.0,0.0,0.0
Libya,LBY,Africa,30.5,14.5,4.7,Medium,0,0.0,0.0,0.0
Libya,LBY,Africa,31.5,14.5,4.7,Medium,0,0.0,0.0,0.0
Libya,LBY,Africa,32.5,14.5,4.7,Medium,0,0.0,0.0,0.0
Italy,ITA,Europe,37.5,14.5,3.0,Low,2,4.55,4.6,10.05
Italy,ITA,Europe,41.5,14.5,3.0,Low,12,4.875,5.9,9.1802
Croatia,HRV,Europe,45.5,14.5,2.5,Low,3,4.6667,4.9,8.2
Austria,AUT,Europe,46.5,14.5,2.4,Low,0,0.0,0.0,0.0
Austria,AUT,Europe,47.5,14.5,2.4,Low,1,4.7,4.7,10.0
Austria,AUT,Europe,48.5,14.5,2.4,Low,0,0.0,0.0,0.0
Czech Republic,CZE,Europe,49.5,14.5,1.8,Very Low,0,0.0,0.0,0.0
Czech Republic,CZE,Europe,50.5,14.5,1.8,Very Low,0,0.0,0.0,0.0
Germany,DEU,Europe,51.5,14.5,2.6,Low,0,0.0,0.0,0.0
Poland,POL,Europe,52.5,14.5,2.5,Low,0,0.0,0.0,0.0
Poland,POL,Europe,53.5,14.5,2.5,Low,0,0.0,0.0,0.0
Sweden,SWE,Europe,56.5,14.5,1.9,Very Low,0,0.0,0.0,0.0
Sweden,SWE,Europe,57.5,14.5,1.9,Very Low,0,0.0,0.0,0.0
Sweden,SWE,Europe,58.5,14.5,1.9,Very Low,0,0.0,0.0,0.0
Sweden,SWE,Europe,59.5,14.5,1.9,Very Low,0,0.0,0.0,0.0
Sweden,SWE,Europe,60.5,14.5,1.9,Very Low,0,0.0,0.0,0.0
Sweden,SWE,Europe,61.5,14.5,1.9,Very Low,1,4.6,4.6,15.84
Sweden,SWE,Europe,62.5,14.5,1.9,Very Low,0,0.0,0.0,0.0
Sweden,SWE,Europe,63.5,14.5,1.9,Very Low,0,0.0,0.0,0.0
Sweden,SWE,Europe,64.5,14.5,1.9,Very Low,0,0.0,0.0,0.0
Sweden,SWE,Europe,65.5,14.5,1.9,Very Low,0,0.0,0.0,0.0
Namibia,NAM,Africa,-27.5,15.5,4.2,Medium,0,0.0,0.0,0.0
Namibia,NAM,Africa,-26.5,15.5,4.2,Medium,0,0.0,0.0,0.0
Namibia,NAM,Africa,-25.5,15.5,4.2,Medium,0,0.0,0.0,0.0
Namibia,NAM,Africa,-24.5,15.5,4.2,Medium,0,0.0,0.0,0.0
Namibia,NAM,Africa,-23.5,15.5,4.2,Medium,0,0.0,0.0,0.0
Namibia,NAM,Africa,-22.5,15.5,4.2,Medium,0,0.0,0.0,0.0
Namibia,NAM,Africa,-21.5,15.5,4.2,Medium,0,0.0,0.0,0.0
Namibia,NAM,Africa,-20.5,15.5,4.2,Medium,0,0.0,0.0,0.0
Namibia,NAM,Africa,-19.5,15.5,4.2,Medium,0,0.0,0.0,0.0
Namibia,NAM,Africa,-18.5,15.5,4.2,Medium,0,0.0,0.0,0.0
Namibia,NAM,Africa,-17.5,15.5,4.2,Medium,0,0.0,0.0,0.0
Angola,AGO,Africa,-16.5,15.5,5.3,High,0,0.0,0.0,0.0
Angola,AGO,Africa,-15.5,15.5,5.3,High,0,0.0,0.0,0.0
Angola,AGO,Africa,-14.5,15.5,5.3,High,0,0.0,0.0,0.0
Angola,AGO,Africa,-13.5,15.5,5.3,High,0,0.0,0.0,0.0
Angola,AGO,Africa,-12.5,15.5,5.3,High,0,0.0,0.0,0.0
Angola,AGO,Africa,-11.5,15.5,5.3,High,0,0.0,0.0,0.0
Angola,AGO,Africa,-10.5,15.5,5.3,High,0,0.0,0.0,0.0
Angola,AGO,Africa,-9.5,15.5,5.3,High,0,0.0,0.0,0.0
Angola,AGO,Africa,-8.5,15.5,5.3,High,0,0.0,0.0,0.0
Angola,AGO,Africa,-7.5,15.5,5.3,High,0,0.0,0.0,0.0
Angola,AGO,Africa,-6.5,15.5,5.3,High,0,0.0,0.0,0.0
Congo DR,COD,Africa,-5.5,15.5,7.7,Very High,0,0.0,0.0,0.0
Congo DR,COD,Africa,-4.5,15.5,7.7,Very High,0,0.0,0.0,0.0
Congo,COG,Africa,-3.5,15.5,4.7,Medium,0,0.0,0.0,0.0
Congo,COG,Africa,-2.5,15.5,4.7,Medium,0,0.0,0.0,0.0
Congo,COG,Africa,-1.5,15.5,4.7,Medium,0,0.0,0.0,0.0
Congo,COG,Africa,-0.5,15.5,4.7,Medium,0,0.0,0.0,0.0
Congo,COG,Africa,0.5,15.5,4.7,Medium,0,0.0,0.0,0.0
Congo,COG,Africa,1.5,15.5,4.7,Medium,0,0.0,0.0,0.0
Cameroon,CMR,Africa,2.5,15.5,6.6,Very High,0,0.0,0.0,0.0
Central African Republic,CAF,Africa,3.5,15.5,7.7,Very High,0,0.0,0.0,0.0
Central African Republic,CAF,Africa,4.5,15.5,7.7,Very High,0,0.0,0.0,0.0
Central African Republic,CAF,Africa,5.5,15.5,7.7,Very High,0,0.0,0.0,0.0
Central African Republic,CAF,Africa,6.5,15.5,7.7,Very High,0,0.0,0.0,0.0
Chad,TCD,Africa,7.5,15.5,7.8,Very High,0,0.0,0.0,0.0
Chad,TCD,Africa,8.5,15.5,7.8,Very High,0,0.0,0.0,0.0
Chad,TCD,Africa,9.5,15.5,7.8,Very High,0,0.0,0.0,0.0
Chad,TCD,Africa,10.5,15.5,7.8,Very High,0,0.0,0.0,0.0
Chad,TCD,Africa,11.5,15.5,7.8,Very High,0,0.0,0.0,0.0
Chad,TCD,Africa,12.5,15.5,7.8,Very High,0,0.0,0.0,0.0
Chad,TCD,Africa,13.5,15.5,7.8,Very High,0,0.0,0.0,0.0
Chad,TCD,Africa,14.5,15.5,7.8,Very High,0,0.0,0.0,0.0
Chad,TCD,Africa,15.5,15.5,7.8,Very High,0,0.0,0.0,0.0
Chad,TCD,Africa,16.5,15.5,7.8,Very High,0,0.0,0.0,0.0
Chad,TCD,Africa,17.5,15.5,7.8,Very High,0,0.0,0.0,0.0
Chad,TCD,Africa,18.5,15.5,7.8,Very High,0,0.0,0.0,0.0
Niger,NER,Africa,19.5,15.5,7.4,Very High,0,0.0,0.0,0.0
Niger,NER,Africa,20.5,15.5,7.4,Very High,0,0.0,0.0,0.0
Chad,TCD,Africa,21.5,15.5,7.8,Very High,0,0.0,0.0,0.0
Chad,TCD,Africa,22.5,15.5,7.8,Very High,0,0.0,0.0,0.0
Libya,LBY,Africa,23.5,15.5,4.7,Medium,0,0.0,0.0,0.0
Libya,LBY,Africa,24.5,15.5,4.7,Medium,0,0.0,0.0,0.0
Libya,LBY,Africa,25.5,15.5,4.7,Medium,0,0.0,0.0,0.0
Libya,LBY,Africa,26.5,15.5,4.7,Medium,0,0.0,0.0,0.0
Libya,LBY,Africa,27.5,15.5,4.7,Medium,0,0.0,0.0,0.0
Libya,LBY,Africa,28.5,15.5,4.7,Medium,0,0.0,0.0,0.0
Libya,LBY,Africa,29.5,15.5,4.7,Medium,0,0.0,0.0,0.0
Libya,LBY,Africa,30.5,15.5,4.7,Medium,0,0.0,0.0,0.0
Libya,LBY,Africa,31.5,15.5,4.7,Medium,0,0.0,0.0,0.0
Italy,ITA,Europe,40.5,15.5,3.0,Low,1,4.7,4.7,256.3
Italy,ITA,Europe,41.5,15.5,3.0,Low,1,4.7,4.7,31.2
Croatia,HRV,Europe,44.5,15.5,2.5,Low,1,4.6,4.6,10.0
Croatia,HRV,Europe,45.5,15.5,2.5,Low,2,4.95,5.3,10.0
Slovenia,SVN,Europe,46.5,15.5,2.5,Low,0,0.0,0.0,0.0
Austria,AUT,Europe,47.5,15.5,2.4,Low,0,0.0,0.0,0.0
Austria,AUT,Europe,48.5,15.5,2.4,Low,0,0.0,0.0,0.0
Czech Republic,CZE,Europe,49.5,15.5,1.8,Very Low,0,0.0,0.0,0.0
Czech Republic,CZE,Europe,50.5,15.5,1.8,Very Low,0,0.0,0.0,0.0
Poland,POL,Europe,51.5,15.5,2.5,Low,4,4.725,4.9,5.0
Poland,POL,Europe,52.5,15.5,2.5,Low,0,0.0,0.0,0.0
Poland,POL,Europe,53.5,15.5,2.5,Low,0,0.0,0.0,0.0
Sweden,SWE,Europe,56.5,15.5,1.9,Very Low,0,0.0,0.0,0.0
Sweden,SWE,Europe,57.5,15.5,1.9,Very Low,0,0.0,0.0,0.0
Sweden,SWE,Europe,58.5,15.5,1.9,Very Low,0,0.0,0.0,0.0
Sweden,SWE,Europe,59.5,15.5,1.9,Very Low,0,0.0,0.0,0.0
Sweden,SWE,Europe,60.5,15.5,1.9,Very Low,0,0.0,0.0,0.0
Sweden,SWE,Europe,61.5,15.5,1.9,Very Low,0,0.0,0.0,0.0
Sweden,SWE,Europe,62.5,15.5,1.9,Very Low,0,0.0,0.0,0.0
Sweden,SWE,Europe,63.5,15.5,1.9,Very Low,0,0.0,0.0,0.0
Sweden,SWE,Europe,64.5,15.5,1.9,Very Low,0,0.0,0.0,0.0
Sweden,SWE,Europe,65.5,15.5,1.9,Very Low,0,0.0,0.0,0.0
Sweden,SWE,Europe,66.5,15.5,1.9,Very Low,0,0.0,0.0,0.0
South Africa,ZAF,Africa,-28.5,16.5,4.2,Medium,0,0.0,0.0,0.0
Namibia,NAM,Africa,-27.5,16.5,4.2,Medium,0,0.0,0.0,0.0
Namibia,NAM,Africa,-26.5,16.5,4.2,Medium,0,0.0,0.0,0.0
Namibia,NAM,Africa,-25.5,16.5,4.2,Medium,0,0.0,0.0,0.0
Namibia,NAM,Africa,-24.5,16.5,4.2,Medium,0,0.0,0.0,0.0
Namibia,NAM,Africa,-23.5,16.5,4.2,Medium,0,0.0,0.0,0.0
Namibia,NAM,Africa,-22.5,16.5,4.2,Medium,0,0.0,0.0,0.0
Namibia,NAM,Africa,-21.5,16.5,4.2,Medium,1,4.8,4.8,10.0
Namibia,NAM,Africa,-20.5,16.5,4.2,Medium,0,0.0,0.0,0.0
Namibia,NAM,Africa,-19.5,16.5,4.2,Medium,0,0.0,0.0,0.0
Namibia,NAM,Africa,-18.5,16.5,4.2,Medium,0,0.0,0.0,0.0
Namibia,NAM,Africa,-17.5,16.5,4.2,Medium,0,0.0,0.0,0.0
Angola,AGO,Africa,-16.5,16.5,5.3,High,0,0.0,0.0,0.0
Angola,AGO,Africa,-15.5,16.5,5.3,High,0,0.0,0.0,0.0
Angola,AGO,Africa,-14.5,16.5,5.3,High,0,0.0,0.0,0.0
Angola,AGO,Africa,-13.5,16.5,5.3,High,0,0.0,0.0,0.0
Angola,AGO,Africa,-12.5,16.5,5.3,High,0,0.0,0.0,0.0
Angola,AGO,Africa,-11.5,16.5,5.3,High,0,0.0,0.0,0.0
Angola,AGO,Africa,-10.5,16.5,5.3,High,0,0.0,0.0,0.0
Angola,AGO,Africa,-9.5,16.5,5.3,High,0,0.0,0.0,0.0
Angola,AGO,Africa,-8.5,16.5,5.3,High,0,0.0,0.0,0.0
Angola,AGO,Africa,-7.5,16.5,5.3,High,0,0.0,0.0,0.0
Angola,AGO,Africa,-6.5,16.5,5.3,High,0,0.0,0.0,0.0
Congo DR,COD,Africa,-5.5,16.5,7.7,Very High,0,0.0,0.0,0.0
Congo DR,COD,Africa,-4.5,16.5,7.7,Very High,0,0.0,0.0,0.0
Congo DR,COD,Africa,-3.5,16.5,7.7,Very High,0,0.0,0.0,0.0
Congo DR,COD,Africa,-2.5,16.5,7.7,Very High,0,0.0,0.0,0.0
Congo,COG,Africa,-1.5,16.5,4.7,Medium,0,0.0,0.0,0.0
Congo,COG,Africa,-0.5,16.5,4.7,Medium,0,0.0,0.0,0.0
Congo,COG,Africa,0.5,16.5,4.7,Medium,0,0.0,0.0,0.0
Congo,COG,Africa,1.5,16.5,4.7,Medium,0,0.0,0.0,0.0
Congo,COG,Africa,2.5,16.5,4.7,Medium,0,0.0,0.0,0.0
Central African Republic,CAF,Africa,3.5,16.5,7.7,Very High,0,0.0,0.0,0.0
Central African Republic,CAF,Africa,4.5,16.5,7.7,Very High,0,0.0,0.0,0.0
Central African Republic,CAF,Africa,5.5,16.5,7.7,Very High,0,0.0,0.0,0.0
Central African Republic,CAF,Africa,6.5,16.5,7.7,Very High,0,0.0,0.0,0.0
Central African Republic,CAF,Africa,7.5,16.5,7.7,Very High,0,0.0,0.0,0.0
Chad,TCD,Africa,8.5,16.5,7.8,Very High,0,0.0,0.0,0.0
Chad,TCD,Africa,9.5,16.5,7.8,Very High,0,0.0,0.0,0.0
Chad,TCD,Africa,10.5,16.5,7.8,Very High,0,0.0,0.0,0.0
Chad,TCD,Africa,11.5,16.5,7.8,Very High,0,0.0,0.0,0.0
Chad,TCD,Africa,12.5,16.5,7.8,Very High,0,0.0,0.0,0.0
Chad,TCD,Africa,13.5,16.5,7.8,Very High,0,0.0,0.0,0.0
Chad,TCD,Africa,14.5,16.5,7.8,Very High,0,0.0,0.0,0.0
Chad,TCD,Africa,15.5,16.5,7.8,Very High,0,0.0,0.0,0.0
Chad,TCD,Africa,16.5,16.5,7.8,Very High,0,0.0,0.0,0.0
Chad,TCD,Africa,17.5,16.5,7.8,Very High,0,0.0,0.0,0.0
Chad,TCD,Africa,18.5,16.5,7.8,Very High,0,0.0,0.0,0.0
Chad,TCD,Africa,19.5,16.5,7.8,Very High,0,0.0,0.0,0.0
Chad,TCD,Africa,20.5,16.5,7.8,Very High,0,0.0,0.0,0.0
Chad,TCD,Africa,21.5,16.5,7.8,Very High,0,0.0,0.0,0.0
Chad,TCD,Africa,22.5,16.5,7.8,Very High,0,0.0,0.0,0.0
Libya,LBY,Africa,23.5,16.5,4.7,Medium,0,0.0,0.0,0.0
Libya,LBY,Africa,24.5,16.5,4.7,Medium,0,0.0,0.0,0.0
Libya,LBY,Africa,25.5,16.5,4.7,Medium,0,0.0,0.0,0.0
Libya,LBY,Africa,26.5,16.5,4.7,Medium,0,0.0,0.0,0.0
Libya,LBY,Africa,27.5,16.5,4.7,Medium,0,0.0,0.0,0.0
Libya,LBY,Africa,28.5,16.5,4.7,Medium,0,0.0,0.0,0.0
Libya,LBY,Africa,29.5,16.5,4.7,Medium,0,0.0,0.0,0.0
Libya,LBY,Africa,30.5,16.5,4.7,Medium,0,0.0,0.0,0.0
Italy,ITA,Europe,39.5,16.5,3.0,Low,5,4.92,5.3,7.02
Italy,ITA,Europe,40.5,16.5,3.0,Low,0,0.0,0.0,0.0
Croatia,HRV,Europe,43.5,16.5,2.5,Low,5,4.7,4.9,11.984
Bosnia and Herzegovina,BIH,Europe,44.5,16.5,3.3,Low,0,0.0,0.0,0.0
Croatia,HRV,Europe,45.5,16.5,2.5,Low,7,4.9429,6.4,10.0
Slovenia,SVN,Europe,46.5,16.5,2.5,Low,0,0.0,0.0,0.0
Austria,AUT,Europe,47.5,16.5,2.4,Low,2,5.05,5.1,10.0
Austria,AUT,Europe,48.5,16.5,2.4,Low,1,5.3,5.3,10.0
Czech Republic,CZE,Europe,49.5,16.5,1.8,Very Low,0,0.0,0.0,0.0
Poland,POL,Europe,50.5,16.5,2.5,Low,0,0.0,0.0,0.0
Poland,POL,Europe,51.5,16.5,2.5,Low,35,4.6629,5.0,5.1807
Poland,POL,Europe,52.5,16.5,2.5,Low,0,0.0,0.0,0.0
Poland,POL,Europe,53.5,16.5,2.5,Low,0,0.0,0.0,0.0
Poland,POL,Europe,54.5,16.5,2.5,Low,0,0.0,0.0,0.0
Sweden,SWE,Europe,57.5,16.5,1.9,Very Low,0,0.0,0.0,0.0
Sweden,SWE,Europe,58.5,16.5,1.9,Very Low,0,0.0,0.0,0.0
Sweden,SWE,Europe,59.5,16.5,1.9,Very Low,0,0.0,0.0,0.0
Sweden,SWE,Europe,60.5,16.5,1.9,Very Low,0,0.0,0.0,0.0
Sweden,SWE,Europe,61.5,16.5,1.9,Very Low,0,0.0,0.0,0.0
Sweden,SWE,Europe,62.5,16.5,1.9,Very Low,0,0.0,0.0,0.0
Sweden,SWE,Europe,63.5,16.5,1.9,Very Low,0,0.0,0.0,0.0
Sweden,SWE,Europe,64.5,16.5,1.9,Very Low,0,0.0,0.0,0.0
Sweden,SWE,Europe,65.5,16.5,1.9,Very Low,0,0.0,0.0,0.0
Sweden,SWE,Europe,66.5,16.5,1.9,Very Low,0,0.0,0.0,0.0
Sweden,SWE,Europe,67.5,16.5,1.9,Very Low,0,0.0,0.0,0.0
South Africa,ZAF,Africa,-30.5,17.5,4.2,Medium,0,0.0,0.0,0.0
South Africa,ZAF,Africa,-29.5,17.5,4.2,Medium,0,0.0,0.0,0.0
Namibia,NAM,Africa,-28.5,17.5,4.2,Medium,0,0.0,0.0,0.0
Namibia,NAM,Africa,-27.5,17.5,4.2,Medium,0,0.0,0.0,0.0
Namibia,NAM,Africa,-26.5,17.5,4.2,Medium,0,0.0,0.0,0.0
Namibia,NAM,Africa,-25.5,17.5,4.2,Medium,0,0.0,0.0,0.0
Namibia,NAM,Africa,-24.5,17.5,4.2,Medium,0,0.0,0.0,0.0
Namibia,NAM,Africa,-23.5,17.5,4.2,Medium,0,0.0,0.0,0.0
Namibia,NAM,Africa,-22.5,17.5,4.2,Medium,0,0.0,0.0,0.0
Namibia,NAM,Africa,-21.5,17.5,4.2,Medium,0,0.0,0.0,0.0
Namibia,NAM,Africa,-20.5,17.5,4.2,Medium,0,0.0,0.0,0.0
Namibia,NAM,Africa,-19.5,17.5,4.2,Medium,0,0.0,0.0,0.0
Namibia,NAM,Africa,-18.5,17.5,4.2,Medium,0,0.0,0.0,0.0
Namibia,NAM,Africa,-17.5,17.5,4.2,Medium,0,0.0,0.0,0.0
Angola,AGO,Africa,-16.5,17.5,5.3,High,0,0.0,0.0,0.0
Angola,AGO,Africa,-15.5,17.5,5.3,High,0,0.0,0.0,0.0
Angola,AGO,Africa,-14.5,17.5,5.3,High,0,0.0,0.0,0.0
Angola,AGO,Africa,-13.5,17.5,5.3,High,0,0.0,0.0,0.0
Angola,AGO,Africa,-12.5,17.5,5.3,High,0,0.0,0.0,0.0
Angola,AGO,Africa,-11.5,17.5,5.3,High,0,0.0,0.0,0.0
Angola,AGO,Africa,-10.5,17.5,5.3,High,0,0.0,0.0,0.0
Angola,AGO,Africa,-9.5,17.5,5.3,High,0,0.0,0.0,0.0
Angola,AGO,Africa,-8.5,17.5,5.3,High,0,0.0,0.0,0.0
Congo DR,COD,Africa,-7.5,17.5,7.7,Very High,0,0.0,0.0,0.0
Congo DR,COD,Africa,-6.5,17.5,7.7,Very High,0,0.0,0.0,0.0
Congo DR,COD,Africa,-5.5,17.5,7.7,Very High,0,0.0,0.0,0.0
Congo DR,COD,Africa,-4.5,17.5,7.7,Very High,0,0.0,0.0,0.0
Congo DR,COD,Africa,-3.5,17.5,7.7,Very High,0,0.0,0.0,0.0
Congo DR,COD,Africa,-2.5,17.5,7.7,Very High,0,0.0,0.0,0.0
Congo DR,COD,Africa,-1.5,17.5,7.7,Very High,0,0.0,0.0,0.0
Congo,COG,Africa,-0.5,17.5,4.7,Medium,0,0.0,0.0,0.0
Congo,COG,Africa,0.5,17.5,4.7,Medium,1,4.6,4.6,10.0
Congo,COG,Africa,1.5,17.5,4.7,Medium,0,0.0,0.0,0.0
Congo,COG,Africa,2.5,17.5,4.7,Medium,0,0.0,0.0,0.0
Congo,COG,Africa,3.5,17.5,4.7,Medium,0,0.0,0.0,0.0
Central African Republic,CAF,Africa,4.5,17.5,7.7,Very High,2,4.6,4.7,10.0
Central African Republic,CAF,Africa,5.5,17.5,7.7,Very High,0,0.0,0.0,0.0
Central African Republic,CAF,Africa,6.5,17.5,7.7,Very High,0,0.0,0.0,0.0
Central African Republic,CAF,Africa,7.5,17.5,7.7,Very High,0,0.0,0.0,0.0
Chad,TCD,Africa,8.5,17.5,7.8,Very High,0,0.0,0.0,0.0
Chad,TCD,Africa,9.5,17.5,7.8,Very High,0,0.0,0.0,0.0
Chad,TCD,Africa,10.5,17.5,7.8,Very High,0,0.0,0.0,0.0
Chad,TCD,Africa,11.5,17.5,7.8,Very High,0,0.0,0.0,0.0
Chad,TCD,Africa,12.5,17.5,7.8,Very High,0,0.0,0.0,0.0
Chad,TCD,Africa,13.5,17.5,7.8,Very High,0,0.0,0.0,0.0
Chad,TCD,Africa,14.5,17.5,7.8,Very High,0,0.0,0.0,0.0
Chad,TCD,Africa,15.5,17.5,7.8,Very High,0,0.0,0.0,0.0
Chad,TCD,Africa,16.5,17.5,7.8,Very High,0,0.0,0.0,0.0
Chad,TCD,Africa,17.5,17.5,7.8,Very High,0,0.0,0.0,0.0
Chad,TCD,Africa,18.5,17.5,7.8,Very High,0,0.0,0.0,0.0
Chad,TCD,Africa,19.5,17.5,7.8,Very High,0,0.0,0.0,0.0
Chad,TCD,Africa,20.5,17.5,7.8,Very High,0,0.0,0.0,0.0
Chad,TCD,Africa,21.5,17.5,7.8,Very High,0,0.0,0.0,0.0
Chad,TCD,Africa,22.5,17.5,7.8,Very High,0,0.0,0.0,0.0
Libya,LBY,Africa,23.5,17.5,4.7,Medium,0,0.0,0.0,0.0
Libya,LBY,Africa,24.5,17.5,4.7,Medium,0,0.0,0.0,0.0
Libya,LBY,Africa,25.5,17.5,4.7,Medium,0,0.0,0.0,0.0
Libya,LBY,Africa,26.5,17.5,4.7,Medium,0,0.0,0.0,0.0
Libya,LBY,Africa,27.5,17.5,4.7,Medium,0,0.0,0.0,0.0
Libya,LBY,Africa,28.5,17.5,4.7,Medium,0,0.0,0.0,0.0
Libya,LBY,Africa,29.5,17.5,4.7,Medium,0,0.0,0.0,0.0
Libya,LBY,Africa,30.5,17.5,4.7,Medium,0,0.0,0.0,0.0
Italy,ITA,Europe,40.5,17.5,3.0,Low,0,0.0,0.0,0.0
Bosnia and Herzegovina,BIH,Europe,43.5,17.5,3.3,Low,6,4.7833,5.3,10.65
Bosnia and Herzegovina,BIH,Europe,44.5,17.5,3.3,Low,3,4.6333,4.7,10.0797
Croatia,HRV,Europe,45.5,17.5,2.5,Low,0,0.0,0.0,0.0
Hungary,HUN,Europe,46.5,17.5,2.3,Low,1,4.5,4.5,10.0
Hungary,HUN,Europe,47.5,17.5,2.3,Low,0,0.0,0.0,0.0
Slovakia,SVK,Europe,48.5,17.5,2.8,Low,0,0.0,0.0,0.0
Czech Republic,CZE,Europe,49.5,17.5,1.8,Very Low,0,0.0,0.0,0.0
Poland,POL,Europe,50.5,17.5,2.5,Low,0,0.0,0.0,0.0
Poland,POL,Europe,51.5,17.5,2.5,Low,0,0.0,0.0,0.0
Poland,POL,Europe,52.5,17.5,2.5,Low,0,0.0,0.0,0.0
Poland,POL,Europe,53.5,17.5,2.5,Low,0,0.0,0.0,0.0
Poland,POL,Europe,54.5,17.5,2.5,Low,0,0.0,0.0,0.0
Sweden,SWE,Europe,59.5,17.5,1.9,Very Low,0,0.0,0.0,0.0
Sweden,SWE,Europe,60.5,17.5,1.9,Very Low,0,0.0,0.0,0.0
Sweden,SWE,Europe,62.5,17.5,1.9,Very Low,0,0.0,0.0,0.0
Sweden,SWE,Europe,63.5,17.5,1.9,Very Low,0,0.0,0.0,0.0
Sweden,SWE,Europe,64.5,17.5,1.9,Very Low,0,0.0,0.0,0.0
Sweden,SWE,Europe,65.5,17.5,1.9,Very Low,0,0.0,0.0,0.0
Sweden,SWE,Europe,66.5,17.5,1.9,Very Low,0,0.0,0.0,0.0
Sweden,SWE,Europe,67.5,17.5,1.9,Very Low,0,0.0,0.0,0.0
South Africa,ZAF,Africa,-33.5,18.5,4.2,Medium,0,0.0,0.0,0.0
South Africa,ZAF,Africa,-32.5,18.5,4.2,Medium,0,0.0,0.0,0.0
South Africa,ZAF,Africa,-31.5,18.5,4.2,Medium,0,0.0,0.0,0.0
South Africa,ZAF,Africa,-30.5,18.5,4.2,Medium,0,0.0,0.0,0.0
South Africa,ZAF,Africa,-29.5,18.5,4.2,Medium,0,0.0,0.0,0.0
Namibia,NAM,Africa,-28.5,18.5,4.2,Medium,0,0.0,0.0,0.0
Namibia,NAM,Africa,-27.5,18.5,4.2,Medium,0,0.0,0.0,0.0
Namibia,NAM,Africa,-26.5,18.5,4.2,Medium,0,0.0,0.0,0.0
Namibia,NAM,Africa,-25.5,18.5,4.2,Medium,0,0.0,0.0,0.0
Namibia,NAM,Africa,-24.5,18.5,4.2,Medium,0,0.0,0.0,0.0
Namibia,NAM,Africa,-23.5,18.5,4.2,Medium,0,0.0,0.0,0.0
Namibia,NAM,Africa,-22.5,18.5,4.2,Medium,0,0.0,0.0,0.0
Namibia,NAM,Africa,-21.5,18.5,4.2,Medium,0,0.0,0.0,0.0
Namibia,NAM,Africa,-20.5,18.5,4.2,Medium,0,0.0,0.0,0.0
Namibia,NAM,Africa,-19.5,18.5,4.2,Medium,0,0.0,0.0,0.0
Namibia,NAM,Africa,-18.5,18.5,4.2,Medium,0,0.0,0.0,0.0
Namibia,NAM,Africa,-17.5,18.5,4.2,Medium,0,0.0,0.0,0.0
Angola,AGO,Africa,-16.5,18.5,5.3,High,0,0.0,0.0,0.0
Angola,AGO,Africa,-15.5,18.5,5.3,High,0,0.0,0.0,0.0
Angola,AGO,Africa,-14.5,18.5,5.3,High,0,0.0,0.0,0.0
Angola,AGO,Africa,-13.5,18.5,5.3,High,0,0.0,0.0,0.0
Angola,AGO,Africa,-12.5,18.5,5.3,High,0,0.0,0.0,0.0
Angola,AGO,Africa,-11.5,18.5,5.3,High,0,0.0,0.0,0.0
Angola,AGO,Africa,-10.5,18.5,5.3,High,0,0.0,0.0,0.0
Angola,AGO,Africa,-9.5,18.5,5.3,High,0,0.0,0.0,0.0
Angola,AGO,Africa,-8.5,18.5,5.3,High,0,0.0,0.0,0.0
Congo DR,COD,Africa,-7.5,18.5,7.7,Very High,0,0.0,0.0,0.0
Congo DR,COD,Africa,-6.5,18.5,7.7,Very High,0,0.0,0.0,0.0
Congo DR,COD,Africa,-5.5,18.5,7.7,Very High,0,0.0,0.0,0.0
Congo DR,COD,Africa,-4.5,18.5,7.7,Very High,0,0.0,0.0,0.0
Congo DR,COD,Africa,-3.5,18.5,7.7,Very High,0,0.0,0.0,0.0
Congo DR,COD,Africa,-2.5,18.5,7.7,Very High,0,0.0,0.0,0.0
Congo DR,COD,Africa,-1.5,18.5,7.7,Very High,0,0.0,0.0,0.0
Congo DR,COD,Africa,-0.5,18.5,7.7,Very High,0,0.0,0.0,0.0
Congo DR,COD,Africa,0.5,18.5,7.7,Very High,0,0.0,0.0,0.0
Congo DR,COD,Africa,1.5,18.5,7.7,Very High,0,0.0,0.0,0.0
Congo DR,COD,Africa,2.5,18.5,7.7,Very High,0,0.0,0.0,0.0
Congo DR,COD,Africa,3.5,18.5,7.7,Very High,0,0.0,0.0,0.0
Central African Republic,CAF,Africa,4.5,18.5,7.7,Very High,0,0.0,0.0,0.0
Central African Republic,CAF,Africa,5.5,18.5,7.7,Very High,0,0.0,0.0,0.0
Central African Republic,CAF,Africa,6.5,18.5,7.7,Very High,0,0.0,0.0,0.0
Central African Republic,CAF,Africa,7.5,18.5,7.7,Very High,0,0.0,0.0,0.0
Chad,TCD,Africa,8.5,18.5,7.8,Very High,0,0.0,0.0,0.0
Chad,TCD,Africa,9.5,18.5,7.8,Very High,0,0.0,0.0,0.0
Chad,TCD,Africa,10.5,18.5,7.8,Very High,0,0.0,0.0,0.0
Chad,TCD,Africa,11.5,18.5,7.8,Very High,0,0.0,0.0,0.0
Chad,TCD,Africa,12.5,18.5,7.8,Very High,0,0.0,0.0,0.0
Chad,TCD,Africa,13.5,18.5,7.8,Very High,0,0.0,0.0,0.0
Chad,TCD,Africa,14.5,18.5,7.8,Very High,0,0.0,0.0,0.0
Chad,TCD,Africa,15.5,18.5,7.8,Very High,0,0.0,0.0,0.0
Chad,TCD,Africa,16.5,18.5,7.8,Very High,0,0.0,0.0,0.0
Chad,TCD,Africa,17.5,18.5,7.8,Very High,0,0.0,0.0,0.0
Chad,TCD,Africa,18.5,18.5,7.8,Very High,0,0.0,0.0,0.0
Chad,TCD,Africa,19.5,18.5,7.8,Very High,0,0.0,0.0,0.0
Chad,TCD,Africa,20.5,18.5,7.8,Very High,0,0.0,0.0,0.0
Chad,TCD,Africa,21.5,18.5,7.8,Very High,0,0.0,0.0,0.0
Libya,LBY,Africa,22.5,18.5,4.7,Medium,0,0.0,0.0,0.0
Libya,LBY,Africa,23.5,18.5,4.7,Medium,0,0.0,0.0,0.0
Libya,LBY,Africa,24.5,18.5,4.7,Medium,0,0.0,0.0,0.0
Libya,LBY,Africa,25.5,18.5,4.7,Medium,0,0.0,0.0,0.0
Libya,LBY,Africa,26.5,18.5,4.7,Medium,0,0.0,0.0,0.0
Libya,LBY,Africa,27.5,18.5,4.7,Medium,0,0.0,0.0,0.0
Libya,LBY,Africa,28.5,18.5,4.7,Medium,0,0.0,0.0,0.0
Libya,LBY,Africa,29.5,18.5,4.7,Medium,0,0.0,0.0,0.0
Libya,LBY,Africa,30.5,18.5,4.7,Medium,0,0.0,0.0,0.0
Montenegro,MNE,Europe,42.5,18.5,2.5,Low,2,4.6,4.6,18.365
Bosnia and Herzegovina,BIH,Europe,43.5,18.5,3.3,Low,4,5.025,5.7,12.35
Bosnia and Herzegovina,BIH,Europe,44.5,18.5,3.3,Low,3,4.6,4.8,9.0867
Croatia,HRV,Europe,45.5,18.5,2.5,Low,0,0.0,0.0,0.0
Hungary,HUN,Europe,46.5,18.5,2.3,Low,0,0.0,0.0,0.0
Hungary,HUN,Europe,47.5,18.5,2.3,Low,0,0.0,0.0,0.0
Slovakia,SVK,Europe,48.5,18.5,2.8,Low,0,0.0,0.0,0.0
Czech Republic,CZE,Europe,49.5,18.5,1.8,Very Low,1,4.6,4.6,10.0
Poland,POL,Europe,50.5,18.5,2.5,Low,0,0.0,0.0,0.0
Poland,POL,Europe,51.5,18.5,2.5,Low,0,0.0,0.0,0.0
Poland,POL,Europe,52.5,18.5,2.5,Low,0,0.0,0.0,0.0
Poland,POL,Europe,53.5,18.5,2.5,Low,0,0.0,0.0,0.0
Poland,POL,Europe,54.5,18.5,2.5,Low,0,0.0,0.0,0.0
Sweden,SWE,Europe,63.5,18.5,1.9,Very Low,0,0.0,0.0,0.0
Sweden,SWE,Europe,64.5,18.5,1.9,Very Low,0,0.0,0.0,0.0
Sweden,SWE,Europe,65.5,18.5,1.9,Very Low,0,0.0,0.0,0.0
Sweden,SWE,Europe,66.5,18.5,1.9,Very Low,0,0.0,0.0,0.0
Sweden,SWE,Europe,67.5,18.5,1.9,Very Low,0,0.0,0.0,0.0
Sweden,SWE,Europe,68.5,18.5,1.9,Very Low,0,0.0,0.0,0.0
South Africa,ZAF,Africa,-34.5,19.5,4.2,Medium,0,0.0,0.0,0.0
South Africa,ZAF,Africa,-33.5,19.5,4.2,Medium,0,0.0,0.0,0.0
South Africa,ZAF,Africa,-32.5,19.5,4.2,Medium,0,0.0,0.0,0.0
South Africa,ZAF,Africa,-31.5,19.5,4.2,Medium,0,0.0,0.0,0.0
South Africa,ZAF,Africa,-30.5,19.5,4.2,Medium,0,0.0,0.0,0.0
South Africa,ZAF,Africa,-29.5,19.5,4.2,Medium,1,4.5,4.5,10.0
Namibia,NAM,Africa,-28.5,19.5,4.2,Medium,0,0.0,0.0,0.0
Namibia,NAM,Africa,-27.5,19.5,4.2,Medium,1,4.6,4.6,10.0
Namibia,NAM,Africa,-26.5,19.5,4.2,Medium,0,0.0,0.0,0.0
Namibia,NAM,Africa,-25.5,19.5,4.2,Medium,0,0.0,0.0,0.0
Namibia,NAM,Africa,-24.5,19.5,4.2,Medium,0,0.0,0.0,0.0
Namibia,NAM,Africa,-23.5,19.5,4.2,Medium,0,0.0,0.0,0.0
Namibia,NAM,Africa,-22.5,19.5,4.2,Medium,0,0.0,0.0,0.0
Namibia,NAM,Africa,-21.5,19.5,4.2,Medium,0,0.0,0.0,0.0
Namibia,NAM,Africa,-20.5,19.5,4.2,Medium,0,0.0,0.0,0.0
Namibia,NAM,Africa,-19.5,19.5,4.2,Medium,0,0.0,0.0,0.0
Namibia,NAM,Africa,-18.5,19.5,4.2,Medium,0,0.0,0.0,0.0
Angola,AGO,Africa,-17.5,19.5,5.3,High,0,0.0,0.0,0.0
Angola,AGO,Africa,-16.5,19.5,5.3,High,0,0.0,0.0,0.0
Angola,AGO,Africa,-15.5,19.5,5.3,High,0,0.0,0.0,0.0
Angola,AGO,Africa,-14.5,19.5,5.3,High,0,0.0,0.0,0.0
Angola,AGO,Africa,-13.5,19.5,5.3,High,0,0.0,0.0,0.0
Angola,AGO,Africa,-12.5,19.5,5.3,High,0,0.0,0.0,0.0
Angola,AGO,Africa,-11.5,19.5,5.3,High,0,0.0,0.0,0.0
Angola,AGO,Africa,-10.5,19.5,5.3,High,0,0.0,0.0,0.0
Angola,AGO,Africa,-9.5,19.5,5.3,High,0,0.0,0.0,0.0
Angola,AGO,Africa,-8.5,19.5,5.3,High,0,0.0,0.0,0.0
Angola,AGO,Africa,-7.5,19.5,5.3,High,0,0.0,0.0,0.0
Congo DR,COD,Africa,-6.5,19.5,7.7,Very High,0,0.0,0.0,0.0
Congo DR,COD,Africa,-5.5,19.5,7.7,Very High,0,0.0,0.0,0.0
Congo DR,COD,Africa,-4.5,19.5,7.7,Very High,0,0.0,0.0,0.0
Congo DR,COD,Africa,-3.5,19.5,7.7,Very High,0,0.0,0.0,0.0
Congo DR,COD,Africa,-2.5,19.5,7.7,Very High,0,0.0,0.0,0.0
Congo DR,COD,Africa,-1.5,19.5,7.7,Very High,0,0.0,0.0,0.0
Congo DR,COD,Africa,-0.5,19.5,7.7,Very High,0,0.0,0.0,0.0
Congo DR,COD,Africa,0.5,19.5,7.7,Very High,0,0.0,0.0,0.0
Congo DR,COD,Africa,1.5,19.5,7.7,Very High,0,0.0,0.0,0.0
Congo DR,COD,Africa,2.5,19.5,7.7,Very High,0,0.0,0.0,0.0
Congo DR,COD,Africa,3.5,19.5,7.7,Very High,0,0.0,0.0,0.0
Congo DR,COD,Africa,4.5,19.5,7.7,Very High,0,0.0,0.0,0.0
Central African Republic,CAF,Africa,5.5,19.5,7.7,Very High,0,0.0,0.0,0.0
Central African Republic,CAF,Africa,6.5,19.5,7.7,Very High,0,0.0,0.0,0.0
Central African Republic,CAF,Africa,7.5,19.5,7.7,Very High,0,0.0,0.0,0.0
Central African Republic,CAF,Africa,8.5,19.5,7.7,Very High,0,0.0,0.0,0.0
Chad,TCD,Africa,9.5,19.5,7.8,Very High,0,0.0,0.0,0.0
Chad,TCD,Africa,10.5,19.5,7.8,Very High,0,0.0,0.0,0.0
Chad,TCD,Africa,11.5,19.5,7.8,Very High,0,0.0,0.0,0.0
Chad,TCD,Africa,12.5,19.5,7.8,Very High,0,0.0,0.0,0.0
Chad,TCD,Africa,13.5,19.5,7.8,Very High,0,0.0,0.0,0.0
Chad,TCD,Africa,14.5,19.5,7.8,Very High,0,0.0,0.0,0.0
Chad,TCD,Africa,15.5,19.5,7.8,Very High,0,0.0,0.0,0.0
Chad,TCD,Africa,16.5,19.5,7.8,Very High,0,0.0,0.0,0.0
Chad,TCD,Africa,17.5,19.5,7.8,Very High,0,0.0,0.0,0.0
Chad,TCD,Africa,18.5,19.5,7.8,Very High,0,0.0,0.0,0.0
Chad,TCD,Africa,19.5,19.5,7.8,Very High,0,0.0,0.0,0.0
Chad,TCD,Africa,20.5,19.5,7.8,Very High,0,0.0,0.0,0.0
Chad,TCD,Africa,21.5,19.5,7.8,Very High,0,0.0,0.0,0.0
Libya,LBY,Africa,22.5,19.5,4.7,Medium,0,0.0,0.0,0.0
Libya,LBY,Africa,23.5,19.5,4.7,Medium,0,0.0,0.0,0.0
Libya,LBY,Africa,24.5,19.5,4.7,Medium,0,0.0,0.0,0.0
Libya,LBY,Africa,25.5,19.5,4.7,Medium,0,0.0,0.0,0.0
Libya,LBY,Africa,26.5,19.5,4.7,Medium,0,0.0,0.0,0.0
Libya,LBY,Africa,27.5,19.5,4.7,Medium,0,0.0,0.0,0.0
Libya,LBY,Africa,28.5,19.5,4.7,Medium,0,0.0,0.0,0.0
Libya,LBY,Africa,29.5,19.5,4.7,Medium,0,0.0,0.0,0.0
Albania,ALB,Europe,40.5,19.5,3.0,Low,16,4.6375,5.0,8.4946
Albania,ALB,Europe,41.5,19.5,3.0,Low,46,4.787,6.4,13.0264
Montenegro,MNE,Europe,42.5,19.5,2.5,Low,5,4.88,5.2,12.216
Serbia,SRB,Europe,43.5,19.5,3.3,Low,2,4.65,4.8,2.3
Serbia,SRB,Europe,44.5,19.5,3.3,Low,0,0.0,0.0,0.0
Serbia,SRB,Europe,45.5,19.5,3.3,Low,0,0.0,0.0,0.0
Hungary,HUN,Europe,46.5,19.5,2.3,Low,0,0.0,0.0,0.0
Hungary,HUN,Europe,47.5,19.5,2.3,Low,0,0.0,0.0,0.0
Slovakia,SVK,Europe,48.5,19.5,2.8,Low,0,0.0,0.0,0.0
Poland,POL,Europe,49.5,19.5,2.5,Low,1,4.8,4.8,5.0
Poland,POL,Europe,50.5,19.5,2.5,Low,0,0.0,0.0,0.0
Poland,POL,Europe,51.5,19.5,2.5,Low,2,4.65,4.8,7.5
Poland,POL,Europe,52.5,19.5,2.5,Low,0,0.0,0.0,0.0
Poland,POL,Europe,53.5,19.5,2.5,Low,0,0.0,0.0,0.0
Sweden,SWE,Europe,63.5,19.5,1.9,Very Low,0,0.0,0.0,0.0
Sweden,SWE,Europe,64.5,19.5,1.9,Very Low,0,0.0,0.0,0.0
Sweden,SWE,Europe,65.5,19.5,1.9,Very Low,0,0.0,0.0,0.0
Sweden,SWE,Europe,66.5,19.5,1.9,Very Low,0,0.0,0.0,0.0
Sweden,SWE,Europe,67.5,19.5,1.9,Very Low,0,0.0,0.0,0.0
South Africa,ZAF,Africa,-34.5,20.5,4.2,Medium,0,0.0,0.0,0.0
South Africa,ZAF,Africa,-33.5,20.5,4.2,Medium,0,0.0,0.0,0.0
South Africa,ZAF,Africa,-32.5,20.5,4.2,Medium,0,0.0,0.0,0.0
South Africa,ZAF,Africa,-31.5,20.5,4.2,Medium,0,0.0,0.0,0.0
South Africa,ZAF,Africa,-30.5,20.5,4.2,Medium,0,0.0,0.0,0.0
South Africa,ZAF,Africa,-29.5,20.5,4.2,Medium,0,0.0,0.0,0.0
South Africa,ZAF,Africa,-28.5,20.5,4.2,Medium,2,4.6,4.6,5.0
South Africa,ZAF,Africa,-27.5,20.5,4.2,Medium,0,0.0,0.0,0.0
South Africa,ZAF,Africa,-26.5,20.5,4.2,Medium,0,0.0,0.0,0.0
South Africa,ZAF,Africa,-25.5,20.5,4.2,Medium,0,0.0,0.0,0.0
Botswana,BWA,Africa,-24.5,20.5,2.9,Low,0,0.0,0.0,0.0
Botswana,BWA,Africa,-23.5,20.5,2.9,Low,0,0.0,0.0,0.0
Botswana,BWA,Africa,-22.5,20.5,2.9,Low,0,0.0,0.0,0.0
Namibia,NAM,Africa,-21.5,20.5,4.2,Medium,0,0.0,0.0,0.0
Namibia,NAM,Africa,-20.5,20.5,4.2,Medium,0,0.0,0.0,0.0
Namibia,NAM,Africa,-19.5,20.5,4.2,Medium,0,0.0,0.0,0.0
Namibia,NAM,Africa,-18.5,20.5,4.2,Medium,0,0.0,0.0,0.0
Angola,AGO,Africa,-17.5,20.5,5.3,High,0,0.0,0.0,0.0
Angola,AGO,Africa,-16.5,20.5,5.3,High,0,0.0,0.0,0.0
Angola,AGO,Africa,-15.5,20.5,5.3,High,0,0.0,0.0,0.0
Angola,AGO,Africa,-14.5,20.5,5.3,High,0,0.0,0.0,0.0
Angola,AGO,Africa,-13.5,20.5,5.3,High,0,0.0,0.0,0.0
Angola,AGO,Africa,-12.5,20.5,5.3,High,0,0.0,0.0,0.0
Angola,AGO,Africa,-11.5,20.5,5.3,High,0,0.0,0.0,0.0
Angola,AGO,Africa,-10.5,20.5,5.3,High,0,0.0,0.0,0.0
Angola,AGO,Africa,-9.5,20.5,5.3,High,0,0.0,0.0,0.0
Angola,AGO,Africa,-8.5,20.5,5.3,High,0,0.0,0.0,0.0
Angola,AGO,Africa,-7.5,20.5,5.3,High,0,0.0,0.0,0.0
Congo DR,COD,Africa,-6.5,20.5,7.7,Very High,0,0.0,0.0,0.0
Congo DR,COD,Africa,-5.5,20.5,7.7,Very High,0,0.0,0.0,0.0
Congo DR,COD,Africa,-4.5,20.5,7.7,Very High,0,0.0,0.0,0.0
Congo DR,COD,Africa,-3.5,20.5,7.7,Very High,0,0.0,0.0,0.0
Congo DR,COD,Africa,-2.5,20.5,7.7,Very High,0,0.0,0.0,0.0
Congo DR,COD,Africa,-1.5,20.5,7.7,Very High,0,0.0,0.0,0.0
Congo DR,COD,Africa,-0.5,20.5,7.7,Very High,0,0.0,0.0,0.0
Congo DR,COD,Africa,0.5,20.5,7.7,Very High,0,0.0,0.0,0.0
Congo DR,COD,Africa,1.5,20.5,7.7,Very High,0,0.0,0.0,0.0
Congo DR,COD,Africa,2.5,20.5,7.7,Very High,0,0.0,0.0,0.0
Congo DR,COD,Africa,3.5,20.5,7.7,Very High,0,0.0,0.0,0.0
Congo DR,COD,Africa,4.5,20.5,7.7,Very High,0,0.0,0.0,0.0
Central African Republic,CAF,Africa,5.5,20.5,7.7,Very High,0,0.0,0.0,0.0
Central African Republic,CAF,Africa,6.5,20.5,7.7,Very High,0,0.0,0.0,0.0
Central African Republic,CAF,Africa,7.5,20.5,7.7,Very High,0,0.0,0.0,0.0
Central African Republic,CAF,Africa,8.5,20.5,7.7,Very High,0,0.0,0.0,0.0
Chad,TCD,Africa,9.5,20.5,7.8,Very High,0,0.0,0.0,0.0
Chad,TCD,Africa,10.5,20.5,7.8,Very High,0,0.0,0.0,0.0
Chad,TCD,Africa,11.5,20.5,7.8,Very High,0,0.0,0.0,0.0
Chad,TCD,Africa,12.5,20.5,7.8,Very High,0,0.0,0.0,0.0
Chad,TCD,Africa,13.5,20.5,7.8,Very High,0,0.0,0.0,0.0
Chad,TCD,Africa,14.5,20.5,7.8,Very High,0,0.0,0.0,0.0
Chad,TCD,Africa,15.5,20.5,7.8,Very High,0,0.0,0.0,0.0
Chad,TCD,Africa,16.5,20.5,7.8,Very High,0,0.0,0.0,0.0
Chad,TCD,Africa,17.5,20.5,7.8,Very High,0,0.0,0.0,0.0
Chad,TCD,Africa,18.5,20.5,7.8,Very High,0,0.0,0.0,0.0
Chad,TCD,Africa,19.5,20.5,7.8,Very High,0,0.0,0.0,0.0
Chad,TCD,Africa,20.5,20.5,7.8,Very High,0,0.0,0.0,0.0
Libya,LBY,Africa,21.5,20.5,4.7,Medium,0,0.0,0.0,0.0
Libya,LBY,Africa,22.5,20.5,4.7,Medium,0,0.0,0.0,0.0
Libya,LBY,Africa,23.5,20.5,4.7,Medium,0,0.0,0.0,0.0
Libya,LBY,Africa,24.5,20.5,4.7,Medium,0,0.0,0.0,0.0
Libya,LBY,Africa,25.5,20.5,4.7,Medium,0,0.0,0.0,0.0
Libya,LBY,Africa,26.5,20.5,4.7,Medium,0,0.0,0.0,0.0
Libya,LBY,Africa,27.5,20.5,4.7,Medium,0,0.0,0.0,0.0
Libya,LBY,Africa,28.5,20.5,4.7,Medium,0,0.0,0.0,0.0
Libya,LBY,Africa,29.5,20.5,4.7,Medium,0,0.0,0.0,0.0
Libya,LBY,Africa,30.5,20.5,4.7,Medium,0,0.0,0.0,0.0
Libya,LBY,Africa,31.5,20.5,4.7,Medium,0,0.0,0.0,0.0
Greece,GRC,Europe,39.5,20.5,2.9,Low,41,4.8244,6.3,13.2639
Albania,ALB,Europe,40.5,20.5,3.0,Low,19,4.8105,5.5,18.5262
North Macedonia,MKD,Europe,41.5,20.5,2.7,Low,20,4.775,5.5,11.801
Serbia,SRB,Europe,43.5,20.5,3.3,Low,1,5.5,5.5,0.9
Serbia,SRB,Europe,44.5,20.5,3.3,Low,1,4.8,4.8,10.0
Serbia,SRB,Europe,45.5,20.5,3.3,Low,0,0.0,0.0,0.0
Hungary,HUN,Europe,46.5,20.5,2.3,Low,0,0.0,0.0,0.0
Hungary,HUN,Europe,47.5,20.5,2.3,Low,0,0.0,0.0,0.0
Hungary,HUN,Europe,48.5,20.5,2.3,Low,0,0.0,0.0,0.0
Poland,POL,Europe,49.5,20.5,2.5,Low,0,0.0,0.0,0.0
Poland,POL,Europe,50.5,20.5,2.5,Low,0,0.0,0.0,0.0
Poland,POL,Europe,51.5,20.5,2.5,Low,0,0.0,0.0,0.0
Poland,POL,Europe,52.5,20.5,2.5,Low,0,0.0,0.0,0.0
Poland,POL,Europe,53.5,20.5,2.5,Low,0,0.0,0.0,0.0
Russian Federation,RUS,Europe,54.5,20.5,4.0,Medium,0,0.0,0.0,0.0
Sweden,SWE,Europe,64.5,20.5,1.9,Very Low,0,0.0,0.0,0.0
Sweden,SWE,Europe,65.5,20.5,1.9,Very Low,0,0.0,0.0,0.0
Sweden,SWE,Europe,66.5,20.5,1.9,Very Low,0,0.0,0.0,0.0
Sweden,SWE,Europe,67.5,20.5,1.9,Very Low,0,0.0,0.0,0.0
Sweden,SWE,Europe,68.5,20.5,1.9,Very Low,0,0.0,0.0,0.0
South Africa,ZAF,Africa,-33.5,21.5,4.2,Medium,0,0.0,0.0,0.0
South Africa,ZAF,Africa,-32.5,21.5,4.2,Medium,0,0.0,0.0,0.0
South Africa,ZAF,Africa,-31.5,21.5,4.2,Medium,0,0.0,0.0,0.0
South Africa,ZAF,Africa,-30.5,21.5,4.2,Medium,0,0.0,0.0,0.0
South Africa,ZAF,Africa,-29.5,21.5,4.2,Medium,0,0.0,0.0,0.0
South Africa,ZAF,Africa,-28.5,21.5,4.2,Medium,0,0.0,0.0,0.0
South Africa,ZAF,Africa,-27.5,21.5,4.2,Medium,0,0.0,0.0,0.0
Botswana,BWA,Africa,-26.5,21.5,2.9,Low,0,0.0,0.0,0.0
Botswana,BWA,Africa,-25.5,21.5,2.9,Low,0,0.0,0.0,0.0
Botswana,BWA,Africa,-24.5,21.5,2.9,Low,0,0.0,0.0,0.0
Botswana,BWA,Africa,-23.5,21.5,2.9,Low,0,0.0,0.0,0.0
Botswana,BWA,Africa,-22.5,21.5,2.9,Low,0,0.0,0.0,0.0
Botswana,BWA,Africa,-21.5,21.5,2.9,Low,0,0.0,0.0,0.0
Botswana,BWA,Africa,-20.5,21.5,2.9,Low,0,0.0,0.0,0.0
Botswana,BWA,Africa,-19.5,21.5,2.9,Low,0,0.0,0.0,0.0
Botswana,BWA,Africa,-18.5,21.5,2.9,Low,0,0.0,0.0,0.0
Angola,AGO,Africa,-17.5,21.5,5.3,High,0,0.0,0.0,0.0
Angola,AGO,Africa,-16.5,21.5,5.3,High,0,0.0,0.0,0.0
Angola,AGO,Africa,-15.5,21.5,5.3,High,0,0.0,0.0,0.0
Angola,AGO,Africa,-14.5,21.5,5.3,High,0,0.0,0.0,0.0
Angola,AGO,Africa,-13.5,21.5,5.3,High,1,4.6,4.6,10.0
Angola,AGO,Africa,-12.5,21.5,5.3,High,0,0.0,0.0,0.0
Angola,AGO,Africa,-11.5,21.5,5.3,High,0,0.0,0.0,0.0
Angola,AGO,Africa,-10.5,21.5,5.3,High,0,0.0,0.0,0.0
Angola,AGO,Africa,-9.5,21.5,5.3,High,0,0.0,0.0,0.0
Angola,AGO,Africa,-8.5,21.5,5.3,High,0,0.0,0.0,0.0
Angola,AGO,Africa,-7.5,21.5,5.3,High,0,0.0,0.0,0.0
Congo DR,COD,Africa,-6.5,21.5,7.7,Very High,0,0.0,0.0,0.0
Congo DR,COD,Africa,-5.5,21.5,7.7,Very High,0,0.0,0.0,0.0
Congo DR,COD,Africa,-4.5,21.5,7.7,Very High,0,0.0,0.0,0.0
Congo DR,COD,Africa,-3.5,21.5,7.7,Very High,0,0.0,0.0,0.0
Congo DR,COD,Africa,-2.5,21.5,7.7,Very High,0,0.0,0.0,0.0
Congo DR,COD,Africa,-1.5,21.5,7.7,Very High,0,0.0,0.0,0.0
Congo DR,COD,Africa,-0.5,21.5,7.7,Very High,0,0.0,0.0,0.0
Congo DR,COD,Africa,0.5,21.5,7.7,Very High,1,4.6,4.6,10.0
Congo DR,COD,Africa,1.5,21.5,7.7,Very High,0,0.0,0.0,0.0
Congo DR,COD,Africa,2.5,21.5,7.7,Very High,0,0.0,0.0,0.0
Congo DR,COD,Africa,3.5,21.5,7.7,Very High,0,0.0,0.0,0.0
Central African Republic,CAF,Africa,4.5,21.5,7.7,Very High,0,0.0,0.0,0.0
Central African Republic,CAF,Africa,5.5,21.5,7.7,Very High,0,0.0,0.0,0.0
Central African Republic,CAF,Africa,6.5,21.5,7.7,Very High,0,0.0,0.0,0.0
Central African Republic,CAF,Africa,7.5,21.5,7.7,Very High,0,0.0,0.0,0.0
Central African Republic,CAF,Africa,8.5,21.5,7.7,Very High,0,0.0,0.0,0.0
Central African Republic,CAF,Africa,9.5,21.5,7.7,Very High,0,0.0,0.0,0.0
Chad,TCD,Africa,10.5,21.5,7.8,Very High,0,0.0,0.0,0.0
Chad,TCD,Africa,11.5,21.5,7.8,Very High,0,0.0,0.0,0.0
Chad,TCD,Africa,12.5,21.5,7.8,Very High,0,0.0,0.0,0.0
Chad,TCD,Africa,13.5,21.5,7.8,Very High,0,0.0,0.0,0.0
Chad,TCD,Africa,14.5,21.5,7.8,Very High,0,0.0,0.0,0.0
Chad,TCD,Africa,15.5,21.5,7.8,Very High,0,0.0,0.0,0.0
Chad,TCD,Africa,16.5,21.5,7.8,Very High,0,0.0,0.0,0.0
Chad,TCD,Africa,17.5,21.5,7.8,Very High,0,0.0,0.0,0.0
Chad,TCD,Africa,18.5,21.5,7.8,Very High,0,0.0,0.0,0.0
Chad,TCD,Africa,19.5,21.5,7.8,Very High,0,0.0,0.0,0.0
Chad,TCD,Africa,20.5,21.5,7.8,Very High,0,0.0,0.0,0.0
Libya,LBY,Africa,21.5,21.5,4.7,Medium,0,0.0,0.0,0.0
Libya,LBY,Africa,22.5,21.5,4.7,Medium,0,0.0,0.0,0.0
Libya,LBY,Africa,23.5,21.5,4.7,Medium,0,0.0,0.0,0.0
Libya,LBY,Africa,24.5,21.5,4.7,Medium,0,0.0,0.0,0.0
Libya,LBY,Africa,25.5,21.5,4.7,Medium,0,0.0,0.0,0.0
Libya,LBY,Africa,26.5,21.5,4.7,Medium,0,0.0,0.0,0.0
Libya,LBY,Africa,27.5,21.5,4.7,Medium,0,0.0,0.0,0.0
Libya,LBY,Africa,28.5,21.5,4.7,Medium,0,0.0,0.0,0.0
Libya,LBY,Africa,29.5,21.5,4.7,Medium,0,0.0,0.0,0.0
Libya,LBY,Africa,30.5,21.5,4.7,Medium,0,0.0,0.0,0.0
Libya,LBY,Africa,31.5,21.5,4.7,Medium,0,0.0,0.0,0.0
Libya,LBY,Africa,32.5,21.5,4.7,Medium,1,4.8,4.8,10.0
Greece,GRC,Europe,37.5,21.5,2.9,Low,45,4.7356,6.4,16.3673
Greece,GRC,Europe,38.5,21.5,2.9,Low,41,4.7122,5.5,12.981
Greece,GRC,Europe,39.5,21.5,2.9,Low,11,4.7727,5.5,12.2391
Greece,GRC,Europe,40.5,21.5,2.9,Low,14,4.7143,5.5,14.6964
North Macedonia,MKD,Europe,41.5,21.5,2.7,Low,2,4.6,4.6,18.64
Serbia,SRB,Europe,43.5,21.5,3.3,Low,1,4.9,4.9,7.9
Serbia,SRB,Europe,44.5,21.5,3.3,Low,2,4.6,4.7,10.0
Romania,ROU,Europe,45.5,21.5,2.9,Low,0,0.0,0.0,0.0
Romania,ROU,Europe,46.5,21.5,2.9,Low,1,4.7,4.7,10.222
Hungary,HUN,Europe,47.5,21.5,2.3,Low,0,0.0,0.0,0.0
Slovakia,SVK,Europe,48.5,21.5,2.8,Low,0,0.0,0.0,0.0
Poland,POL,Europe,49.5,21.5,2.5,Low,1,5.0,5.0,6.462
Poland,POL,Europe,50.5,21.5,2.5,Low,0,0.0,0.0,0.0
Poland,POL,Europe,51.5,21.5,2.5,Low,0,0.0,0.0,0.0
Poland,POL,Europe,52.5,21.5,2.5,Low,0,0.0,0.0,0.0
Poland,POL,Europe,53.5,21.5,2.5,Low,0,0.0,0.0,0.0
Russian Federation,RUS,Europe,54.5,21.5,4.0,Medium,0,0.0,0.0,0.0
Lithuania,LTU,Europe,55.5,21.5,2.1,Low,0,0.0,0.0,0.0
Latvia,LVA,Europe,56.5,21.5,2.5,Low,0,0.0,0.0,0.0
Finland,FIN,Europe,61.5,21.5,1.9,Very Low,0,0.0,0.0,0.0
Finland,FIN,Europe,62.5,21.5,1.9,Very Low,0,0.0,0.0,0.0
Sweden,SWE,Europe,65.5,21.5,1.9,Very Low,0,0.0,0.0,0.0
Sweden,SWE,Europe,66.5,21.5,1.9,Very Low,0,0.0,0.0,0.0
Sweden,SWE,Europe,67.5,21.5,1.9,Very Low,0,0.0,0.0,0.0
Sweden,SWE,Europe,68.5,21.5,1.9,Very Low,0,0.0,0.0,0.0
South Africa,ZAF,Africa,-33.5,22.5,4.2,Medium,1,4.5,4.5,10.0
South Africa,ZAF,Africa,-32.5,22.5,4.2,Medium,0,0.0,0.0,0.0
South Africa,ZAF,Africa,-31.5,22.5,4.2,Medium,0,0.0,0.0,0.0
South Africa,ZAF,Africa,-30.5,22.5,4.2,Medium,0,0.0,0.0,0.0
South Africa,ZAF,Africa,-29.5,22.5,4.2,Medium,0,0.0,0.0,0.0
South Africa,ZAF,Africa,-28.5,22.5,4.2,Medium,0,0.0,0.0,0.0
South Africa,ZAF,Africa,-27.5,22.5,4.2,Medium,0,0.0,0.0,0.0
South Africa,ZAF,Africa,-26.5,22.5,4.2,Medium,0,0.0,0.0,0.0
Botswana,BWA,Africa,-25.5,22.5,2.9,Low,0,0.0,0.0,0.0
Botswana,BWA,Africa,-24.5,22.5,2.9,Low,0,0.0,0.0,0.0
Botswana,BWA,Africa,-23.5,22.5,2.9,Low,0,0.0,0.0,0.0
Botswana,BWA,Africa,-22.5,22.5,2.9,Low,0,0.0,0.0,0.0
Botswana,BWA,Africa,-21.5,22.5,2.9,Low,0,0.0,0.0,0.0
Botswana,BWA,Africa,-20.5,22.5,2.9,Low,0,0.0,0.0,0.0
Botswana,BWA,Africa,-19.5,22.5,2.9,Low,0,0.0,0.0,0.0
Botswana,BWA,Africa,-18.5,22.5,2.9,Low,0,0.0,0.0,0.0
Angola,AGO,Africa,-17.5,22.5,5.3,High,0,0.0,0.0,0.0
Zambia,ZMB,Africa,-16.5,22.5,4.6,Medium,0,0.0,0.0,0.0
Zambia,ZMB,Africa,-15.5,22.5,4.6,Medium,0,0.0,0.0,0.0
Zambia,ZMB,Africa,-14.5,22.5,4.6,Medium,0,0.0,0.0,0.0
Zambia,ZMB,Africa,-13.5,22.5,4.6,Medium,0,0.0,0.0,0.0
Angola,AGO,Africa,-12.5,22.5,5.3,High,0,0.0,0.0,0.0
Angola,AGO,Africa,-11.5,22.5,5.3,High,0,0.0,0.0,0.0
Congo DR,COD,Africa,-10.5,22.5,7.7,Very High,0,0.0,0.0,0.0
Congo DR,COD,Africa,-9.5,22.5,7.7,Very High,0,0.0,0.0,0.0
Congo DR,COD,Africa,-8.5,22.5,7.7,Very High,0,0.0,0.0,0.0
Congo DR,COD,Africa,-7.5,22.5,7.7,Very High,0,0.0,0.0,0.0
Congo DR,COD,Africa,-6.5,22.5,7.7,Very High,1,4.8,4.8,17.8
Congo DR,COD,Africa,-5.5,22.5,7.7,Very High,1,4.8,4.8,10.0
Congo DR,COD,Africa,-4.5,22.5,7.7,Very High,0,0.0,0.0,0.0
Congo DR,COD,Africa,-3.5,22.5,7.7,Very High,0,0.0,0.0,0.0
Congo DR,COD,Africa,-2.5,22.5,7.7,Very High,1,4.5,4.5,10.0
Congo DR,COD,Africa,-1.5,22.5,7.7,Very High,0,0.0,0.0,0.0
Congo DR,COD,Africa,-0.5,22.5,7.7,Very High,0,0.0,0.0,0.0
Congo DR,COD,Africa,0.5,22.5,7.7,Very High,0,0.0,0.0,0.0
Congo DR,COD,Africa,1.5,22.5,7.7,Very High,0,0.0,0.0,0.0
Congo DR,COD,Africa,2.5,22.5,7.7,Very High,0,0.0,0.0,0.0
Congo DR,COD,Africa,3.5,22.5,7.7,Very High,0,0.0,0.0,0.0
Central African Republic,CAF,Africa,4.5,22.5,7.7,Very High,0,0.0,0.0,0.0
Central African Republic,CAF,Africa,5.5,22.5,7.7,Very High,0,0.0,0.0,0.0
Central African Republic,CAF,Africa,6.5,22.5,7.7,Very High,0,0.0,0.0,0.0
Central African Republic,CAF,Africa,7.5,22.5,7.7,Very High,0,0.0,0.0,0.0
Central African Republic,CAF,Africa,8.5,22.5,7.7,Very High,0,0.0,0.0,0.0
Central African Republic,CAF,Africa,9.5,22.5,7.7,Very High,0,0.0,0.0,0.0
Central African Republic,CAF,Africa,10.5,22.5,7.7,Very High,0,0.0,0.0,0.0
Chad,TCD,Africa,11.5,22.5,7.8,Very High,0,0.0,0.0,0.0
Sudan,SDN,Africa,12.5,22.5,7.7,Very High,0,0.0,0.0,0.0
Sudan,SDN,Africa,13.5,22.5,7.7,Very High,0,0.0,0.0,0.0
Sudan,SDN,Africa,14.5,22.5,7.7,Very High,0,0.0,0.0,0.0
Chad,TCD,Africa,15.5,22.5,7.8,Very High,0,0.0,0.0,0.0
Chad,TCD,Africa,16.5,22.5,7.8,Very High,0,0.0,0.0,0.0
Chad,TCD,Africa,17.5,22.5,7.8,Very High,0,0.0,0.0,0.0
Chad,TCD,Africa,18.5,22.5,7.8,Very High,0,0.0,0.0,0.0
Chad,TCD,Africa,19.5,22.5,7.8,Very High,0,0.0,0.0,0.0
Libya,LBY,Africa,20.5,22.5,4.7,Medium,0,0.0,0.0,0.0
Libya,LBY,Africa,21.5,22.5,4.7,Medium,0,0.0,0.0,0.0
Libya,LBY,Africa,22.5,22.5,4.7,Medium,0,0.0,0.0,0.0
Libya,LBY,Africa,23.5,22.5,4.7,Medium,0,0.0,0.0,0.0
Libya,LBY,Africa,24.5,22.5,4.7,Medium,0,0.0,0.0,0.0
Libya,LBY,Africa,25.5,22.5,4.7,Medium,0,0.0,0.0,0.0
Libya,LBY,Africa,26.5,22.5,4.7,Medium,0,0.0,0.0,0.0
Libya,LBY,Africa,27.5,22.5,4.7,Medium,0,0.0,0.0,0.0
Libya,LBY,Africa,28.5,22.5,4.7,Medium,0,0.0,0.0,0.0
Libya,LBY,Africa,29.5,22.5,4.7,Medium,0,0.0,0.0,0.0
Libya,LBY,Africa,30.5,22.5,4.7,Medium,0,0.0,0.0,0.0
Libya,LBY,Africa,31.5,22.5,4.7,Medium,0,0.0,0.0,0.0
Libya,LBY,Africa,32.5,22.5,4.7,Medium,0,0.0,0.0,0.0
Greece,GRC,Europe,36.5,22.5,2.9,Low,21,4.7429,5.7,27.9567
Greece,GRC,Europe,37.5,22.5,2.9,Low,18,4.8167,6.2,28.0921
Greece,GRC,Europe,38.5,22.5,2.9,Low,50,4.762,5.5,15.1813
Greece,GRC,Europe,39.5,22.5,2.9,Low,26,4.8692,6.3,16.5072
Greece,GRC,Europe,40.5,22.5,2.9,Low,5,4.54,4.6,12.6502
North Macedonia,MKD,Europe,41.5,22.5,2.7,Low,5,4.92,5.3,6.828
Serbia,SRB,Europe,42.5,22.5,3.3,Low,3,4.8667,5.6,11.5667
Serbia,SRB,Europe,43.5,22.5,3.3,Low,0,0.0,0.0,0.0
Serbia,SRB,Europe,44.5,22.5,3.3,Low,0,0.0,0.0,0.0
Romania,ROU,Europe,45.5,22.5,2.9,Low,1,4.6,4.6,5.0
Romania,ROU,Europe,46.5,22.5,2.9,Low,0,0.0,0.0,0.0
Romania,ROU,Europe,47.5,22.5,2.9,Low,0,0.0,0.0,0.0
Ukraine,UKR,Europe,48.5,22.5,5.6,High,1,4.8,4.8,10.0
Poland,POL,Europe,49.5,22.5,2.5,Low,0,0.0,0.0,0.0
Poland,POL,Europe,50.5,22.5,2.5,Low,0,0.0,0.0,0.0
Poland,POL,Europe,51.5,22.5,2.5,Low,0,0.0,0.0,0.0
Poland,POL,Europe,52.5,22.5,2.5,Low,0,0.0,0.0,0.0
Poland,POL,Europe,53.5,22.5,2.5,Low,0,0.0,0.0,0.0
Russian Federation,RUS,Europe,54.5,22.5,4.0,Medium,0,0.0,0.0,0.0
Lithuania,LTU,Europe,55.5,22.5,2.1,Low,0,0.0,0.0,0.0
Latvia,LVA,Europe,56.5,22.5,2.5,Low,0,0.0,0.0,0.0
Latvia,LVA,Europe,57.5,22.5,2.5,Low,0,0.0,0.0,0.0
Finland,FIN,Europe,60.5,22.5,1.9,Very Low,0,0.0,0.0,0.0
Finland,FIN,Europe,61.5,22.5,1.9,Very Low,0,0.0,0.0,0.0
Finland,FIN,Europe,62.5,22.5,1.9,Very Low,0,0.0,0.0,0.0
Finland,FIN,Europe,63.5,22.5,1.9,Very Low,0,0.0,0.0,0.0
Sweden,SWE,Europe,66.5,22.5,1.9,Very Low,0,0.0,0.0,0.0
Sweden,SWE,Europe,67.5,22.5,1.9,Very Low,0,0.0,0.0,0.0
Finland,FIN,Europe,68.5,22.5,1.9,Very Low,0,0.0,0.0,0.0
South Africa,ZAF,Africa,-33.5,23.5,4.2,Medium,0,0.0,0.0,0.0
South Africa,ZAF,Africa,-32.5,23.5,4.2,Medium,0,0.0,0.0,0.0
South Africa,ZAF,Africa,-31.5,23.5,4.2,Medium,0,0.0,0.0,0.0
South Africa,ZAF,Africa,-30.5,23.5,4.2,Medium,0,0.0,0.0,0.0
South Africa,ZAF,Africa,-29.5,23.5,4.2,Medium,0,0.0,0.0,0.0
South Africa,ZAF,Africa,-28.5,23.5,4.2,Medium,0,0.0,0.0,0.0
South Africa,ZAF,Africa,-27.5,23.5,4.2,Medium,0,0.0,0.0,0.0
South Africa,ZAF,Africa,-26.5,23.5,4.2,Medium,0,0.0,0.0,0.0
South Africa,ZAF,Africa,-25.5,23.5,4.2,Medium,0,0.0,0.0,0.0
Botswana,BWA,Africa,-24.5,23.5,2.9,Low,0,0.0,0.0,0.0
Botswana,BWA,Africa,-23.5,23.5,2.9,Low,0,0.0,0.0,0.0
Botswana,BWA,Africa,-22.5,23.5,2.9,Low,0,0.0,0.0,0.0
Botswana,BWA,Africa,-21.5,23.5,2.9,Low,0,0.0,0.0,0.0
Botswana,BWA,Africa,-20.5,23.5,2.9,Low,0,0.0,0.0,0.0
Botswana,BWA,Africa,-19.5,23.5,2.9,Low,1,4.6,4.6,10.164
Botswana,BWA,Africa,-18.5,23.5,2.9,Low,0,0.0,0.0,0.0
Namibia,NAM,Africa,-17.5,23.5,4.2,Medium,0,0.0,0.0,0.0
Zambia,ZMB,Africa,-16.5,23.5,4.6,Medium,0,0.0,0.0,0.0
Zambia,ZMB,Africa,-15.5,23.5,4.6,Medium,0,0.0,0.0,0.0
Zambia,ZMB,Africa,-14.5,23.5,4.6,Medium,0,0.0,0.0,0.0
Zambia,ZMB,Africa,-13.5,23.5,4.6,Medium,1,4.6,4.6,10.0
Angola,AGO,Africa,-12.5,23.5,5.3,High,0,0.0,0.0,0.0
Angola,AGO,Africa,-11.5,23.5,5.3,High,0,0.0,0.0,0.0
Congo DR,COD,Africa,-10.5,23.5,7.7,Very High,1,5.1,5.1,10.0
Congo DR,COD,Africa,-9.5,23.5,7.7,Very High,1,5.1,5.1,10.0
Congo DR,COD,Africa,-8.5,23.5,7.7,Very High,0,0.0,0.0,0.0
Congo DR,COD,Africa,-7.5,23.5,7.7,Very High,0,0.0,0.0,0.0
Congo DR,COD,Africa,-6.5,23.5,7.7,Very High,0,0.0,0.0,0.0
Congo DR,COD,Africa,-5.5,23.5,7.7,Very High,0,0.0,0.0,0.0
Congo DR,COD,Africa,-4.5,23.5,7.7,Very High,0,0.0,0.0,0.0
Congo DR,COD,Africa,-3.5,23.5,7.7,Very High,0,0.0,0.0,0.0
Congo DR,COD,Africa,-2.5,23.5,7.7,Very High,2,4.55,4.6,10.0
Congo DR,COD,Africa,-1.5,23.5,7.7,Very High,1,4.5,4.5,10.0
Congo DR,COD,Africa,-0.5,23.5,7.7,Very High,0,0.0,0.0,0.0
Congo DR,COD,Africa,0.5,23.5,7.7,Very High,0,0.0,0.0,0.0
Congo DR,COD,Africa,1.5,23.5,7.7,Very High,0,0.0,0.0,0.0
Congo DR,COD,Africa,2.5,23.5,7.7,Very High,0,0.0,0.0,0.0
Congo DR,COD,Africa,3.5,23.5,7.7,Very High,0,0.0,0.0,0.0
Congo DR,COD,Africa,4.5,23.5,7.7,Very High,0,0.0,0.0,0.0
Central African Republic,CAF,Africa,5.5,23.5,7.7,Very High,0,0.0,0.0,0.0
Central African Republic,CAF,Africa,6.5,23.5,7.7,Very High,0,0.0,0.0,0.0
Central African Republic,CAF,Africa,7.5,23.5,7.7,Very High,0,0.0,0.0,0.0
Central African Republic,CAF,Africa,8.5,23.5,7.7,Very High,0,0.0,0.0,0.0
Sudan,SDN,Africa,9.5,23.5,7.7,Very High,0,0.0,0.0,0.0
Sudan,SDN,Africa,10.5,23.5,7.7,Very High,0,0.0,0.0,0.0
Sudan,SDN,Africa,11.5,23.5,7.7,Very High,0,0.0,0.0,0.0
Sudan,SDN,Africa,12.5,23.5,7.7,Very High,0,0.0,0.0,0.0
Sudan,SDN,Africa,13.5,23.5,7.7,Very High,0,0.0,0.0,0.0
Sudan,SDN,Africa,14.5,23.5,7.7,Very High,0,0.0,0.0,0.0
Sudan,SDN,Africa,15.5,23.5,7.7,Very High,0,0.0,0.0,0.0
Chad,TCD,Africa,16.5,23.5,7.8,Very High,0,0.0,0.0,0.0
Chad,TCD,Africa,17.5,23.5,7.8,Very High,0,0.0,0.0,0.0
Chad,TCD,Africa,18.5,23.5,7.8,Very High,0,0.0,0.0,0.0
Chad,TCD,Africa,19.5,23.5,7.8,Very High,0,0.0,0.0,0.0
Libya,LBY,Africa,20.5,23.5,4.7,Medium,0,0.0,0.0,0.0
Libya,LBY,Africa,21.5,23.5,4.7,Medium,0,0.0,0.0,0.0
Libya,LBY,Africa,22.5,23.5,4.7,Medium,0,0.0,0.0,0.0
Libya,LBY,Africa,23.5,23.5,4.7,Medium,0,0.0,0.0,0.0
Libya,LBY,Africa,24.5,23.5,4.7,Medium,0,0.0,0.0,0.0
Libya,LBY,Africa,25.5,23.5,4.7,Medium,0,0.0,0.0,0.0
Libya,LBY,Africa,26.5,23.5,4.7,Medium,0,0.0,0.0,0.0
Libya,LBY,Africa,27.5,23.5,4.7,Medium,0,0.0,0.0,0.0
Libya,LBY,Africa,28.5,23.5,4.7,Medium,0,0.0,0.0,0.0
Libya,LBY,Africa,29.5,23.5,4.7,Medium,0,0.0,0.0,0.0
Libya,LBY,Africa,30.5,23.5,4.7,Medium,0,0.0,0.0,0.0
Libya,LBY,Africa,31.5,23.5,4.7,Medium,0,0.0,0.0,0.0
Greece,GRC,Europe,38.5,23.5,2.9,Low,19,4.7947,5.4,15.0299
Greece,GRC,Europe,40.5,23.5,2.9,Low,4,4.625,4.9,12.3475
Bulgaria,BGR,Europe,41.5,23.5,2.6,Low,0,0.0,0.0,0.0
Bulgaria,BGR,Europe,42.5,23.5,2.6,Low,3,4.5667,4.6,10.2667
Bulgaria,BGR,Europe,43.5,23.5,2.6,Low,0,0.0,0.0,0.0
Romania,ROU,Europe,44.5,23.5,2.9,Low,0,0.0,0.0,0.0
Romania,ROU,Europe,45.5,23.5,2.9,Low,5,4.9,5.6,9.2
Romania,ROU,Europe,46.5,23.5,2.9,Low,0,0.0,0.0,0.0
Romania,ROU,Europe,47.5,23.5,2.9,Low,0,0.0,0.0,0.0
Ukraine,UKR,Europe,48.5,23.5,5.6,High,1,4.7,4.7,10.0
Ukraine,UKR,Europe,49.5,23.5,5.6,High,0,0.0,0.0,0.0
Poland,POL,Europe,50.5,23.5,2.5,Low,0,0.0,0.0,0.0
Poland,POL,Europe,51.5,23.5,2.5,Low,0,0.0,0.0,0.0
Belarus,BLR,Europe,52.5,23.5,2.5,Low,0,0.0,0.0,0.0
Poland,POL,Europe,53.5,23.5,2.5,Low,0,0.0,0.0,0.0
Lithuania,LTU,Europe,54.5,23.5,2.1,Low,0,0.0,0.0,0.0
Lithuania,LTU,Europe,55.5,23.5,2.1,Low,0,0.0,0.0,0.0
Latvia,LVA,Europe,56.5,23.5,2.5,Low,0,0.0,0.0,0.0
Finland,FIN,Europe,60.5,23.5,1.9,Very Low,0,0.0,0.0,0.0
Finland,FIN,Europe,61.5,23.5,1.9,Very Low,0,0.0,0.0,0.0
Finland,FIN,Europe,62.5,23.5,1.9,Very Low,0,0.0,0.0,0.0
Finland,FIN,Europe,63.5,23.5,1.9,Very Low,0,0.0,0.0,0.0
Sweden,SWE,Europe,66.5,23.5,1.9,Very Low,0,0.0,0.0,0.0
Sweden,SWE,Europe,67.5,23.5,1.9,Very Low,0,0.0,0.0,0.0
Finland,FIN,Europe,68.5,23.5,1.9,Very Low,0,0.0,0.0,0.0
South Africa,ZAF,Africa,-33.5,24.5,4.2,Medium,0,0.0,0.0,0.0
South Africa,ZAF,Africa,-32.5,24.5,4.2,Medium,0,0.0,0.0,0.0
South Africa,ZAF,Africa,-31.5,24.5,4.2,Medium,0,0.0,0.0,0.0
South Africa,ZAF,Africa,-30.5,24.5,4.2,Medium,0,0.0,0.0,0.0
South Africa,ZAF,Africa,-29.5,24.5,4.2,Medium,1,4.7,4.7,5.0
South Africa,ZAF,Africa,-28.5,24.5,4.2,Medium,0,0.0,0.0,0.0
South Africa,ZAF,Africa,-27.5,24.5,4.2,Medium,0,0.0,0.0,0.0
South Africa,ZAF,Africa,-26.5,24.5,4.2,Medium,0,0.0,0.0,0.0
Botswana,BWA,Africa,-25.5,24.5,2.9,Low,0,0.0,0.0,0.0
Botswana,BWA,Africa,-24.5,24.5,2.9,Low,0,0.0,0.0,0.0
Botswana,BWA,Africa,-23.5,24.5,2.9,Low,0,0.0,0.0,0.0
Botswana,BWA,Africa,-22.5,24.5,2.9,Low,0,0.0,0.0,0.0
Botswana,BWA,Africa,-21.5,24.5,2.9,Low,0,0.0,0.0,0.0
Botswana,BWA,Africa,-20.5,24.5,2.9,Low,0,0.0,0.0,0.0
Botswana,BWA,Africa,-19.5,24.5,2.9,Low,0,0.0,0.0,0.0
Botswana,BWA,Africa,-18.5,24.5,2.9,Low,0,0.0,0.0,0.0
Namibia,NAM,Africa,-17.5,24.5,4.2,Medium,0,0.0,0.0,0.0
Zambia,ZMB,Africa,-16.5,24.5,4.6,Medium,0,0.0,0.0,0.0
Zambia,ZMB,Africa,-15.5,24.5,4.6,Medium,0,0.0,0.0,0.0
Zambia,ZMB,Africa,-14.5,24.5,4.6,Medium,0,0.0,0.0,0.0
Zambia,ZMB,Africa,-13.5,24.5,4.6,Medium,0,0.0,0.0,0.0
Zambia,ZMB,Africa,-12.5,24.5,4.6,Medium,1,4.7,4.7,10.0
Zambia,ZMB,Africa,-11.5,24.5,4.6,Medium,1,5.2,5.2,10.0
Congo DR,COD,Africa,-10.5,24.5,7.7,Very High,0,0.0,0.0,0.0
Congo DR,COD,Africa,-9.5,24.5,7.7,Very High,0,0.0,0.0,0.0
Congo DR,COD,Africa,-8.5,24.5,7.7,Very High,0,0.0,0.0,0.0
Congo DR,COD,Africa,-7.5,24.5,7.7,Very High,0,0.0,0.0,0.0
Congo DR,COD,Africa,-6.5,24.5,7.7,Very High,0,0.0,0.0,0.0
Congo DR,COD,Africa,-5.5,24.5,7.7,Very High,0,0.0,0.0,0.0
Congo DR,COD,Africa,-4.5,24.5,7.7,Very High,0,0.0,0.0,0.0
Congo DR,COD,Africa,-3.5,24.5,7.7,Very High,0,0.0,0.0,0.0
Congo DR,COD,Africa,-2.5,24.5,7.7,Very High,0,0.0,0.0,0.0
Congo DR,COD,Africa,-1.5,24.5,7.7,Very High,0,0.0,0.0,0.0
Congo DR,COD,Africa,-0.5,24.5,7.7,Very High,0,0.0,0.0,0.0
Congo DR,COD,Africa,0.5,24.5,7.7,Very High,0,0.0,0.0,0.0
Congo DR,COD,Africa,1.5,24.5,7.7,Very High,0,0.0,0.0,0.0
Congo DR,COD,Africa,2.5,24.5,7.7,Very High,0,0.0,0.0,0.0
Congo DR,COD,Africa,3.5,24.5,7.7,Very High,0,0.0,0.0,0.0
Congo DR,COD,Africa,4.5,24.5,7.7,Very High,0,0.0,0.0,0.0
Central African Republic,CAF,Africa,5.5,24.5,7.7,Very High,0,0.0,0.0,0.0
Central African Republic,CAF,Africa,6.5,24.5,7.7,Very High,0,0.0,0.0,0.0
Central African Republic,CAF,Africa,7.5,24.5,7.7,Very High,0,0.0,0.0,0.0
South Sudan,SSD,Africa,8.5,24.5,8.3,Very High,0,0.0,0.0,0.0
Sudan,SDN,Africa,9.5,24.5,7.7,Very High,0,0.0,0.0,0.0
Sudan,SDN,Africa,10.5,24.5,7.7,Very High,0,0.0,0.0,0.0
Sudan,SDN,Africa,11.5,24.5,7.7,Very High,0,0.0,0.0,0.0
Sudan,SDN,Africa,12.5,24.5,7.7,Very High,0,0.0,0.0,0.0
Sudan,SDN,Africa,13.5,24.5,7.7,Very High,0,0.0,0.0,0.0
Sudan,SDN,Africa,14.5,24.5,7.7,Very High,0,0.0,0.0,0.0
Sudan,SDN,Africa,15.5,24.5,7.7,Very High,0,0.0,0.0,0.0
Sudan,SDN,Africa,16.5,24.5,7.7,Very High,0,0.0,0.0,0.0
Sudan,SDN,Africa,17.5,24.5,7.7,Very High,0,0.0,0.0,0.0
Sudan,SDN,Africa,18.5,24.5,7.7,Very High,0,0.0,0.0,0.0
Sudan,SDN,Africa,19.5,24.5,7.7,Very High,0,0.0,0.0,0.0
Libya,LBY,Africa,20.5,24.5,4.7,Medium,0,0.0,0.0,0.0
Libya,LBY,Africa,21.5,24.5,4.7,Medium,0,0.0,0.0,0.0
Libya,LBY,Africa,22.5,24.5,4.7,Medium,0,0.0,0.0,0.0
Libya,LBY,Africa,23.5,24.5,4.7,Medium,0,0.0,0.0,0.0
Libya,LBY,Africa,24.5,24.5,4.7,Medium,0,0.0,0.0,0.0
Libya,LBY,Africa,25.5,24.5,4.7,Medium,0,0.0,0.0,0.0
Libya,LBY,Africa,26.5,24.5,4.7,Medium,0,0.0,0.0,0.0
Libya,LBY,Africa,27.5,24.5,4.7,Medium,0,0.0,0.0,0.0
Libya,LBY,Africa,28.5,24.5,4.7,Medium,0,0.0,0.0,0.0
Libya,LBY,Africa,29.5,24.5,4.7,Medium,0,0.0,0.0,0.0
Libya,LBY,Africa,30.5,24.5,4.7,Medium,0,0.0,0.0,0.0
Libya,LBY,Africa,31.5,24.5,4.7,Medium,0,0.0,0.0,0.0
Greece,GRC,Europe,41.5,24.5,2.9,Low,0,0.0,0.0,0.0
Bulgaria,BGR,Europe,42.5,24.5,2.6,Low,4,4.575,4.7,14.435
Bulgaria,BGR,Europe,43.5,24.5,2.6,Low,0,0.0,0.0,0.0
Romania,ROU,Europe,44.5,24.5,2.9,Low,0,0.0,0.0,0.0
Romania,ROU,Europe,45.5,24.5,2.9,Low,0,0.0,0.0,0.0
Romania,ROU,Europe,46.5,24.5,2.9,Low,0,0.0,0.0,0.0
Romania,ROU,Europe,47.5,24.5,2.9,Low,0,0.0,0.0,0.0
Ukraine,UKR,Europe,48.5,24.5,5.6,High,0,0.0,0.0,0.0
Ukraine,UKR,Europe,49.5,24.5,5.6,High,0,0.0,0.0,0.0
Ukraine,UKR,Europe,50.5,24.5,5.6,High,0,0.0,0.0,0.0
Ukraine,UKR,Europe,51.5,24.5,5.6,High,0,0.0,0.0,0.0
Belarus,BLR,Europe,52.5,24.5,2.5,Low,0,0.0,0.0,0.0
Belarus,BLR,Europe,53.5,24.5,2.5,Low,0,0.0,0.0,0.0
Lithuania,LTU,Europe,54.5,24.5,2.1,Low,0,0.0,0.0,0.0
Lithuania,LTU,Europe,55.5,24.5,2.1,Low,0,0.0,0.0,0.0
Latvia,LVA,Europe,56.5,24.5,2.5,Low,0,0.0,0.0,0.0
Latvia,LVA,Europe,57.5,24.5,2.5,Low,0,0.0,0.0,0.0
Estonia,EST,Europe,58.5,24.5,1.8,Very Low,0,0.0,0.0,0.0
Finland,FIN,Europe,60.5,24.5,1.9,Very Low,0,0.0,0.0,0.0
Finland,FIN,Europe,61.5,24.5,1.9,Very Low,0,0.0,0.0,0.0
Finland,FIN,Europe,62.5,24.5,1.9,Very Low,0,0.0,0.0,0.0
Finland,FIN,Europe,63.5,24.5,1.9,Very Low,0,0.0,0.0,0.0
Finland,FIN,Europe,64.5,24.5,1.9,Very Low,0,0.0,0.0,0.0
Finland,FIN,Europe,66.5,24.5,1.9,Very Low,0,0.0,0.0,0.0
Finland,FIN,Europe,67.5,24.5,1.9,Very Low,0,0.0,0.0,0.0
Finland,FIN,Europe,68.5,24.5,1.9,Very Low,0,0.0,0.0,0.0
South Africa,ZAF,Africa,-33.5,25.5,4.2,Medium,0,0.0,0.0,0.0
South Africa,ZAF,Africa,-32.5,25.5,4.2,Medium,0,0.0,0.0,0.0
South Africa,ZAF,Africa,-31.5,25.5,4.2,Medium,0,0.0,0.0,0.0
South Africa,ZAF,Africa,-30.5,25.5,4.2,Medium,0,0.0,0.0,0.0
South Africa,ZAF,Africa,-29.5,25.5,4.2,Medium,0,0.0,0.0,0.0
South Africa,ZAF,Africa,-28.5,25.5,4.2,Medium,0,0.0,0.0,0.0
South Africa,ZAF,Africa,-27.5,25.5,4.2,Medium,0,0.0,0.0,0.0
South Africa,ZAF,Africa,-26.5,25.5,4.2,Medium,0,0.0,0.0,0.0
Botswana,BWA,Africa,-25.5,25.5,2.9,Low,0,0.0,0.0,0.0
Botswana,BWA,Africa,-24.5,25.5,2.9,Low,0,0.0,0.0,0.0
Botswana,BWA,Africa,-23.5,25.5,2.9,Low,1,4.9,4.9,10.0
Botswana,BWA,Africa,-22.5,25.5,2.9,Low,9,4.9556,6.5,13.8378
Botswana,BWA,Africa,-21.5,25.5,2.9,Low,0,0.0,0.0,0.0
Botswana,BWA,Africa,-20.5,25.5,2.9,Low,0,0.0,0.0,0.0
Botswana,BWA,Africa,-19.5,25.5,2.9,Low,0,0.0,0.0,0.0
Botswana,BWA,Africa,-18.5,25.5,2.9,Low,0,0.0,0.0,0.0
Zambia,ZMB,Africa,-17.5,25.5,4.6,Medium,0,0.0,0.0,0.0
Zambia,ZMB,Africa,-16.5,25.5,4.6,Medium,0,0.0,0.0,0.0
Zambia,ZMB,Africa,-15.5,25.5,4.6,Medium,1,5.0,5.0,7.4
Zambia,ZMB,Africa,-14.5,25.5,4.6,Medium,1,4.6,4.6,13.98
Zambia,ZMB,Africa,-13.5,25.5,4.6,Medium,0,0.0,0.0,0.0
Zambia,ZMB,Africa,-12.5,25.5,4.6,Medium,1,4.7,4.7,10.0
Zambia,ZMB,Africa,-11.5,25.5,4.6,Medium,0,0.0,0.0,0.0
Congo DR,COD,Africa,-10.5,25.5,7.7,Very High,0,0.0,0.0,0.0
Congo DR,COD,Africa,-9.5,25.5,7.7,Very High,1,4.7,4.7,10.0
Congo DR,COD,Africa,-8.5,25.5,7.7,Very High,0,0.0,0.0,0.0
Congo DR,COD,Africa,-7.5,25.5,7.7,Very High,0,0.0,0.0,0.0
Congo DR,COD,Africa,-6.5,25.5,7.7,Very High,0,0.0,0.0,0.0
Congo DR,COD,Africa,-5.5,25.5,7.7,Very High,0,0.0,0.0,0.0
Congo DR,COD,Africa,-4.5,25.5,7.7,Very High,0,0.0,0.0,0.0
Congo DR,COD,Africa,-3.5,25.5,7.7,Very High,1,4.8,4.8,10.0
Congo DR,COD,Africa,-2.5,25.5,7.7,Very High,0,0.0,0.0,0.0
Congo DR,COD,Africa,-1.5,25.5,7.7,Very High,0,0.0,0.0,0.0
Congo DR,COD,Africa,-0.5,25.5,7.7,Very High,0,0.0,0.0,0.0
Congo DR,COD,Africa,0.5,25.5,7.7,Very High,1,4.9,4.9,10.0
Congo DR,COD,Africa,1.5,25.5,7.7,Very High,1,4.7,4.7,10.0
Congo DR,COD,Africa,2.5,25.5,7.7,Very High,0,0.0,0.0,0.0
Congo DR,COD,Africa,3.5,25.5,7.7,Very High,0,0.0,0.0,0.0
Congo DR,COD,Africa,4.5,25.5,7.7,Very High,0,0.0,0.0,0.0
Central African Republic,CAF,Africa,5.5,25.5,7.7,Very High,0,0.0,0.0,0.0
Central African Republic,CAF,Africa,6.5,25.5,7.7,Very High,0,0.0,0.0,0.0
South Sudan,SSD,Africa,7.5,25.5,8.3,Very High,0,0.0,0.0,0.0
South Sudan,SSD,Africa,8.5,25.5,8.3,Very High,0,0.0,0.0,0.0
South Sudan,SSD,Africa,9.5,25.5,8.3,Very High,0,0.0,0.0,0.0
Sudan,SDN,Africa,10.5,25.5,7.7,Very High,0,0.0,0.0,0.0
Sudan,SDN,Africa,11.5,25.5,7.7,Very High,0,0.0,0.0,0.0
Sudan,SDN,Africa,12.5,25.5,7.7,Very High,0,0.0,0.0,0.0
Sudan,SDN,Africa,13.5,25.5,7.7,Very High,0,0.0,0.0,0.0
Sudan,SDN,Africa,14.5,25.5,7.7,Very High,0,0.0,0.0,0.0
Sudan,SDN,Africa,15.5,25.5,7.7,Very High,0,0.0,0.0,0.0
Sudan,SDN,Africa,16.5,25.5,7.7,Very High,0,0.0,0.0,0.0
Sudan,SDN,Africa,17.5,25.5,7.7,Very High,0,0.0,0.0,0.0
Sudan,SDN,Africa,18.5,25.5,7.7,Very High,0,0.0,0.0,0.0
Sudan,SDN,Africa,19.5,25.5,7.7,Very High,0,0.0,0.0,0.0
Sudan,SDN,Africa,20.5,25.5,7.7,Very High,0,0.0,0.0,0.0
Sudan,SDN,Africa,21.5,25.5,7.7,Very High,0,0.0,0.0,0.0
Egypt,EGY,Africa,22.5,25.5,4.3,Medium,0,0.0,0.0,0.0
Egypt,EGY,Africa,23.5,25.5,4.3,Medium,0,0.0,0.0,0.0
Egypt,EGY,Africa,24.5,25.5,4.3,Medium,0,0.0,0.0,0.0
Egypt,EGY,Africa,25.5,25.5,4.3,Medium,0,0.0,0.0,0.0
Egypt,EGY,Africa,26.5,25.5,4.3,Medium,0,0.0,0.0,0.0
Egypt,EGY,Africa,27.5,25.5,4.3,Medium,0,0.0,0.0,0.0
Egypt,EGY,Africa,28.5,25.5,4.3,Medium,0,0.0,0.0,0.0
Egypt,EGY,Africa,29.5,25.5,4.3,Medium,0,0.0,0.0,0.0
Egypt,EGY,Africa,30.5,25.5,4.3,Medium,0,0.0,0.0,0.0
Egypt,EGY,Africa,31.5,25.5,4.3,Medium,0,0.0,0.0,0.0
Bulgaria,BGR,Europe,41.5,25.5,2.6,Low,1,4.6,4.6,10.0
Bulgaria,BGR,Europe,42.5,25.5,2.6,Low,0,0.0,0.0,0.0
Bulgaria,BGR,Europe,43.5,25.5,2.6,Low,0,0.0,0.0,0.0
Romania,ROU,Europe,44.5,25.5,2.9,Low,0,0.0,0.0,0.0
Romania,ROU,Europe,45.5,25.5,2.9,Low,0,0.0,0.0,0.0
Romania,ROU,Europe,46.5,25.5,2.9,Low,0,0.0,0.0,0.0
Romania,ROU,Europe,47.5,25.5,2.9,Low,0,0.0,0.0,0.0
Ukraine,UKR,Europe,48.5,25.5,5.6,High,1,4.5,4.5,15.84
Ukraine,UKR,Europe,49.5,25.5,5.6,High,0,0.0,0.0,0.0
Ukraine,UKR,Europe,50.5,25.5,5.6,High,0,0.0,0.0,0.0
Ukraine,UKR,Europe,51.5,25.5,5.6,High,0,0.0,0.0,0.0
Belarus,BLR,Europe,52.5,25.5,2.5,Low,0,0.0,0.0,0.0
Belarus,BLR,Europe,53.5,25.5,2.5,Low,0,0.0,0.0,0.0
Lithuania,LTU,Europe,54.5,25.5,2.1,Low,0,0.0,0.0,0.0
Lithuania,LTU,Europe,55.5,25.5,2.1,Low,0,0.0,0.0,0.0
Latvia,LVA,Europe,56.5,25.5,2.5,Low,0,0.0,0.0,0.0
Latvia,LVA,Europe,57.5,25.5,2.5,Low,0,0.0,0.0,0.0
Estonia,EST,Europe,58.5,25.5,1.8,Very Low,0,0.0,0.0,0.0
Estonia,EST,Europe,59.5,25.5,1.8,Very Low,0,0.0,0.0,0.0
Finland,FIN,Europe,60.5,25.5,1.9,Very Low,0,0.0,0.0,0.0
Finland,FIN,Europe,61.5,25.5,1.9,Very Low,0,0.0,0.0,0.0
Finland,FIN,Europe,62.5,25.5,1.9,Very Low,0,0.0,0.0,0.0
Finland,FIN,Europe,63.5,25.5,1.9,Very Low,0,0.0,0.0,0.0
Finland,FIN,Europe,64.5,25.5,1.9,Very Low,0,0.0,0.0,0.0
Finland,FIN,Europe,65.5,25.5,1.9,Very Low,0,0.0,0.0,0.0
Finland,FIN,Europe,66.5,25.5,1.9,Very Low,0,0.0,0.0,0.0
Finland,FIN,Europe,67.5,25.5,1.9,Very Low,0,0.0,0.0,0.0
Finland,FIN,Europe,68.5,25.5,1.9,Very Low,0,0.0,0.0,0.0
South Africa,ZAF,Africa,-33.5,26.5,4.2,Medium,0,0.0,0.0,0.0
South Africa,ZAF,Africa,-32.5,26.5,4.2,Medium,0,0.0,0.0,0.0
South Africa,ZAF,Africa,-31.5,26.5,4.2,Medium,0,0.0,0.0,0.0
South Africa,ZAF,Africa,-30.5,26.5,4.2,Medium,0,0.0,0.0,0.0
South Africa,ZAF,Africa,-29.5,26.5,4.2,Medium,0,0.0,0.0,0.0
South Africa,ZAF,Africa,-28.5,26.5,4.2,Medium,3,4.6667,4.9,6.3833
South Africa,ZAF,Africa,-27.5,26.5,4.2,Medium,12,4.6583,4.9,5.2017
South Africa,ZAF,Africa,-26.5,26.5,4.2,Medium,40,4.71,5.4,5.025
South Africa,ZAF,Africa,-25.5,26.5,4.2,Medium,0,0.0,0.0,0.0
Botswana,BWA,Africa,-24.5,26.5,2.9,Low,0,0.0,0.0,0.0
Botswana,BWA,Africa,-23.5,26.5,2.9,Low,1,4.5,4.5,10.0
Botswana,BWA,Africa,-22.5,26.5,2.9,Low,0,0.0,0.0,0.0
Botswana,BWA,Africa,-21.5,26.5,2.9,Low,0,0.0,0.0,0.0
Botswana,BWA,Africa,-20.5,26.5,2.9,Low,0,0.0,0.0,0.0
Zimbabwe,ZWE,Africa,-19.5,26.5,4.8,Medium,0,0.0,0.0,0.0
Zimbabwe,ZWE,Africa,-18.5,26.5,4.8,Medium,0,0.0,0.0,0.0
Zambia,ZMB,Africa,-17.5,26.5,4.6,Medium,0,0.0,0.0,0.0
Zambia,ZMB,Africa,-16.5,26.5,4.6,Medium,0,0.0,0.0,0.0
Zambia,ZMB,Africa,-15.5,26.5,4.6,Medium,0,0.0,0.0,0.0
Zambia,ZMB,Africa,-14.5,26.5,4.6,Medium,0,0.0,0.0,0.0
Zambia,ZMB,Africa,-13.5,26.5,4.6,Medium,0,0.0,0.0,0.0
Zambia,ZMB,Africa,-12.5,26.5,4.6,Medium,2,4.7,4.7,10.0
Congo DR,COD,Africa,-11.5,26.5,7.7,Very High,0,0.0,0.0,0.0
Congo DR,COD,Africa,-10.5,26.5,7.7,Very High,1,4.5,4.5,10.0
Congo DR,COD,Africa,-9.5,26.5,7.7,Very High,0,0.0,0.0,0.0
Congo DR,COD,Africa,-8.5,26.5,7.7,Very High,2,4.8,4.9,10.0
Congo DR,COD,Africa,-7.5,26.5,7.7,Very High,0,0.0,0.0,0.0
Congo DR,COD,Africa,-6.5,26.5,7.7,Very High,3,4.7667,5.0,10.0
Congo DR,COD,Africa,-5.5,26.5,7.7,Very High,0,0.0,0.0,0.0
Congo DR,COD,Africa,-4.5,26.5,7.7,Very High,0,0.0,0.0,0.0
Congo DR,COD,Africa,-3.5,26.5,7.7,Very High,1,5.2,5.2,10.0
Congo DR,COD,Africa,-2.5,26.5,7.7,Very High,0,0.0,0.0,0.0
Congo DR,COD,Africa,-1.5,26.5,7.7,Very High,6,4.7833,5.3,9.1983
Congo DR,COD,Africa,-0.5,26.5,7.7,Very High,3,4.6333,4.9,10.0
Congo DR,COD,Africa,0.5,26.5,7.7,Very High,0,0.0,0.0,0.0
Congo DR,COD,Africa,1.5,26.5,7.7,Very High,0,0.0,0.0,0.0
Congo DR,COD,Africa,2.5,26.5,7.7,Very High,0,0.0,0.0,0.0
Congo DR,COD,Africa,3.5,26.5,7.7,Very High,0,0.0,0.0,0.0
Congo DR,COD,Africa,4.5,26.5,7.7,Very High,0,0.0,0.0,0.0
Central African Republic,CAF,Africa,5.5,26.5,7.7,Very High,0,0.0,0.0,0.0
South Sudan,SSD,Africa,6.5,26.5,8.3,Very High,0,0.0,0.0,0.0
South Sudan,SSD,Africa,7.5,26.5,8.3,Very High,0,0.0,0.0,0.0
South Sudan,SSD,Africa,8.5,26.5,8.3,Very High,0,0.0,0.0,0.0
South Sudan,SSD,Africa,9.5,26.5,8.3,Very High,0,0.0,0.0,0.0
Sudan,SDN,Africa,10.5,26.5,7.7,Very High,0,0.0,0.0,0.0
Sudan,SDN,Africa,11.5,26.5,7.7,Very High,0,0.0,0.0,0.0
Sudan,SDN,Africa,12.5,26.5,7.7,Very High,0,0.0,0.0,0.0
Sudan,SDN,Africa,13.5,26.5,7.7,Very High,0,0.0,0.0,0.0
Sudan,SDN,Africa,14.5,26.5,7.7,Very High,0,0.0,0.0,0.0
Sudan,SDN,Africa,15.5,26.5,7.7,Very High,0,0.0,0.0,0.0
Sudan,SDN,Africa,16.5,26.5,7.7,Very High,0,0.0,0.0,0.0
Sudan,SDN,Africa,17.5,26.5,7.7,Very High,0,0.0,0.0,0.0
Sudan,SDN,Africa,18.5,26.5,7.7,Very High,0,0.0,0.0,0.0
Sudan,SDN,Africa,19.5,26.5,7.7,Very High,0,0.0,0.0,0.0
Sudan,SDN,Africa,20.5,26.5,7.7,Very High,0,0.0,0.0,0.0
Sudan,SDN,Africa,21.5,26.5,7.7,Very High,0,0.0,0.0,0.0
Egypt,EGY,Africa,22.5,26.5,4.3,Medium,0,0.0,0.0,0.0
Egypt,EGY,Africa,23.5,26.5,4.3,Medium,0,0.0,0.0,0.0
Egypt,EGY,Africa,24.5,26.5,4.3,Medium,0,0.0,0.0,0.0
Egypt,EGY,Africa,25.5,26.5,4.3,Medium,0,0.0,0.0,0.0
Egypt,EGY,Africa,26.5,26.5,4.3,Medium,0,0.0,0.0,0.0
Egypt,EGY,Africa,27.5,26.5,4.3,Medium,0,0.0,0.0,0.0
Egypt,EGY,Africa,28.5,26.5,4.3,Medium,0,0.0,0.0,0.0
Egypt,EGY,Africa,29.5,26.5,4.3,Medium,0,0.0,0.0,0.0
Egypt,EGY,Africa,30.5,26.5,4.3,Medium,0,0.0,0.0,0.0
Egypt,EGY,Africa,31.5,26.5,4.3,Medium,0,0.0,0.0,0.0
Türkiye,TUR,Asia,39.5,26.5,5.2,High,18,4.8278,5.3,9.2788
Türkiye,TUR,Asia,40.5,26.5,5.2,High,6,5.1,5.7,13.5383
Greece,GRC,Europe,41.5,26.5,2.9,Low,0,0.0,0.0,0.0
Bulgaria,BGR,Europe,42.5,26.5,2.6,Low,1,4.6,4.6,10.0
Bulgaria,BGR,Europe,43.5,26.5,2.6,Low,0,0.0,0.0,0.0
Romania,ROU,Europe,44.5,26.5,2.9,Low,0,0.0,0.0,0.0
Romania,ROU,Europe,45.5,26.5,2.9,Low,52,4.7865,5.9,126.2268
Romania,ROU,Europe,46.5,26.5,2.9,Low,0,0.0,0.0,0.0
Romania,ROU,Europe,47.5,26.5,2.9,Low,0,0.0,0.0,0.0
Ukraine,UKR,Europe,48.5,26.5,5.6,High,0,0.0,0.0,0.0
Ukraine,UKR,Europe,49.5,26.5,5.6,High,0,0.0,0.0,0.0
Ukraine,UKR,Europe,50.5,26.5,5.6,High,0,0.0,0.0,0.0
Ukraine,UKR,Europe,51.5,26.5,5.6,High,0,0.0,0.0,0.0
Belarus,BLR,Europe,52.5,26.5,2.5,Low,0,0.0,0.0,0.0
Belarus,BLR,Europe,53.5,26.5,2.5,Low,0,0.0,0.0,0.0
Belarus,BLR,Europe,54.5,26.5,2.5,Low,0,0.0,0.0,0.0
Lithuania,LTU,Europe,55.5,26.5,2.1,Low,0,0.0,0.0,0.0
Latvia,LVA,Europe,56.5,26.5,2.5,Low,0,0.0,0.0,0.0
Estonia,EST,Europe,57.5,26.5,1.8,Very Low,0,0.0,0.0,0.0
Estonia,EST,Europe,58.5,26.5,1.8,Very Low,0,0.0,0.0,0.0
Estonia,EST,Europe,59.5,26.5,1.8,Very Low,0,0.0,0.0,0.0
Finland,FIN,Europe,60.5,26.5,1.9,Very Low,0,0.0,0.0,0.0
Finland,FIN,Europe,61.5,26.5,1.9,Very Low,0,0.0,0.0,0.0
Finland,FIN,Europe,62.5,26.5,1.9,Very Low,0,0.0,0.0,0.0
Finland,FIN,Europe,63.5,26.5,1.9,Very Low,0,0.0,0.0,0.0
Finland,FIN,Europe,64.5,26.5,1.9,Very Low,0,0.0,0.0,0.0
Finland,FIN,Europe,65.5,26.5,1.9,Very Low,0,0.0,0.0,0.0
Finland,FIN,Europe,66.5,26.5,1.9,Very Low,0,0.0,0.0,0.0
Finland,FIN,Europe,67.5,26.5,1.9,Very Low,0,0.0,0.0,0.0
Finland,FIN,Europe,68.5,26.5,1.9,Very Low,0,0.0,0.0,0.0
Finland,FIN,Europe,69.5,26.5,1.9,Very Low,0,0.0,0.0,0.0
South Africa,ZAF,Africa,-32.5,27.5,4.2,Medium,0,0.0,0.0,0.0
South Africa,ZAF,Africa,-31.5,27.5,4.2,Medium,0,0.0,0.0,0.0
South Africa,ZAF,Africa,-30.5,27.5,4.2,Medium,0,0.0,0.0,0.0
Lesotho,LSO,Africa,-29.5,27.5,4.0,Medium,0,0.0,0.0,0.0
South Africa,ZAF,Africa,-28.5,27.5,4.2,Medium,0,0.0,0.0,0.0
South Africa,ZAF,Africa,-27.5,27.5,4.2,Medium,1,4.7,4.7,5.0
South Africa,ZAF,Africa,-26.5,27.5,4.2,Medium,32,4.5969,5.0,4.9825
South Africa,ZAF,Africa,-25.5,27.5,4.2,Medium,0,0.0,0.0,0.0
South Africa,ZAF,Africa,-24.5,27.5,4.2,Medium,0,0.0,0.0,0.0
South Africa,ZAF,Africa,-23.5,27.5,4.2,Medium,0,0.0,0.0,0.0
Botswana,BWA,Africa,-22.5,27.5,2.9,Low,0,0.0,0.0,0.0
Botswana,BWA,Africa,-21.5,27.5,2.9,Low,0,0.0,0.0,0.0
Botswana,BWA,Africa,-20.5,27.5,2.9,Low,0,0.0,0.0,0.0
Zimbabwe,ZWE,Africa,-19.5,27.5,4.8,Medium,1,4.7,4.7,5.8
Zimbabwe,ZWE,Africa,-18.5,27.5,4.8,Medium,0,0.0,0.0,0.0
Zimbabwe,ZWE,Africa,-17.5,27.5,4.8,Medium,1,4.7,4.7,10.0
Zambia,ZMB,Africa,-16.5,27.5,4.6,Medium,2,4.5,4.5,7.565
Zambia,ZMB,Africa,-15.5,27.5,4.6,Medium,1,4.8,4.8,10.0
Zambia,ZMB,Africa,-14.5,27.5,4.6,Medium,0,0.0,0.0,0.0
Zambia,ZMB,Africa,-13.5,27.5,4.6,Medium,0,0.0,0.0,0.0
Zambia,ZMB,Africa,-12.5,27.5,4.6,Medium,0,0.0,0.0,0.0
Congo DR,COD,Africa,-11.5,27.5,7.7,Very High,0,0.0,0.0,0.0
Congo DR,COD,Africa,-10.5,27.5,7.7,Very High,1,4.9,4.9,10.0
Congo DR,COD,Africa,-9.5,27.5,7.7,Very High,0,0.0,0.0,0.0
Congo DR,COD,Africa,-8.5,27.5,7.7,Very High,1,4.7,4.7,10.0
Congo DR,COD,Africa,-7.5,27.5,7.7,Very High,5,4.9,5.2,9.8924
Congo DR,COD,Africa,-6.5,27.5,7.7,Very High,0,0.0,0.0,0.0
Congo DR,COD,Africa,-5.5,27.5,7.7,Very High,0,0.0,0.0,0.0
Congo DR,COD,Africa,-4.5,27.5,7.7,Very High,1,4.6,4.6,7.888
Congo DR,COD,Africa,-3.5,27.5,7.7,Very High,0,0.0,0.0,0.0
Congo DR,COD,Africa,-2.5,27.5,7.7,Very High,1,5.4,5.4,10.0
Congo DR,COD,Africa,-1.5,27.5,7.7,Very High,2,4.75,4.8,10.0
Congo DR,COD,Africa,-0.5,27.5,7.7,Very High,2,4.7,4.9,10.0
Congo DR,COD,Africa,0.5,27.5,7.7,Very High,0,0.0,0.0,0.0
Congo DR,COD,Africa,1.5,27.5,7.7,Very High,0,0.0,0.0,0.0
Congo DR,COD,Africa,2.5,27.5,7.7,Very High,0,0.0,0.0,0.0
Congo DR,COD,Africa,3.5,27.5,7.7,Very High,0,0.0,0.0,0.0
Congo DR,COD,Africa,4.5,27.5,7.7,Very High,0,0.0,0.0,0.0
South Sudan,SSD,Africa,5.5,27.5,8.3,Very High,0,0.0,0.0,0.0
South Sudan,SSD,Africa,6.5,27.5,8.3,Very High,0,0.0,0.0,0.0
South Sudan,SSD,Africa,7.5,27.5,8.3,Very High,0,0.0,0.0,0.0
South Sudan,SSD,Africa,8.5,27.5,8.3,Very High,0,0.0,0.0,0.0
South Sudan,SSD,Africa,9.5,27.5,8.3,Very High,0,0.0,0.0,0.0
Sudan,SDN,Africa,10.5,27.5,7.7,Very High,0,0.0,0.0,0.0
Sudan,SDN,Africa,11.5,27.5,7.7,Very High,0,0.0,0.0,0.0
Sudan,SDN,Africa,12.5,27.5,7.7,Very High,0,0.0,0.0,0.0
Sudan,SDN,Africa,13.5,27.5,7.7,Very High,0,0.0,0.0,0.0
Sudan,SDN,Africa,14.5,27.5,7.7,Very High,0,0.0,0.0,0.0
Sudan,SDN,Africa,15.5,27.5,7.7,Very High,0,0.0,0.0,0.0
Sudan,SDN,Africa,16.5,27.5,7.7,Very High,0,0.0,0.0,0.0
Sudan,SDN,Africa,17.5,27.5,7.7,Very High,0,0.0,0.0,0.0
Sudan,SDN,Africa,18.5,27.5,7.7,Very High,0,0.0,0.0,0.0
Sudan,SDN,Africa,19.5,27.5,7.7,Very High,0,0.0,0.0,0.0
Sudan,SDN,Africa,20.5,27.5,7.7,Very High,0,0.0,0.0,0.0
Sudan,SDN,Africa,21.5,27.5,7.7,Very High,0,0.0,0.0,0.0
Egypt,EGY,Africa,22.5,27.5,4.3,Medium,0,0.0,0.0,0.0
Egypt,EGY,Africa,23.5,27.5,4.3,Medium,0,0.0,0.0,0.0
Egypt,EGY,Africa,24.5,27.5,4.3,Medium,0,0.0,0.0,0.0
Egypt,EGY,Africa,25.5,27.5,4.3,Medium,0,0.0,0.0,0.0
Egypt,EGY,Africa,26.5,27.5,4.3,Medium,0,0.0,0.0,0.0
Egypt,EGY,Africa,27.5,27.5,4.3,Medium,0,0.0,0.0,0.0
Egypt,EGY,Africa,28.5,27.5,4.3,Medium,0,0.0,0.0,0.0
Egypt,EGY,Africa,29.5,27.5,4.3,Medium,0,0.0,0.0,0.0
Egypt,EGY,Africa,30.5,27.5,4.3,Medium,0,0.0,0.0,0.0
Türkiye,TUR,Asia,37.5,27.5,5.2,High,7,5.0429,5.5,9.5224
Türkiye,TUR,Asia,38.5,27.5,5.2,High,14,4.7714,5.2,9.1429
Türkiye,TUR,Asia,39.5,27.5,5.2,High,8,4.825,5.6,8.88
Türkiye,TUR,Asia,41.5,27.5,5.2,High,0,0.0,0.0,0.0
Bulgaria,BGR,Europe,42.5,27.5,2.6,Low,0,0.0,0.0,0.0
Bulgaria,BGR,Europe,43.5,27.5,2.6,Low,1,4.6,4.6,10.0
Romania,ROU,Europe,44.5,27.5,2.9,Low,0,0.0,0.0,0.0
Romania,ROU,Europe,45.5,27.5,2.9,Low,5,4.86,5.6,26.06
Romania,ROU,Europe,46.5,27.5,2.9,Low,0,0.0,0.0,0.0
Moldova Republic of,MDA,Europe,47.5,27.5,3.5,Medium,0,0.0,0.0,0.0
Ukraine,UKR,Europe,48.5,27.5,5.6,High,0,0.0,0.0,0.0
Ukraine,UKR,Europe,49.5,27.5,5.6,High,0,0.0,0.0,0.0
Ukraine,UKR,Europe,50.5,27.5,5.6,High,0,0.0,0.0,0.0
Ukraine,UKR,Europe,51.5,27.5,5.6,High,0,0.0,0.0,0.0
Belarus,BLR,Europe,52.5,27.5,2.5,Low,0,0.0,0.0,0.0
Belarus,BLR,Europe,53.5,27.5,2.5,Low,0,0.0,0.0,0.0
Belarus,BLR,Europe,54.5,27.5,2.5,Low,0,0.0,0.0,0.0
Belarus,BLR,Europe,55.5,27.5,2.5,Low,0,0.0,0.0,0.0
Latvia,LVA,Europe,56.5,27.5,2.5,Low,0,0.0,0.0,0.0
Russian Federation,RUS,Europe,57.5,27.5,4.0,Medium,0,0.0,0.0,0.0
Russian Federation,RUS,Europe,58.5,27.5,4.0,Medium,0,0.0,0.0,0.0
Finland,FIN,Europe,60.5,27.5,1.9,Very Low,0,0.0,0.0,0.0
Finland,FIN,Europe,61.5,27.5,1.9,Very Low,0,0.0,0.0,0.0
Finland,FIN,Europe,62.5,27.5,1.9,Very Low,0,0.0,0.0,0.0
Finland,FIN,Europe,63.5,27.5,1.9,Very Low,0,0.0,0.0,0.0
Finland,FIN,Europe,64.5,27.5,1.9,Very Low,0,0.0,0.0,0.0
Finland,FIN,Europe,65.5,27.5,1.9,Very Low,0,0.0,0.0,0.0
Finland,FIN,Europe,66.5,27.5,1.9,Very Low,0,0.0,0.0,0.0
Finland,FIN,Europe,67.5,27.5,1.9,Very Low,0,0.0,0.0,0.0
Finland,FIN,Europe,68.5,27.5,1.9,Very Low,0,0.0,0.0,0.0
Finland,FIN,Europe,69.5,27.5,1.9,Very Low,0,0.0,0.0,0.0
South Africa,ZAF,Africa,-32.5,28.5,4.2,Medium,0,0.0,0.0,0.0
South Africa,ZAF,Africa,-31.5,28.5,4.2,Medium,0,0.0,0.0,0.0
South Africa,ZAF,Africa,-30.5,28.5,4.2,Medium,1,4.5,4.5,10.0
Lesotho,LSO,Africa,-29.5,28.5,4.0,Medium,0,0.0,0.0,0.0
South Africa,ZAF,Africa,-28.5,28.5,4.2,Medium,0,0.0,0.0,0.0
South Africa,ZAF,Africa,-27.5,28.5,4.2,Medium,0,0.0,0.0,0.0
South Africa,ZAF,Africa,-26.5,28.5,4.2,Medium,2,4.8,4.9,5.0
South Africa,ZAF,Africa,-25.5,28.5,4.2,Medium,0,0.0,0.0,0.0
South Africa,ZAF,Africa,-24.5,28.5,4.2,Medium,1,4.8,4.8,5.0
South Africa,ZAF,Africa,-23.5,28.5,4.2,Medium,0,0.0,0.0,0.0
Botswana,BWA,Africa,-22.5,28.5,2.9,Low,0,0.0,0.0,0.0
Zimbabwe,ZWE,Africa,-21.5,28.5,4.8,Medium,0,0.0,0.0,0.0
Zimbabwe,ZWE,Africa,-20.5,28.5,4.8,Medium,0,0.0,0.0,0.0
Zimbabwe,ZWE,Africa,-19.5,28.5,4.8,Medium,0,0.0,0.0,0.0
Zimbabwe,ZWE,Africa,-18.5,28.5,4.8,Medium,0,0.0,0.0,0.0
Zimbabwe,ZWE,Africa,-17.5,28.5,4.8,Medium,0,0.0,0.0,0.0
Zimbabwe,ZWE,Africa,-16.5,28.5,4.8,Medium,3,4.6333,4.8,11.7667
Zambia,ZMB,Africa,-15.5,28.5,4.6,Medium,0,0.0,0.0,0.0
Zambia,ZMB,Africa,-14.5,28.5,4.6,Medium,0,0.0,0.0,0.0
Zambia,ZMB,Africa,-13.5,28.5,4.6,Medium,0,0.0,0.0,0.0
Congo DR,COD,Africa,-12.5,28.5,7.7,Very High,0,0.0,0.0,0.0
Zambia,ZMB,Africa,-11.5,28.5,4.6,Medium,0,0.0,0.0,0.0
Congo DR,COD,Africa,-10.5,28.5,7.7,Very High,0,0.0,0.0,0.0
Congo DR,COD,Africa,-9.5,28.5,7.7,Very High,4,4.825,5.1,11.2275
Congo DR,COD,Africa,-8.5,28.5,7.7,Very High,0,0.0,0.0,0.0
Congo DR,COD,Africa,-7.5,28.5,7.7,Very High,1,4.5,4.5,10.0
Congo DR,COD,Africa,-6.5,28.5,7.7,Very High,0,0.0,0.0,0.0
Congo DR,COD,Africa,-5.5,28.5,7.7,Very High,0,0.0,0.0,0.0
Congo DR,COD,Africa,-4.5,28.5,7.7,Very High,1,4.6,4.6,10.0
Congo DR,COD,Africa,-3.5,28.5,7.7,Very High,7,4.6857,5.0,10.0
Congo DR,COD,Africa,-2.5,28.5,7.7,Very High,27,4.8815,5.9,10.2059
Congo DR,COD,Africa,-1.5,28.5,7.7,Very High,12,4.7833,5.5,10.0
Congo DR,COD,Africa,-0.5,28.5,7.7,Very High,1,4.6,4.6,10.0
Congo DR,COD,Africa,0.5,28.5,7.7,Very High,0,0.0,0.0,0.0
Congo DR,COD,Africa,1.5,28.5,7.7,Very High,0,0.0,0.0,0.0
Congo DR,COD,Africa,2.5,28.5,7.7,Very High,0,0.0,0.0,0.0
Congo DR,COD,Africa,3.5,28.5,7.7,Very High,0,0.0,0.0,0.0
South Sudan,SSD,Africa,4.5,28.5,8.3,Very High,0,0.0,0.0,0.0
South Sudan,SSD,Africa,5.5,28.5,8.3,Very High,0,0.0,0.0,0.0
South Sudan,SSD,Africa,6.5,28.5,8.3,Very High,0,0.0,0.0,0.0
South Sudan,SSD,Africa,7.5,28.5,8.3,Very High,0,0.0,0.0,0.0
South Sudan,SSD,Africa,8.5,28.5,8.3,Very High,0,0.0,0.0,0.0
Sudan,SDN,Africa,9.5,28.5,7.7,Very High,0,0.0,0.0,0.0
Sudan,SDN,Africa,10.5,28.5,7.7,Very High,0,0.0,0.0,0.0
Sudan,SDN,Africa,11.5,28.5,7.7,Very High,0,0.0,0.0,0.0
Sudan,SDN,Africa,12.5,28.5,7.7,Very High,0,0.0,0.0,0.0
Sudan,SDN,Africa,13.5,28.5,7.7,Very High,0,0.0,0.0,0.0
Sudan,SDN,Africa,14.5,28.5,7.7,Very High,0,0.0,0.0,0.0
Sudan,SDN,Africa,15.5,28.5,7.7,Very High,0,0.0,0.0,0.0
Sudan,SDN,Africa,16.5,28.5,7.7,Very High,0,0.0,0.0,0.0
Sudan,SDN,Africa,17.5,28.5,7.7,Very High,0,0.0,0.0,0.0
Sudan,SDN,Africa,18.5,28.5,7.7,Very High,0,0.0,0.0,0.0
Sudan,SDN,Africa,19.5,28.5,7.7,Very High,0,0.0,0.0,0.0
Sudan,SDN,Africa,20.5,28.5,7.7,Very High,0,0.0,0.0,0.0
Sudan,SDN,Africa,21.5,28.5,7.7,Very High,0,0.0,0.0,0.0
Egypt,EGY,Africa,22.5,28.5,4.3,Medium,0,0.0,0.0,0.0
Egypt,EGY,Africa,23.5,28.5,4.3,Medium,0,0.0,0.0,0.0
Egypt,EGY,Africa,24.5,28.5,4.3,Medium,0,0.0,0.0,0.0
Egypt,EGY,Africa,25.5,28.5,4.3,Medium,0,0.0,0.0,0.0
Egypt,EGY,Africa,26.5,28.5,4.3,Medium,0,0.0,0.0,0.0
Egypt,EGY,Africa,27.5,28.5,4.3,Medium,0,0.0,0.0,0.0
Egypt,EGY,Africa,28.5,28.5,4.3,Medium,0,0.0,0.0,0.0
Egypt,EGY,Africa,29.5,28.5,4.3,Medium,0,0.0,0.0,0.0
Egypt,EGY,Africa,30.5,28.5,4.3,Medium,1,4.5,4.5,13.94
Türkiye,TUR,Asia,37.5,28.5,5.2,High,12,4.8583,5.4,7.935
Türkiye,TUR,Asia,38.5,28.5,5.2,High,5,4.96,5.4,12.32
Türkiye,TUR,Asia,39.5,28.5,5.2,High,2,4.55,4.6,6.34
Romania,ROU,Europe,44.5,28.5,2.9,Low,0,0.0,0.0,0.0
Ukraine,UKR,Europe,45.5,28.5,5.6,High,1,4.8,4.8,31.2
Moldova Republic of,MDA,Europe,46.5,28.5,3.5,Medium,0,0.0,0.0,0.0
Moldova Republic of,MDA,Europe,47.5,28.5,3.5,Medium,0,0.0,0.0,0.0
Ukraine,UKR,Europe,48.5,28.5,5.6,High,0,0.0,0.0,0.0
Ukraine,UKR,Europe,49.5,28.5,5.6,High,0,0.0,0.0,0.0
Ukraine,UKR,Europe,50.5,28.5,5.6,High,0,0.0,0.0,0.0
Belarus,BLR,Europe,51.5,28.5,2.5,Low,0,0.0,0.0,0.0
Belarus,BLR,Europe,52.5,28.5,2.5,Low,0,0.0,0.0,0.0
Belarus,BLR,Europe,53.5,28.5,2.5,Low,0,0.0,0.0,0.0
Belarus,BLR,Europe,54.5,28.5,2.5,Low,0,0.0,0.0,0.0
Belarus,BLR,Europe,55.5,28.5,2.5,Low,0,0.0,0.0,0.0
Russian Federation,RUS,Europe,56.5,28.5,4.0,Medium,0,0.0,0.0,0.0
Russian Federation,RUS,Europe,57.5,28.5,4.0,Medium,0,0.0,0.0,0.0
Russian Federation,RUS,Europe,58.5,28.5,4.0,Medium,0,0.0,0.0,0.0
Russian Federation,RUS,Europe,59.5,28.5,4.0,Medium,0,0.0,0.0,0.0
Russian Federation,RUS,Europe,60.5,28.5,4.0,Medium,0,0.0,0.0,0.0
Finland,FIN,Europe,61.5,28.5,1.9,Very Low,0,0.0,0.0,0.0
Finland,FIN,Europe,62.5,28.5,1.9,Very Low,0,0.0,0.0,0.0
Finland,FIN,Europe,63.5,28.5,1.9,Very Low,0,0.0,0.0,0.0
Finland,FIN,Europe,64.5,28.5,1.9,Very Low,0,0.0,0.0,0.0
Finland,FIN,Europe,65.5,28.5,1.9,Very Low,0,0.0,0.0,0.0
Finland,FIN,Europe,66.5,28.5,1.9,Very Low,0,0.0,0.0,0.0
Finland,FIN,Europe,67.5,28.5,1.9,Very Low,0,0.0,0.0,0.0
Russian Federation,RUS,Europe,68.5,28.5,4.0,Medium,0,0.0,0.0,0.0
Finland,FIN,Europe,69.5,28.5,1.9,Very Low,0,0.0,0.0,0.0
South Africa,ZAF,Africa,-31.5,29.5,4.2,Medium,0,0.0,0.0,0.0
South Africa,ZAF,Africa,-30.5,29.5,4.2,Medium,1,4.5,4.5,10.0
South Africa,ZAF,Africa,-29.5,29.5,4.2,Medium,0,0.0,0.0,0.0
South Africa,ZAF,Africa,-28.5,29.5,4.2,Medium,0,0.0,0.0,0.0
South Africa,ZAF,Africa,-27.5,29.5,4.2,Medium,0,0.0,0.0,0.0
South Africa,ZAF,Africa,-26.5,29.5,4.2,Medium,2,4.65,4.7,5.0
South Africa,ZAF,Africa,-25.5,29.5,4.2,Medium,0,0.0,0.0,0.0
South Africa,ZAF,Africa,-24.5,29.5,4.2,Medium,0,0.0,0.0,0.0
South Africa,ZAF,Africa,-23.5,29.5,4.2,Medium,0,0.0,0.0,0.0
South Africa,ZAF,Africa,-22.5,29.5,4.2,Medium,0,0.0,0.0,0.0
Zimbabwe,ZWE,Africa,-21.5,29.5,4.8,Medium,0,0.0,0.0,0.0
Zimbabwe,ZWE,Africa,-20.5,29.5,4.8,Medium,0,0.0,0.0,0.0
Zimbabwe,ZWE,Africa,-19.5,29.5,4.8,Medium,0,0.0,0.0,0.0
Zimbabwe,ZWE,Africa,-18.5,29.5,4.8,Medium,0,0.0,0.0,0.0
Zimbabwe,ZWE,Africa,-17.5,29.5,4.8,Medium,0,0.0,0.0,0.0
Zimbabwe,ZWE,Africa,-16.5,29.5,4.8,Medium,0,0.0,0.0,0.0
Zambia,ZMB,Africa,-15.5,29.5,4.6,Medium,0,0.0,0.0,0.0
Zambia,ZMB,Africa,-14.5,29.5,4.6,Medium,0,0.0,0.0,0.0
Zambia,ZMB,Africa,-13.5,29.5,4.6,Medium,0,0.0,0.0,0.0
Congo DR,COD,Africa,-12.5,29.5,7.7,Very High,0,0.0,0.0,0.0
Zambia,ZMB,Africa,-11.5,29.5,4.6,Medium,2,4.55,4.6,10.0
Zambia,ZMB,Africa,-10.5,29.5,4.6,Medium,1,5.3,5.3,10.0
Zambia,ZMB,Africa,-9.5,29.5,4.6,Medium,0,0.0,0.0,0.0
Zambia,ZMB,Africa,-8.5,29.5,4.6,Medium,3,4.6333,4.7,18.0733
Congo DR,COD,Africa,-7.5,29.5,7.7,Very High,1,4.5,4.5,10.0
Congo DR,COD,Africa,-6.5,29.5,7.7,Very High,17,5.1529,6.8,12.4118
Congo DR,COD,Africa,-5.5,29.5,7.7,Very High,10,4.66,5.1,11.78
Tanzania,TZA,Africa,-4.5,29.5,4.8,Medium,5,4.68,4.8,10.746
Burundi,BDI,Africa,-3.5,29.5,5.8,High,6,4.7,5.0,10.0
Rwanda,RWA,Africa,-2.5,29.5,4.3,Medium,6,4.8167,5.2,10.0
Rwanda,RWA,Africa,-1.5,29.5,4.3,Medium,20,4.735,6.2,10.441
Congo DR,COD,Africa,-0.5,29.5,7.7,Very High,15,4.74,5.3,11.1037
Congo DR,COD,Africa,0.5,29.5,7.7,Very High,11,4.6636,5.3,12.3691
Congo DR,COD,Africa,1.5,29.5,7.7,Very High,0,0.0,0.0,0.0
Congo DR,COD,Africa,2.5,29.5,7.7,Very High,0,0.0,0.0,0.0
Congo DR,COD,Africa,3.5,29.5,7.7,Very High,0,0.0,0.0,0.0
Congo DR,COD,Africa,4.5,29.5,7.7,Very High,0,0.0,0.0,0.0
South Sudan,SSD,Africa,5.5,29.5,8.3,Very High,0,0.0,0.0,0.0
South Sudan,SSD,Africa,6.5,29.5,8.3,Very High,0,0.0,0.0,0.0
South Sudan,SSD,Africa,7.5,29.5,8.3,Very High,0,0.0,0.0,0.0
South Sudan,SSD,Africa,8.5,29.5,8.3,Very High,0,0.0,0.0,0.0
South Sudan,SSD,Africa,9.5,29.5,8.3,Very High,0,0.0,0.0,0.0
Sudan,SDN,Africa,10.5,29.5,7.7,Very High,0,0.0,0.0,0.0
Sudan,SDN,Africa,11.5,29.5,7.7,Very High,0,0.0,0.0,0.0
Sudan,SDN,Africa,12.5,29.5,7.7,Very High,0,0.0,0.0,0.0
Sudan,SDN,Africa,13.5,29.5,7.7,Very High,0,0.0,0.0,0.0
Sudan,SDN,Africa,14.5,29.5,7.7,Very High,0,0.0,0.0,0.0
Sudan,SDN,Africa,15.5,29.5,7.7,Very High,0,0.0,0.0,0.0
Sudan,SDN,Africa,16.5,29.5,7.7,Very High,0,0.0,0.0,0.0
Sudan,SDN,Africa,17.5,29.5,7.7,Very High,0,0.0,0.0,0.0
Sudan,SDN,Africa,18.5,29.5,7.7,Very High,0,0.0,0.0,0.0
Sudan,SDN,Africa,19.5,29.5,7.7,Very High,0,0.0,0.0,0.0
Sudan,SDN,Africa,20.5,29.5,7.7,Very High,0,0.0,0.0,0.0
Sudan,SDN,Africa,21.5,29.5,7.7,Very High,0,0.0,0.0,0.0
Egypt,EGY,Africa,22.5,29.5,4.3,Medium,0,0.0,0.0,0.0
Egypt,EGY,Africa,23.5,29.5,4.3,Medium,0,0.0,0.0,0.0
Egypt,EGY,Africa,24.5,29.5,4.3,Medium,0,0.0,0.0,0.0
Egypt,EGY,Africa,25.5,29.5,4.3,Medium,0,0.0,0.0,0.0
Egypt,EGY,Africa,26.5,29.5,4.3,Medium,0,0.0,0.0,0.0
Egypt,EGY,Africa,27.5,29.5,4.3,Medium,0,0.0,0.0,0.0
Egypt,EGY,Africa,28.5,29.5,4.3,Medium,0,0.0,0.0,0.0
Egypt,EGY,Africa,29.5,29.5,4.3,Medium,0,0.0,0.0,0.0
Egypt,EGY,Africa,30.5,29.5,4.3,Medium,0,0.0,0.0,0.0
Türkiye,TUR,Asia,36.5,29.5,5.2,High,4,4.675,5.2,33.725
Türkiye,TUR,Asia,37.5,29.5,5.2,High,11,5.1273,5.9,10.3545
Türkiye,TUR,Asia,38.5,29.5,5.2,High,1,5.0,5.0,10.0
Türkiye,TUR,Asia,39.5,29.5,5.2,High,12,4.7917,5.8,6.9
Türkiye,TUR,Asia,40.5,29.5,5.2,High,2,4.75,5.0,7.15
Ukraine,UKR,Europe,45.5,29.5,5.6,High,0,0.0,0.0,0.0
Moldova Republic of,MDA,Europe,46.5,29.5,3.5,Medium,0,0.0,0.0,0.0
Ukraine,UKR,Europe,47.5,29.5,5.6,High,0,0.0,0.0,0.0
Ukraine,UKR,Europe,48.5,29.5,5.6,High,0,0.0,0.0,0.0
Ukraine,UKR,Europe,49.5,29.5,5.6,High,0,0.0,0.0,0.0
Ukraine,UKR,Europe,50.5,29.5,5.6,High,0,0.0,0.0,0.0
Belarus,BLR,Europe,51.5,29.5,2.5,Low,0,0.0,0.0,0.0
Belarus,BLR,Europe,52.5,29.5,2.5,Low,0,0.0,0.0,0.0
Belarus,BLR,Europe,53.5,29.5,2.5,Low,0,0.0,0.0,0.0
Belarus,BLR,Europe,54.5,29.5,2.5,Low,0,0.0,0.0,0.0
Belarus,BLR,Europe,55.5,29.5,2.5,Low,0,0.0,0.0,0.0
Russian Federation,RUS,Europe,56.5,29.5,4.0,Medium,0,0.0,0.0,0.0
Russian Federation,RUS,Europe,57.5,29.5,4.0,Medium,0,0.0,0.0,0.0
Russian Federation,RUS,Europe,58.5,29.5,4.0,Medium,0,0.0,0.0,0.0
Russian Federation,RUS,Europe,59.5,29.5,4.0,Medium,0,0.0,0.0,0.0
Russian Federation,RUS,Europe,60.5,29.5,4.0,Medium,0,0.0,0.0,0.0
Finland,FIN,Europe,61.5,29.5,1.9,Very Low,0,0.0,0.0,0.0
Finland,FIN,Europe,62.5,29.5,1.9,Very Low,0,0.0,0.0,0.0
Finland,FIN,Europe,63.5,29.5,1.9,Very Low,0,0.0,0.0,0.0
Finland,FIN,Europe,64.5,29.5,1.9,Very Low,0,0.0,0.0,0.0
Finland,FIN,Europe,65.5,29.5,1.9,Very Low,0,0.0,0.0,0.0
Finland,FIN,Europe,66.5,29.5,1.9,Very Low,0,0.0,0.0,0.0
Finland,FIN,Europe,67.5,29.5,1.9,Very Low,0,0.0,0.0,0.0
Russian Federation,RUS,Europe,68.5,29.5,4.0,Medium,0,0.0,0.0,0.0
South Africa,ZAF,Africa,-30.5,30.5,4.2,Medium,0,0.0,0.0,0.0
South Africa,ZAF,Africa,-29.5,30.5,4.2,Medium,0,0.0,0.0,0.0
South Africa,ZAF,Africa,-28.5,30.5,4.2,Medium,1,4.6,4.6,9.357
South Africa,ZAF,Africa,-27.5,30.5,4.2,Medium,0,0.0,0.0,0.0
South Africa,ZAF,Africa,-26.5,30.5,4.2,Medium,1,4.5,4.5,5.0
South Africa,ZAF,Africa,-25.5,30.5,4.2,Medium,1,4.6,4.6,5.0
South Africa,ZAF,Africa,-24.5,30.5,4.2,Medium,0,0.0,0.0,0.0
South Africa,ZAF,Africa,-23.5,30.5,4.2,Medium,1,4.5,4.5,5.0
South Africa,ZAF,Africa,-22.5,30.5,4.2,Medium,0,0.0,0.0,0.0
Zimbabwe,ZWE,Africa,-21.5,30.5,4.8,Medium,0,0.0,0.0,0.0
Zimbabwe,ZWE,Africa,-20.5,30.5,4.8,Medium,0,0.0,0.0,0.0
Zimbabwe,ZWE,Africa,-19.5,30.5,4.8,Medium,0,0.0,0.0,0.0
Zimbabwe,ZWE,Africa,-18.5,30.5,4.8,Medium,0,0.0,0.0,0.0
Zimbabwe,ZWE,Africa,-17.5,30.5,4.8,Medium,0,0.0,0.0,0.0
Zimbabwe,ZWE,Africa,-16.5,30.5,4.8,Medium,0,0.0,0.0,0.0
Mozambique,MOZ,Africa,-15.5,30.5,6.9,Very High,0,0.0,0.0,0.0
Zambia,ZMB,Africa,-14.5,30.5,4.6,Medium,0,0.0,0.0,0.0
Zambia,ZMB,Africa,-13.5,30.5,4.6,Medium,1,4.5,4.5,10.0
Zambia,ZMB,Africa,-12.5,30.5,4.6,Medium,0,0.0,0.0,0.0
Zambia,ZMB,Africa,-11.5,30.5,4.6,Medium,0,0.0,0.0,0.0
Zambia,ZMB,Africa,-10.5,30.5,4.6,Medium,0,0.0,0.0,0.0
Zambia,ZMB,Africa,-9.5,30.5,4.6,Medium,0,0.0,0.0,0.0
Zambia,ZMB,Africa,-8.5,30.5,4.6,Medium,6,4.95,5.9,24.3167
Tanzania,TZA,Africa,-7.5,30.5,4.8,Medium,9,5.0111,6.5,15.2222
Tanzania,TZA,Africa,-6.5,30.5,4.8,Medium,8,4.8,5.4,11.875
Tanzania,TZA,Africa,-5.5,30.5,4.8,Medium,1,4.7,4.7,33.0
Tanzania,TZA,Africa,-4.5,30.5,4.8,Medium,2,5.0,5.2,10.0
Burundi,BDI,Africa,-3.5,30.5,5.8,High,0,0.0,0.0,0.0
Tanzania,TZA,Africa,-2.5,30.5,4.8,Medium,0,0.0,0.0,0.0
Rwanda,RWA,Africa,-1.5,30.5,4.3,Medium,0,0.0,0.0,0.0
Uganda,UGA,Africa,-0.5,30.5,5.3,High,0,0.0,0.0,0.0
Uganda,UGA,Africa,0.5,30.5,5.3,High,11,4.7636,5.2,12.0545
Uganda,UGA,Africa,1.5,30.5,5.3,High,15,4.9267,5.9,14.3633
Congo DR,COD,Africa,2.5,30.5,7.7,Very High,0,0.0,0.0,0.0
Congo DR,COD,Africa,3.5,30.5,7.7,Very High,0,0.0,0.0,0.0
South Sudan,SSD,Africa,4.5,30.5,8.3,Very High,0,0.0,0.0,0.0
South Sudan,SSD,Africa,5.5,30.5,8.3,Very High,0,0.0,0.0,0.0
South Sudan,SSD,Africa,6.5,30.5,8.3,Very High,0,0.0,0.0,0.0
South Sudan,SSD,Africa,7.5,30.5,8.3,Very High,0,0.0,0.0,0.0
South Sudan,SSD,Africa,8.5,30.5,8.3,Very High,0,0.0,0.0,0.0
South Sudan,SSD,Africa,9.5,30.5,8.3,Very High,0,0.0,0.0,0.0
Sudan,SDN,Africa,10.5,30.5,7.7,Very High,0,0.0,0.0,0.0
Sudan,SDN,Africa,11.5,30.5,7.7,Very High,0,0.0,0.0,0.0
Sudan,SDN,Africa,12.5,30.5,7.7,Very High,0,0.0,0.0,0.0
Sudan,SDN,Africa,13.5,30.5,7.7,Very High,0,0.0,0.0,0.0
Sudan,SDN,Africa,14.5,30.5,7.7,Very High,0,0.0,0.0,0.0
Sudan,SDN,Africa,15.5,30.5,7.7,Very High,0,0.0,0.0,0.0
Sudan,SDN,Africa,16.5,30.5,7.7,Very High,0,0.0,0.0,0.0
Sudan,SDN,Africa,17.5,30.5,7.7,Very High,0,0.0,0.0,0.0
Sudan,SDN,Africa,18.5,30.5,7.7,Very High,0,0.0,0.0,0.0
Sudan,SDN,Africa,19.5,30.5,7.7,Very High,0,0.0,0.0,0.0
Sudan,SDN,Africa,20.5,30.5,7.7,Very High,0,0.0,0.0,0.0
Sudan,SDN,Africa,21.5,30.5,7.7,Very High,0,0.0,0.0,0.0
Egypt,EGY,Africa,22.5,30.5,4.3,Medium,0,0.0,0.0,0.0
Egypt,EGY,Africa,23.5,30.5,4.3,Medium,0,0.0,0.0,0.0
Egypt,EGY,Africa,24.5,30.5,4.3,Medium,0,0.0,0.0,0.0
Egypt,EGY,Africa,25.5,30.5,4.3,Medium,0,0.0,0.0,0.0
Egypt,EGY,Africa,26.5,30.5,4.3,Medium,0,0.0,0.0,0.0
Egypt,EGY,Africa,27.5,30.5,4.3,Medium,0,0.0,0.0,0.0
Egypt,EGY,Africa,28.5,30.5,4.3,Medium,0,0.0,0.0,0.0
Egypt,EGY,Africa,29.5,30.5,4.3,Medium,0,0.0,0.0,0.0
Egypt,EGY,Africa,30.5,30.5,4.3,Medium,0,0.0,0.0,0.0
Egypt,EGY,Africa,31.5,30.5,4.3,Medium,0,0.0,0.0,0.0
Türkiye,TUR,Asia,36.5,30.5,5.2,High,4,4.75,5.3,50.2125
Türkiye,TUR,Asia,37.5,30.5,5.2,High,7,4.7571,5.1,38.2057
Türkiye,TUR,Asia,38.5,30.5,5.2,High,3,5.5333,6.0,8.6
Türkiye,TUR,Asia,39.5,30.5,5.2,High,1,5.1,5.1,10.0
Türkiye,TUR,Asia,40.5,30.5,5.2,High,6,4.9833,6.1,8.9467
Ukraine,UKR,Europe,46.5,30.5,5.6,High,0,0.0,0.0,0.0
Ukraine,UKR,Europe,47.5,30.5,5.6,High,0,0.0,0.0,0.0
Ukraine,UKR,Europe,48.5,30.5,5.6,High,0,0.0,0.0,0.0
Ukraine,UKR,Europe,49.5,30.5,5.6,High,0,0.0,0.0,0.0
Ukraine,UKR,Europe,50.5,30.5,5.6,High,0,0.0,0.0,0.0
Belarus,BLR,Europe,51.5,30.5,2.5,Low,0,0.0,0.0,0.0
Belarus,BLR,Europe,52.5,30.5,2.5,Low,0,0.0,0.0,0.0
Belarus,BLR,Europe,53.5,30.5,2.5,Low,0,0.0,0.0,0.0
Belarus,BLR,Europe,54.5,30.5,2.5,Low,0,0.0,0.0,0.0
Belarus,BLR,Europe,55.5,30.5,2.5,Low,0,0.0,0.0,0.0
Russian Federation,RUS,Europe,56.5,30.5,4.0,Medium,0,0.0,0.0,0.0
Russian Federation,RUS,Europe,57.5,30.5,4.0,Medium,0,0.0,0.0,0.0
Russian Federation,RUS,Europe,58.5,30.5,4.0,Medium,0,0.0,0.0,0.0
Russian Federation,RUS,Europe,59.5,30.5,4.0,Medium,0,0.0,0.0,0.0
Russian Federation,RUS,Europe,60.5,30.5,4.0,Medium,0,0.0,0.0,0.0
Russian Federation,RUS,Europe,61.5,30.5,4.0,Medium,0,0.0,0.0,0.0
Finland,FIN,Europe,62.5,30.5,1.9,Very Low,0,0.0,0.0,0.0
Russian Federation,RUS,Europe,63.5,30.5,4.0,Medium,0,0.0,0.0,0.0
Russian Federation,RUS,Europe,64.5,30.5,4.0,Medium,0,0.0,0.0,0.0
Russian Federation,RUS,Europe,65.5,30.5,4.0,Medium,0,0.0,0.0,0.0
Russian Federation,RUS,Europe,66.5,30.5,4.0,Medium,0,0.0,0.0,0.0
Russian Federation,RUS,Europe,67.5,30.5,4.0,Medium,0,0.0,0.0,0.0
Russian Federation,RUS,Europe,68.5,30.5,4.0,Medium,0,0.0,0.0,0.0
South Africa,ZAF,Africa,-28.5,31.5,4.2,Medium,0,0.0,0.0,0.0
South Africa,ZAF,Africa,-27.5,31.5,4.2,Medium,0,0.0,0.0,0.0
Eswatini,SWZ,Africa,-26.5,31.5,3.2,Low,0,0.0,0.0,0.0
South Africa,ZAF,Africa,-25.5,31.5,4.2,Medium,0,0.0,0.0,0.0
South Africa,ZAF,Africa,-24.5,31.5,4.2,Medium,0,0.0,0.0,0.0
South Africa,ZAF,Africa,-23.5,31.5,4.2,Medium,0,0.0,0.0,0.0
Mozambique,MOZ,Africa,-22.5,31.5,6.9,Very High,0,0.0,0.0,0.0
Zimbabwe,ZWE,Africa,-21.5,31.5,4.8,Medium,0,0.0,0.0,0.0
Zimbabwe,ZWE,Africa,-20.5,31.5,4.8,Medium,0,0.0,0.0,0.0
Zimbabwe,ZWE,Africa,-19.5,31.5,4.8,Medium,1,4.5,4.5,10.0
Zimbabwe,ZWE,Africa,-18.5,31.5,4.8,Medium,0,0.0,0.0,0.0
Zimbabwe,ZWE,Africa,-17.5,31.5,4.8,Medium,0,0.0,0.0,0.0
Zimbabwe,ZWE,Africa,-16.5,31.5,4.8,Medium,0,0.0,0.0,0.0
Mozambique,MOZ,Africa,-15.5,31.5,6.9,Very High,0,0.0,0.0,0.0
Mozambique,MOZ,Africa,-14.5,31.5,6.9,Very High,1,4.9,4.9,5.0
Zambia,ZMB,Africa,-13.5,31.5,4.6,Medium,2,4.5,4.5,10.0
Zambia,ZMB,Africa,-12.5,31.5,4.6,Medium,0,0.0,0.0,0.0
Zambia,ZMB,Africa,-11.5,31.5,4.6,Medium,0,0.0,0.0,0.0
Zambia,ZMB,Africa,-10.5,31.5,4.6,Medium,0,0.0,0.0,0.0
Zambia,ZMB,Africa,-9.5,31.5,4.6,Medium,0,0.0,0.0,0.0
Tanzania,TZA,Africa,-8.5,31.5,4.8,Medium,0,0.0,0.0,0.0
Tanzania,TZA,Africa,-7.5,31.5,4.8,Medium,2,5.0,5.5,24.25
Tanzania,TZA,Africa,-6.5,31.5,4.8,Medium,1,4.5,4.5,10.0
Tanzania,TZA,Africa,-5.5,31.5,4.8,Medium,0,0.0,0.0,0.0
Tanzania,TZA,Africa,-4.5,31.5,4.8,Medium,0,0.0,0.0,0.0
Tanzania,TZA,Africa,-3.5,31.5,4.8,Medium,0,0.0,0.0,0.0
Tanzania,TZA,Africa,-2.5,31.5,4.8,Medium,0,0.0,0.0,0.0
Tanzania,TZA,Africa,-1.5,31.5,4.8,Medium,1,5.9,5.9,40.0
Uganda,UGA,Africa,-0.5,31.5,5.3,High,0,0.0,0.0,0.0
Uganda,UGA,Africa,0.5,31.5,5.3,High,0,0.0,0.0,0.0
Uganda,UGA,Africa,1.5,31.5,5.3,High,5,4.7,5.0,9.986
Uganda,UGA,Africa,2.5,31.5,5.3,High,2,4.6,4.7,20.0
Uganda,UGA,Africa,3.5,31.5,5.3,High,2,4.85,4.9,10.0
South Sudan,SSD,Africa,4.5,31.5,8.3,Very High,0,0.0,0.0,0.0
South Sudan,SSD,Africa,5.5,31.5,8.3,Very High,1,4.5,4.5,10.0
South Sudan,SSD,Africa,6.5,31.5,8.3,Very High,0,0.0,0.0,0.0
South Sudan,SSD,Africa,7.5,31.5,8.3,Very High,0,0.0,0.0,0.0
South Sudan,SSD,Africa,8.5,31.5,8.3,Very High,0,0.0,0.0,0.0
South Sudan,SSD,Africa,9.5,31.5,8.3,Very High,0,0.0,0.0,0.0
Sudan,SDN,Africa,10.5,31.5,7.7,Very High,0,0.0,0.0,0.0
Sudan,SDN,Africa,11.5,31.5,7.7,Very High,0,0.0,0.0,0.0
Sudan,SDN,Africa,12.5,31.5,7.7,Very High,0,0.0,0.0,0.0
Sudan,SDN,Africa,13.5,31.5,7.7,Very High,0,0.0,0.0,0.0
Sudan,SDN,Africa,14.5,31.5,7.7,Very High,0,0.0,0.0,0.0
Sudan,SDN,Africa,15.5,31.5,7.7,Very High,0,0.0,0.0,0.0
Sudan,SDN,Africa,16.5,31.5,7.7,Very High,0,0.0,0.0,0.0
Sudan,SDN,Africa,17.5,31.5,7.7,Very High,0,0.0,0.0,0.0
Sudan,SDN,Africa,18.5,31.5,7.7,Very High,0,0.0,0.0,0.0
Sudan,SDN,Africa,19.5,31.5,7.7,Very High,0,0.0,0.0,0.0
Sudan,SDN,Africa,20.5,31.5,7.7,Very High,0,0.0,0.0,0.0
Sudan,SDN,Africa,21.5,31.5,7.7,Very High,0,0.0,0.0,0.0
Egypt,EGY,Africa,22.5,31.5,4.3,Medium,0,0.0,0.0,0.0
Egypt,EGY,Africa,23.5,31.5,4.3,Medium,0,0.0,0.0,0.0
Egypt,EGY,Africa,24.5,31.5,4.3,Medium,0,0.0,0.0,0.0
Egypt,EGY,Africa,25.5,31.5,4.3,Medium,0,0.0,0.0,0.0
Egypt,EGY,Africa,26.5,31.5,4.3,Medium,0,0.0,0.0,0.0
Egypt,EGY,Africa,27.5,31.5,4.3,Medium,1,4.7,4.7,10.0
Egypt,EGY,Africa,28.5,31.5,4.3,Medium,1,4.5,4.5,1.5
Egypt,EGY,Africa,29.5,31.5,4.3,Medium,0,0.0,0.0,0.0
Egypt,EGY,Africa,30.5,31.5,4.3,Medium,0,0.0,0.0,0.0
Türkiye,TUR,Asia,37.5,31.5,5.2,High,2,4.75,4.8,11.35
Türkiye,TUR,Asia,38.5,31.5,5.2,High,10,5.08,6.5,12.11
Türkiye,TUR,Asia,39.5,31.5,5.2,High,0,0.0,0.0,0.0
Türkiye,TUR,Asia,40.5,31.5,5.2,High,6,4.7833,5.1,8.965
Ukraine,UKR,Europe,47.5,31.5,5.6,High,0,0.0,0.0,0.0
Ukraine,UKR,Europe,48.5,31.5,5.6,High,0,0.0,0.0,0.0
Ukraine,UKR,Europe,49.5,31.5,5.6,High,0,0.0,0.0,0.0
Ukraine,UKR,Europe,50.5,31.5,5.6,High,0,0.0,0.0,0.0
Ukraine,UKR,Europe,51.5,31.5,5.6,High,0,0.0,0.0,0.0
Belarus,BLR,Europe,52.5,31.5,2.5,Low,0,0.0,0.0,0.0
Belarus,BLR,Europe,53.5,31.5,2.5,Low,0,0.0,0.0,0.0
Russian Federation,RUS,Europe,54.5,31.5,4.0,Medium,0,0.0,0.0,0.0
Russian Federation,RUS,Europe,55.5,31.5,4.0,Medium,0,0.0,0.0,0.0
Russian Federation,RUS,Europe,56.5,31.5,4.0,Medium,0,0.0,0.0,0.0
Russian Federation,RUS,Europe,57.5,31.5,4.0,Medium,0,0.0,0.0,0.0
Russian Federation,RUS,Europe,58.5,31.5,4.0,Medium,0,0.0,0.0,0.0
Russian Federation,RUS,Europe,59.5,31.5,4.0,Medium,0,0.0,0.0,0.0
Russian Federation,RUS,Europe,60.5,31.5,4.0,Medium,0,0.0,0.0,0.0
Russian Federation,RUS,Europe,61.5,31.5,4.0,Medium,0,0.0,0.0,0.0
Russian Federation,RUS,Europe,62.5,31.5,4.0,Medium,0,0.0,0.0,0.0
Russian Federation,RUS,Europe,63.5,31.5,4.0,Medium,0,0.0,0.0,0.0
Russian Federation,RUS,Europe,64.5,31.5,4.0,Medium,0,0.0,0.0,0.0
Russian Federation,RUS,Europe,65.5,31.5,4.0,Medium,0,0.0,0.0,0.0
Russian Federation,RUS,Europe,66.5,31.5,4.0,Medium,0,0.0,0.0,0.0
Russian Federation,RUS,Europe,67.5,31.5,4.0,Medium,0,0.0,0.0,0.0
Russian Federation,RUS,Europe,68.5,31.5,4.0,Medium,0,0.0,0.0,0.0
Russian Federation,RUS,Europe,69.5,31.5,4.0,Medium,0,0.0,0.0,0.0
South Africa,ZAF,Africa,-27.5,32.5,4.2,Medium,0,0.0,0.0,0.0
Mozambique,MOZ,Africa,-26.5,32.5,6.9,Very High,0,0.0,0.0,0.0
Mozambique,MOZ,Africa,-25.5,32.5,6.9,Very High,0,0.0,0.0,0.0
Mozambique,MOZ,Africa,-24.5,32.5,6.9,Very High,0,0.0,0.0,0.0
Mozambique,MOZ,Africa,-23.5,32.5,6.9,Very High,0,0.0,0.0,0.0
Mozambique,MOZ,Africa,-22.5,32.5,6.9,Very High,0,0.0,0.0,0.0
Mozambique,MOZ,Africa,-21.5,32.5,6.9,Very High,2,4.7,4.7,10.0
Mozambique,MOZ,Africa,-20.5,32.5,6.9,Very High,2,5.05,5.6,10.5
Zimbabwe,ZWE,Africa,-19.5,32.5,4.8,Medium,0,0.0,0.0,0.0
Zimbabwe,ZWE,Africa,-18.5,32.5,4.8,Medium,0,0.0,0.0,0.0
Zimbabwe,ZWE,Africa,-17.5,32.5,4.8,Medium,0,0.0,0.0,0.0
Zimbabwe,ZWE,Africa,-16.5,32.5,4.8,Medium,0,0.0,0.0,0.0
Mozambique,MOZ,Africa,-15.5,32.5,6.9,Very High,0,0.0,0.0,0.0
Mozambique,MOZ,Africa,-14.5,32.5,6.9,Very High,0,0.0,0.0,0.0
Zambia,ZMB,Africa,-13.5,32.5,4.6,Medium,0,0.0,0.0,0.0
Zambia,ZMB,Africa,-12.5,32.5,4.6,Medium,0,0.0,0.0,0.0
Zambia,ZMB,Africa,-11.5,32.5,4.6,Medium,0,0.0,0.0,0.0
Zambia,ZMB,Africa,-10.5,32.5,4.6,Medium,0,0.0,0.0,0.0
Zambia,ZMB,Africa,-9.5,32.5,4.6,Medium,0,0.0,0.0,0.0
Tanzania,TZA,Africa,-8.5,32.5,4.8,Medium,5,4.7,4.9,10.06
Tanzania,TZA,Africa,-7.5,32.5,4.8,Medium,1,5.5,5.5,22.0
Tanzania,TZA,Africa,-6.5,32.5,4.8,Medium,1,4.5,4.5,10.0
Tanzania,TZA,Africa,-5.5,32.5,4.8,Medium,0,0.0,0.0,0.0
Tanzania,TZA,Africa,-4.5,32.5,4.8,Medium,0,0.0,0.0,0.0
Tanzania,TZA,Africa,-3.5,32.5,4.8,Medium,2,4.75,4.8,10.0
Tanzania,TZA,Africa,-2.5,32.5,4.8,Medium,0,0.0,0.0,0.0
Tanzania,TZA,Africa,-1.5,32.5,4.8,Medium,0,0.0,0.0,0.0
Uganda,UGA,Africa,-0.5,32.5,5.3,High,0,0.0,0.0,0.0
Uganda,UGA,Africa,0.5,32.5,5.3,High,0,0.0,0.0,0.0
Uganda,UGA,Africa,1.5,32.5,5.3,High,0,0.0,0.0,0.0
Uganda,UGA,Africa,2.5,32.5,5.3,High,0,0.0,0.0,0.0
Uganda,UGA,Africa,3.5,32.5,5.3,High,0,0.0,0.0,0.0
South Sudan,SSD,Africa,4.5,32.5,8.3,Very High,1,4.8,4.8,10.0
South Sudan,SSD,Africa,5.5,32.5,8.3,Very High,3,4.5667,4.6,10.0
South Sudan,SSD,Africa,6.5,32.5,8.3,Very High,0,0.0,0.0,0.0
South Sudan,SSD,Africa,7.5,32.5,8.3,Very High,0,0.0,0.0,0.0
South Sudan,SSD,Africa,8.5,32.5,8.3,Very High,0,0.0,0.0,0.0
South Sudan,SSD,Africa,9.5,32.5,8.3,Very High,0,0.0,0.0,0.0
South Sudan,SSD,Africa,10.5,32.5,8.3,Very High,0,0.0,0.0,0.0
South Sudan,SSD,Africa,11.5,32.5,8.3,Very High,0,0.0,0.0,0.0
Sudan,SDN,Africa,12.5,32.5,7.7,Very High,0,0.0,0.0,0.0
Sudan,SDN,Africa,13.5,32.5,7.7,Very High,0,0.0,0.0,0.0
Sudan,SDN,Africa,14.5,32.5,7.7,Very High,0,0.0,0.0,0.0
Sudan,SDN,Africa,15.5,32.5,7.7,Very High,0,0.0,0.0,0.0
Sudan,SDN,Africa,16.5,32.5,7.7,Very High,0,0.0,0.0,0.0
Sudan,SDN,Africa,17.5,32.5,7.7,Very High,0,0.0,0.0,0.0
Sudan,SDN,Africa,18.5,32.5,7.7,Very High,0,0.0,0.0,0.0
Sudan,SDN,Africa,19.5,32.5,7.7,Very High,0,0.0,0.0,0.0
Sudan,SDN,Africa,20.5,32.5,7.7,Very High,0,0.0,0.0,0.0
Sudan,SDN,Africa,21.5,32.5,7.7,Very High,0,0.0,0.0,0.0
Egypt,EGY,Africa,22.5,32.5,4.3,Medium,0,0.0,0.0,0.0
Egypt,EGY,Africa,23.5,32.5,4.3,Medium,0,0.0,0.0,0.0
Egypt,EGY,Africa,24.5,32.5,4.3,Medium,0,0.0,0.0,0.0
Egypt,EGY,Africa,25.5,32.5,4.3,Medium,0,0.0,0.0,0.0
Egypt,EGY,Africa,26.5,32.5,4.3,Medium,0,0.0,0.0,0.0
Egypt,EGY,Africa,27.5,32.5,4.3,Medium,0,0.0,0.0,0.0
Egypt,EGY,Africa,28.5,32.5,4.3,Medium,0,0.0,0.0,0.0
Egypt,EGY,Africa,30.5,32.5,4.3,Medium,0,0.0,0.0,0.0
Türkiye,TUR,Asia,36.5,32.5,5.2,High,0,0.0,0.0,0.0
Türkiye,TUR,Asia,37.5,32.5,5.2,High,4,4.85,5.1,7.6
Türkiye,TUR,Asia,38.5,32.5,5.2,High,2,4.8,4.8,9.9095
Türkiye,TUR,Asia,39.5,32.5,5.2,High,1,4.5,4.5,14.9
Türkiye,TUR,Asia,40.5,32.5,5.2,High,4,4.975,6.0,16.6
Türkiye,TUR,Asia,41.5,32.5,5.2,High,1,4.5,4.5,4.5
Ukraine,UKR,Europe,46.5,32.5,5.6,High,0,0.0,0.0,0.0
Ukraine,UKR,Europe,47.5,32.5,5.6,High,0,0.0,0.0,0.0
Ukraine,UKR,Europe,48.5,32.5,5.6,High,0,0.0,0.0,0.0
Ukraine,UKR,Europe,49.5,32.5,5.6,High,0,0.0,0.0,0.0
Ukraine,UKR,Europe,50.5,32.5,5.6,High,0,0.0,0.0,0.0
Ukraine,UKR,Europe,51.5,32.5,5.6,High,0,0.0,0.0,0.0
Russian Federation,RUS,Europe,52.5,32.5,4.0,Medium,0,0.0,0.0,0.0
Belarus,BLR,Europe,53.5,32.5,2.5,Low,0,0.0,0.0,0.0
Russian Federation,RUS,Europe,54.5,32.5,4.0,Medium,0,0.0,0.0,0.0
Russian Federation,RUS,Europe,55.5,32.5,4.0,Medium,0,0.0,0.0,0.0
Russian Federation,RUS,Europe,56.5,32.5,4.0,Medium,0,0.0,0.0,0.0
Russian Federation,RUS,Europe,57.5,32.5,4.0,Medium,0,0.0,0.0,0.0
Russian Federation,RUS,Europe,58.5,32.5,4.0,Medium,0,0.0,0.0,0.0
Russian Federation,RUS,Europe,59.5,32.5,4.0,Medium,0,0.0,0.0,0.0
Russian Federation,RUS,Europe,60.5,32.5,4.0,Medium,0,0.0,0.0,0.0
Russian Federation,RUS,Europe,61.5,32.5,4.0,Medium,0,0.0,0.0,0.0
Russian Federation,RUS,Europe,62.5,32.5,4.0,Medium,0,0.0,0.0,0.0
Russian Federation,RUS,Europe,63.5,32.5,4.0,Medium,0,0.0,0.0,0.0
Russian Federation,RUS,Europe,64.5,32.5,4.0,Medium,0,0.0,0.0,0.0
Russian Federation,RUS,Europe,65.5,32.5,4.0,Medium,0,0.0,0.0,0.0
Russian Federation,RUS,Europe,66.5,32.5,4.0,Medium,0,0.0,0.0,0.0
Russian Federation,RUS,Europe,67.5,32.5,4.0,Medium,0,0.0,0.0,0.0
Russian Federation,RUS,Europe,68.5,32.5,4.0,Medium,0,0.0,0.0,0.0
Russian Federation,RUS,Europe,69.5,32.5,4.0,Medium,0,0.0,0.0,0.0
Mozambique,MOZ,Africa,-24.5,33.5,6.9,Very High,0,0.0,0.0,0.0
Mozambique,MOZ,Africa,-23.5,33.5,6.9,Very High,0,0.0,0.0,0.0
Mozambique,MOZ,Africa,-22.5,33.5,6.9,Very High,0,0.0,0.0,0.0
Mozambique,MOZ,Africa,-21.5,33.5,6.9,Very High,64,4.8359,7.0,10.7352
Mozambique,MOZ,Africa,-20.5,33.5,6.9,Very High,2,4.55,4.6,10.0
Mozambique,MOZ,Africa,-19.5,33.5,6.9,Very High,1,4.6,4.6,10.0
Mozambique,MOZ,Africa,-18.5,33.5,6.9,Very High,0,0.0,0.0,0.0
Mozambique,MOZ,Africa,-17.5,33.5,6.9,Very High,0,0.0,0.0,0.0
Mozambique,MOZ,Africa,-16.5,33.5,6.9,Very High,0,0.0,0.0,0.0
Mozambique,MOZ,Africa,-15.5,33.5,6.9,Very High,0,0.0,0.0,0.0
Mozambique,MOZ,Africa,-14.5,33.5,6.9,Very High,0,0.0,0.0,0.0
Malawi,MWI,Africa,-13.5,33.5,4.7,Medium,0,0.0,0.0,0.0
Malawi,MWI,Africa,-12.5,33.5,4.7,Medium,1,4.6,4.6,10.0
Malawi,MWI,Africa,-11.5,33.5,4.7,Medium,0,0.0,0.0,0.0
Malawi,MWI,Africa,-10.5,33.5,4.7,Medium,14,5.0429,6.0,9.6429
Malawi,MWI,Africa,-9.5,33.5,4.7,Medium,8,4.9,5.9,9.75
Tanzania,TZA,Africa,-8.5,33.5,4.8,Medium,0,0.0,0.0,0.0
Tanzania,TZA,Africa,-7.5,33.5,4.8,Medium,0,0.0,0.0,0.0
Tanzania,TZA,Africa,-6.5,33.5,4.8,Medium,0,0.0,0.0,0.0
Tanzania,TZA,Africa,-5.5,33.5,4.8,Medium,0,0.0,0.0,0.0
Tanzania,TZA,Africa,-4.5,33.5,4.8,Medium,0,0.0,0.0,0.0
Tanzania,TZA,Africa,-3.5,33.5,4.8,Medium,1,4.9,4.9,10.0
Tanzania,TZA,Africa,-2.5,33.5,4.8,Medium,1,5.5,5.5,10.0
Tanzania,TZA,Africa,-1.5,33.5,4.8,Medium,0,0.0,0.0,0.0
Uganda,UGA,Africa,-0.5,33.5,5.3,High,2,4.65,4.7,17.35
Uganda,UGA,Africa,0.5,33.5,5.3,High,1,4.5,4.5,10.0
Uganda,UGA,Africa,1.5,33.5,5.3,High,0,0.0,0.0,0.0
Uganda,UGA,Africa,2.5,33.5,5.3,High,0,0.0,0.0,0.0
Uganda,UGA,Africa,3.5,33.5,5.3,High,0,0.0,0.0,0.0
South Sudan,SSD,Africa,4.5,33.5,8.3,Very High,0,0.0,0.0,0.0
South Sudan,SSD,Africa,5.5,33.5,8.3,Very High,0,0.0,0.0,0.0
South Sudan,SSD,Africa,6.5,33.5,8.3,Very High,0,0.0,0.0,0.0
South Sudan,SSD,Africa,7.5,33.5,8.3,Very High,0,0.0,0.0,0.0
South Sudan,SSD,Africa,8.5,33.5,8.3,Very High,0,0.0,0.0,0.0
South Sudan,SSD,Africa,9.5,33.5,8.3,Very High,0,0.0,0.0,0.0
Sudan,SDN,Africa,10.5,33.5,7.7,Very High,0,0.0,0.0,0.0
Sudan,SDN,Africa,11.5,33.5,7.7,Very High,0,0.0,0.0,0.0
Sudan,SDN,Africa,12.5,33.5,7.7,Very High,0,0.0,0.0,0.0
Sudan,SDN,Africa,13.5,33.5,7.7,Very High,0,0.0,0.0,0.0
Sudan,SDN,Africa,14.5,33.5,7.7,Very High,0,0.0,0.0,0.0
Sudan,SDN,Africa,15.5,33.5,7.7,Very High,0,0.0,0.0,0.0
Sudan,SDN,Africa,16.5,33.5,7.7,Very High,0,0.0,0.0,0.0
Sudan,SDN,Africa,17.5,33.5,7.7,Very High,0,0.0,0.0,0.0
Sudan,SDN,Africa,18.5,33.5,7.7,Very High,0,0.0,0.0,0.0
Sudan,SDN,Africa,19.5,33.5,7.7,Very High,0,0.0,0.0,0.0
Sudan,SDN,Africa,20.5,33.5,7.7,Very High,0,0.0,0.0,0.0
Sudan,SDN,Africa,21.5,33.5,7.7,Very High,0,0.0,0.0,0.0
Egypt,EGY,Africa,22.5,33.5,4.3,Medium,0,0.0,0.0,0.0
Egypt,EGY,Africa,23.5,33.5,4.3,Medium,0,0.0,0.0,0.0
Egypt,EGY,Africa,24.5,33.5,4.3,Medium,0,0.0,0.0,0.0
Egypt,EGY,Africa,25.5,33.5,4.3,Medium,0,0.0,0.0,0.0
Egypt,EGY,Africa,26.5,33.5,4.3,Medium,0,0.0,0.0,0.0
Egypt,EGY,Africa,28.5,33.5,4.3,Medium,2,4.7,4.7,15.9
Egypt,EGY,Africa,29.5,33.5,4.3,Medium,0,0.0,0.0,0.0
Egypt,EGY,Africa,30.5,33.5,4.3,Medium,0,0.0,0.0,0.0
Türkiye,TUR,Asia,36.5,33.5,5.2,High,0,0.0,0.0,0.0
Türkiye,TUR,Asia,37.5,33.5,5.2,High,3,4.7333,5.2,9.3913
Türkiye,TUR,Asia,38.5,33.5,5.2,High,1,4.9,4.9,5.0
Türkiye,TUR,Asia,39.5,33.5,5.2,High,7,4.9571,5.7,8.7571
Türkiye,TUR,Asia,40.5,33.5,5.2,High,4,4.725,4.9,20.25
Türkiye,TUR,Asia,41.5,33.5,5.2,High,4,4.625,4.9,7.275
Russian Federation,RUS,Europe,45.5,33.5,4.0,Medium,0,0.0,0.0,0.0
Ukraine,UKR,Europe,46.5,33.5,5.6,High,0,0.0,0.0,0.0
Ukraine,UKR,Europe,47.5,33.5,5.6,High,0,0.0,0.0,0.0
Ukraine,UKR,Europe,48.5,33.5,5.6,High,1,4.5,4.5,14.9
Ukraine,UKR,Europe,49.5,33.5,5.6,High,0,0.0,0.0,0.0
Ukraine,UKR,Europe,50.5,33.5,5.6,High,0,0.0,0.0,0.0
Ukraine,UKR,Europe,51.5,33.5,5.6,High,0,0.0,0.0,0.0
Russian Federation,RUS,Europe,52.5,33.5,4.0,Medium,0,0.0,0.0,0.0
Russian Federation,RUS,Europe,53.5,33.5,4.0,Medium,0,0.0,0.0,0.0
Russian Federation,RUS,Europe,54.5,33.5,4.0,Medium,0,0.0,0.0,0.0
Russian Federation,RUS,Europe,55.5,33.5,4.0,Medium,0,0.0,0.0,0.0
Russian Federation,RUS,Europe,56.5,33.5,4.0,Medium,0,0.0,0.0,0.0
Russian Federation,RUS,Europe,57.5,33.5,4.0,Medium,0,0.0,0.0,0.0
Russian Federation,RUS,Europe,58.5,33.5,4.0,Medium,0,0.0,0.0,0.0
Russian Federation,RUS,Europe,59.5,33.5,4.0,Medium,0,0.0,0.0,0.0
Russian Federation,RUS,Europe,60.5,33.5,4.0,Medium,0,0.0,0.0,0.0
Russian Federation,RUS,Europe,61.5,33.5,4.0,Medium,0,0.0,0.0,0.0
Russian Federation,RUS,Europe,62.5,33.5,4.0,Medium,0,0.0,0.0,0.0
Russian Federation,RUS,Europe,63.5,33.5,4.0,Medium,0,0.0,0.0,0.0
Russian Federation,RUS,Europe,64.5,33.5,4.0,Medium,0,0.0,0.0,0.0
Russian Federation,RUS,Europe,65.5,33.5,4.0,Medium,0,0.0,0.0,0.0
Russian Federation,RUS,Europe,67.5,33.5,4.0,Medium,0,0.0,0.0,0.0
Russian Federation,RUS,Europe,68.5,33.5,4.0,Medium,0,0.0,0.0,0.0
Mozambique,MOZ,Africa,-24.5,34.5,6.9,Very High,0,0.0,0.0,0.0
Mozambique,MOZ,Africa,-23.5,34.5,6.9,Very High,0,0.0,0.0,0.0
Mozambique,MOZ,Africa,-22.5,34.5,6.9,Very High,0,0.0,0.0,0.0
Mozambique,MOZ,Africa,-21.5,34.5,6.9,Very High,1,4.5,4.5,10.0
Mozambique,MOZ,Africa,-20.5,34.5,6.9,Very High,0,0.0,0.0,0.0
Mozambique,MOZ,Africa,-19.5,34.5,6.9,Very High,2,5.05,5.6,18.5
Mozambique,MOZ,Africa,-18.5,34.5,6.9,Very High,2,4.65,4.7,21.65
Mozambique,MOZ,Africa,-17.5,34.5,6.9,Very High,0,0.0,0.0,0.0
Mozambique,MOZ,Africa,-16.5,34.5,6.9,Very High,0,0.0,0.0,0.0
Malawi,MWI,Africa,-15.5,34.5,4.7,Medium,1,4.8,4.8,9.5
Malawi,MWI,Africa,-14.5,34.5,4.7,Medium,1,4.5,4.5,10.0
Malawi,MWI,Africa,-13.5,34.5,4.7,Medium,2,4.75,4.8,11.9
Mozambique,MOZ,Africa,-12.5,34.5,6.9,Very High,1,4.7,4.7,10.0
Malawi,MWI,Africa,-11.5,34.5,4.7,Medium,3,4.7,5.0,10.0
Tanzania,TZA,Africa,-10.5,34.5,4.8,Medium,4,4.75,5.0,14.75
Tanzania,TZA,Africa,-9.5,34.5,4.8,Medium,2,4.85,5.2,10.0
Tanzania,TZA,Africa,-8.5,34.5,4.8,Medium,0,0.0,0.0,0.0
Tanzania,TZA,Africa,-7.5,34.5,4.8,Medium,0,0.0,0.0,0.0
Tanzania,TZA,Africa,-6.5,34.5,4.8,Medium,0,0.0,0.0,0.0
Tanzania,TZA,Africa,-5.5,34.5,4.8,Medium,11,4.7545,5.5,10.0735
Tanzania,TZA,Africa,-4.5,34.5,4.8,Medium,7,4.5714,4.8,10.6
Tanzania,TZA,Africa,-3.5,34.5,4.8,Medium,5,4.8,5.1,10.0
Tanzania,TZA,Africa,-2.5,34.5,4.8,Medium,0,0.0,0.0,0.0
Tanzania,TZA,Africa,-1.5,34.5,4.8,Medium,2,5.0,5.2,10.0
Kenya,KEN,Africa,-0.5,34.5,5.8,High,1,5.0,5.0,10.0
Kenya,KEN,Africa,0.5,34.5,5.8,High,0,0.0,0.0,0.0
Uganda,UGA,Africa,1.5,34.5,5.3,High,0,0.0,0.0,0.0
Uganda,UGA,Africa,2.5,34.5,5.3,High,0,0.0,0.0,0.0
Kenya,KEN,Africa,3.5,34.5,5.8,High,0,0.0,0.0,0.0
Kenya,KEN,Africa,4.5,34.5,5.8,High,0,0.0,0.0,0.0
South Sudan,SSD,Africa,5.5,34.5,8.3,Very High,0,0.0,0.0,0.0
South Sudan,SSD,Africa,6.5,34.5,8.3,Very High,0,0.0,0.0,0.0
Ethiopia,ETH,Africa,7.5,34.5,6.9,Very High,0,0.0,0.0,0.0
Ethiopia,ETH,Africa,8.5,34.5,6.9,Very High,0,0.0,0.0,0.0
Ethiopia,ETH,Africa,9.5,34.5,6.9,Very High,0,0.0,0.0,0.0
Ethiopia,ETH,Africa,10.5,34.5,6.9,Very High,0,0.0,0.0,0.0
Sudan,SDN,Africa,11.5,34.5,7.7,Very High,0,0.0,0.0,0.0
Sudan,SDN,Africa,12.5,34.5,7.7,Very High,0,0.0,0.0,0.0
Sudan,SDN,Africa,13.5,34.5,7.7,Very High,0,0.0,0.0,0.0
Sudan,SDN,Africa,14.5,34.5,7.7,Very High,0,0.0,0.0,0.0
Sudan,SDN,Africa,15.5,34.5,7.7,Very High,0,0.0,0.0,0.0
Sudan,SDN,Africa,16.5,34.5,7.7,Very High,0,0.0,0.0,0.0
Sudan,SDN,Africa,17.5,34.5,7.7,Very High,0,0.0,0.0,0.0
Sudan,SDN,Africa,18.5,34.5,7.7,Very High,0,0.0,0.0,0.0
Sudan,SDN,Africa,19.5,34.5,7.7,Very High,0,0.0,0.0,0.0
Sudan,SDN,Africa,20.5,34.5,7.7,Very High,0,0.0,0.0,0.0
Sudan,SDN,Africa,21.5,34.5,7.7,Very High,0,0.0,0.0,0.0
Egypt,EGY,Africa,22.5,34.5,4.3,Medium,0,0.0,0.0,0.0
Egypt,EGY,Africa,23.5,34.5,4.3,Medium,0,0.0,0.0,0.0
Egypt,EGY,Africa,24.5,34.5,4.3,Medium,0,0.0,0.0,0.0
Egypt,EGY,Africa,25.5,34.5,4.3,Medium,0,0.0,0.0,0.0
Egypt,EGY,Africa,29.5,34.5,4.3,Medium,1,5.5,5.5,22.0
Egypt,EGY,Africa,30.5,34.5,4.3,Medium,0,0.0,0.0,0.0
Türkiye,TUR,Asia,37.5,34.5,5.2,High,0,0.0,0.0,0.0
Türkiye,TUR,Asia,38.5,34.5,5.2,High,1,5.1,5.1,10.0
Türkiye,TUR,Asia,39.5,34.5,5.2,High,3,4.7,5.0,16.0
Türkiye,TUR,Asia,40.5,34.5,5.2,High,2,4.65,4.8,20.95
Türkiye,TUR,Asia,41.5,34.5,5.2,High,0,0.0,0.0,0.0
Russian Federation,RUS,Europe,45.5,34.5,4.0,Medium,0,0.0,0.0,0.0
Ukraine,UKR,Europe,46.5,34.5,5.6,High,0,0.0,0.0,0.0
Ukraine,UKR,Europe,47.5,34.5,5.6,High,0,0.0,0.0,0.0
Ukraine,UKR,Europe,48.5,34.5,5.6,High,0,0.0,0.0,0.0
Ukraine,UKR,Europe,49.5,34.5,5.6,High,0,0.0,0.0,0.0
Ukraine,UKR,Europe,50.5,34.5,5.6,High,0,0.0,0.0,0.0
Russian Federation,RUS,Europe,51.5,34.5,4.0,Medium,0,0.0,0.0,0.0
Russian Federation,RUS,Europe,52.5,34.5,4.0,Medium,0,0.0,0.0,0.0
Russian Federation,RUS,Europe,53.5,34.5,4.0,Medium,0,0.0,0.0,0.0
Russian Federation,RUS,Europe,54.5,34.5,4.0,Medium,0,0.0,0.0,0.0
Russian Federation,RUS,Europe,55.5,34.5,4.0,Medium,0,0.0,0.0,0.0
Russian Federation,RUS,Europe,56.5,34.5,4.0,Medium,0,0.0,0.0,0.0
Russian Federation,RUS,Europe,57.5,34.5,4.0,Medium,0,0.0,0.0,0.0
Russian Federation,RUS,Europe,58.5,34.5,4.0,Medium,0,0.0,0.0,0.0
Russian Federation,RUS,Europe,59.5,34.5,4.0,Medium,0,0.0,0.0,0.0
Russian Federation,RUS,Europe,60.5,34.5,4.0,Medium,0,0.0,0.0,0.0
Russian Federation,RUS,Europe,61.5,34.5,4.0,Medium,0,0.0,0.0,0.0
Russian Federation,RUS,Europe,62.5,34.5,4.0,Medium,0,0.0,0.0,0.0
Russian Federation,RUS,Europe,63.5,34.5,4.0,Medium,0,0.0,0.0,0.0
Russian Federation,RUS,Europe,64.5,34.5,4.0,Medium,0,0.0,0.0,0.0
Russian Federation,RUS,Europe,65.5,34.5,4.0,Medium,0,0.0,0.0,0.0
Russian Federation,RUS,Europe,67.5,34.5,4.0,Medium,0,0.0,0.0,0.0
Russian Federation,RUS,Europe,68.5,34.5,4.0,Medium,0,0.0,0.0,0.0
Mozambique,MOZ,Africa,-22.5,35.5,6.9,Very High,0,0.0,0.0,0.0
Mozambique,MOZ,Africa,-18.5,35.5,6.9,Very High,0,0.0,0.0,0.0
Mozambique,MOZ,Africa,-17.5,35.5,6.9,Very High,4,4.7,5.1,10.0
Mozambique,MOZ,Africa,-16.5,35.5,6.9,Very High,6,4.95,5.5,11.1667
Malawi,MWI,Africa,-15.5,35.5,4.7,Medium,0,0.0,0.0,0.0
Malawi,MWI,Africa,-14.5,35.5,4.7,Medium,0,0.0,0.0,0.0
Mozambique,MOZ,Africa,-13.5,35.5,6.9,Very High,0,0.0,0.0,0.0
Mozambique,MOZ,Africa,-12.5,35.5,6.9,Very High,0,0.0,0.0,0.0
Mozambique,MOZ,Africa,-11.5,35.5,6.9,Very High,0,0.0,0.0,0.0
Tanzania,TZA,Africa,-10.5,35.5,4.8,Medium,0,0.0,0.0,0.0
Tanzania,TZA,Africa,-9.5,35.5,4.8,Medium,0,0.0,0.0,0.0
Tanzania,TZA,Africa,-8.5,35.5,4.8,Medium,0,0.0,0.0,0.0
Tanzania,TZA,Africa,-7.5,35.5,4.8,Medium,1,4.6,4.6,10.0
Tanzania,TZA,Africa,-6.5,35.5,4.8,Medium,1,4.5,4.5,10.0
Tanzania,TZA,Africa,-5.5,35.5,4.8,Medium,28,4.675,5.1,10.8214
Tanzania,TZA,Africa,-4.5,35.5,4.8,Medium,11,4.6727,5.1,11.4818
Tanzania,TZA,Africa,-3.5,35.5,4.8,Medium,4,4.6,4.7,10.205
Tanzania,TZA,Africa,-2.5,35.5,4.8,Medium,9,4.6444,4.9,10.4878
Kenya,KEN,Africa,-1.5,35.5,5.8,High,0,0.0,0.0,0.0
Kenya,KEN,Africa,-0.5,35.5,5.8,High,0,0.0,0.0,0.0
Kenya,KEN,Africa,0.5,35.5,5.8,High,1,4.7,4.7,10.0
Kenya,KEN,Africa,1.5,35.5,5.8,High,0,0.0,0.0,0.0
Kenya,KEN,Africa,2.5,35.5,5.8,High,0,0.0,0.0,0.0
Kenya,KEN,Africa,3.5,35.5,5.8,High,0,0.0,0.0,0.0
Kenya,KEN,Africa,4.5,35.5,5.8,High,1,4.5,4.5,10.0
Ethiopia,ETH,Africa,5.5,35.5,6.9,Very High,0,0.0,0.0,0.0
Ethiopia,ETH,Africa,6.5,35.5,6.9,Very High,0,0.0,0.0,0.0
Ethiopia,ETH,Africa,7.5,35.5,6.9,Very High,0,0.0,0.0,0.0
Ethiopia,ETH,Africa,8.5,35.5,6.9,Very High,0,0.0,0.0,0.0
Ethiopia,ETH,Africa,9.5,35.5,6.9,Very High,0,0.0,0.0,0.0
Ethiopia,ETH,Africa,10.5,35.5,6.9,Very High,0,0.0,0.0,0.0
Ethiopia,ETH,Africa,11.5,35.5,6.9,Very High,0,0.0,0.0,0.0
Sudan,SDN,Africa,12.5,35.5,7.7,Very High,0,0.0,0.0,0.0
Sudan,SDN,Africa,13.5,35.5,7.7,Very High,0,0.0,0.0,0.0
Sudan,SDN,Africa,14.5,35.5,7.7,Very High,0,0.0,0.0,0.0
Sudan,SDN,Africa,15.5,35.5,7.7,Very High,0,0.0,0.0,0.0
Sudan,SDN,Africa,16.5,35.5,7.7,Very High,0,0.0,0.0,0.0
Sudan,SDN,Africa,17.5,35.5,7.7,Very High,0,0.0,0.0,0.0
Sudan,SDN,Africa,18.5,35.5,7.7,Very High,0,0.0,0.0,0.0
Sudan,SDN,Africa,19.5,35.5,7.7,Very High,0,0.0,0.0,0.0
Sudan,SDN,Africa,20.5,35.5,7.7,Very High,0,0.0,0.0,0.0
Sudan,SDN,Africa,21.5,35.5,7.7,Very High,0,0.0,0.0,0.0
Egypt,EGY,Africa,22.5,35.5,4.3,Medium,0,0.0,0.0,0.0
Egypt,EGY,Africa,23.5,35.5,4.3,Medium,0,0.0,0.0,0.0
Saudi Arabia,SAU,Asia,28.5,35.5,2.3,Low,1,4.5,4.5,10.0
Jordan,JOR,Asia,29.5,35.5,3.9,Medium,0,0.0,0.0,0.0
Jordan,JOR,Asia,30.5,35.5,3.9,Medium,0,0.0,0.0,0.0
Jordan,JOR,Asia,31.5,35.5,3.9,Medium,4,4.725,5.3,15.9
Israel,ISR,Asia,32.5,35.5,2.9,Low,2,4.6,4.7,5.5
Lebanon,LBN,Asia,33.5,35.5,6.6,Very High,1,5.1,5.1,10.0
Türkiye,TUR,Asia,37.5,35.5,5.2,High,8,4.65,5.5,9.1095
Türkiye,TUR,Asia,38.5,35.5,5.2,High,3,4.8667,5.1,7.0
Türkiye,TUR,Asia,39.5,35.5,5.2,High,1,4.9,4.9,10.0
Türkiye,TUR,Asia,40.5,35.5,5.2,High,0,0.0,0.0,0.0
Türkiye,TUR,Asia,41.5,35.5,5.2,High,0,0.0,0.0,0.0
Ukraine,UKR,Europe,47.5,35.5,5.6,High,0,0.0,0.0,0.0
Ukraine,UKR,Europe,48.5,35.5,5.6,High,0,0.0,0.0,0.0
Ukraine,UKR,Europe,49.5,35.5,5.6,High,0,0.0,0.0,0.0
Ukraine,UKR,Europe,50.5,35.5,5.6,High,0,0.0,0.0,0.0
Russian Federation,RUS,Europe,51.5,35.5,4.0,Medium,0,0.0,0.0,0.0
Russian Federation,RUS,Europe,52.5,35.5,4.0,Medium,0,0.0,0.0,0.0
Russian Federation,RUS,Europe,53.5,35.5,4.0,Medium,0,0.0,0.0,0.0
Russian Federation,RUS,Europe,54.5,35.5,4.0,Medium,0,0.0,0.0,0.0
Russian Federation,RUS,Europe,55.5,35.5,4.0,Medium,0,0.0,0.0,0.0
Russian Federation,RUS,Europe,56.5,35.5,4.0,Medium,0,0.0,0.0,0.0
Russian Federation,RUS,Europe,57.5,35.5,4.0,Medium,0,0.0,0.0,0.0
Russian Federation,RUS,Europe,58.5,35.5,4.0,Medium,0,0.0,0.0,0.0
Russian Federation,RUS,Europe,59.5,35.5,4.0,Medium,0,0.0,0.0,0.0
Russian Federation,RUS,Europe,60.5,35.5,4.0,Medium,0,0.0,0.0,0.0
Russian Federation,RUS,Europe,61.5,35.5,4.0,Medium,0,0.0,0.0,0.0
Russian Federation,RUS,Europe,62.5,35.5,4.0,Medium,0,0.0,0.0,0.0
Russian Federation,RUS,Europe,63.5,35.5,4.0,Medium,0,0.0,0.0,0.0
Russian Federation,RUS,Europe,66.5,35.5,4.0,Medium,0,0.0,0.0,0.0
Russian Federation,RUS,Europe,67.5,35.5,4.0,Medium,0,0.0,0.0,0.0
Russian Federation,RUS,Europe,68.5,35.5,4.0,Medium,0,0.0,0.0,0.0
Mozambique,MOZ,Africa,-17.5,36.5,6.9,Very High,0,0.0,0.0,0.0
Mozambique,MOZ,Africa,-16.5,36.5,6.9,Very High,0,0.0,0.0,0.0
Mozambique,MOZ,Africa,-15.5,36.5,6.9,Very High,1,4.6,4.6,10.0
Mozambique,MOZ,Africa,-14.5,36.5,6.9,Very High,0,0.0,0.0,0.0
Mozambique,MOZ,Africa,-13.5,36.5,6.9,Very High,0,0.0,0.0,0.0
Mozambique,MOZ,Africa,-12.5,36.5,6.9,Very High,0,0.0,0.0,0.0
Tanzania,TZA,Africa,-11.5,36.5,4.8,Medium,0,0.0,0.0,0.0
Tanzania,TZA,Africa,-10.5,36.5,4.8,Medium,0,0.0,0.0,0.0
Tanzania,TZA,Africa,-9.5,36.5,4.8,Medium,0,0.0,0.0,0.0
Tanzania,TZA,Africa,-8.5,36.5,4.8,Medium,0,0.0,0.0,0.0
Tanzania,TZA,Africa,-7.5,36.5,4.8,Medium,1,4.5,4.5,10.0
Tanzania,TZA,Africa,-6.5,36.5,4.8,Medium,0,0.0,0.0,0.0
Tanzania,TZA,Africa,-5.5,36.5,4.8,Medium,6,5.05,5.5,10.0
Tanzania,TZA,Africa,-4.5,36.5,4.8,Medium,1,4.8,4.8,10.0
Tanzania,TZA,Africa,-3.5,36.5,4.8,Medium,1,4.6,4.6,15.68
Tanzania,TZA,Africa,-2.5,36.5,4.8,Medium,27,4.8926,5.9,9.963
Kenya,KEN,Africa,-1.5,36.5,5.8,High,0,0.0,0.0,0.0
Kenya,KEN,Africa,-0.5,36.5,5.8,High,0,0.0,0.0,0.0
Kenya,KEN,Africa,0.5,36.5,5.8,High,0,0.0,0.0,0.0
Kenya,KEN,Africa,1.5,36.5,5.8,High,0,0.0,0.0,0.0
Kenya,KEN,Africa,2.5,36.5,5.8,High,1,5.0,5.0,10.0
Kenya,KEN,Africa,3.5,36.5,5.8,High,1,5.2,5.2,10.0
Ethiopia,ETH,Africa,4.5,36.5,6.9,Very High,3,4.9,5.1,10.0
Ethiopia,ETH,Africa,5.5,36.5,6.9,Very High,3,4.6333,4.9,17.6667
Ethiopia,ETH,Africa,6.5,36.5,6.9,Very High,0,0.0,0.0,0.0
Ethiopia,ETH,Africa,7.5,36.5,6.9,Very High,0,0.0,0.0,0.0
Ethiopia,ETH,Africa,8.5,36.5,6.9,Very High,0,0.0,0.0,0.0
Ethiopia,ETH,Africa,9.5,36.5,6.9,Very High,0,0.0,0.0,0.0
Ethiopia,ETH,Africa,10.5,36.5,6.9,Very High,0,0.0,0.0,0.0
Ethiopia,ETH,Africa,11.5,36.5,6.9,Very High,0,0.0,0.0,0.0
Ethiopia,ETH,Africa,12.5,36.5,6.9,Very High,0,0.0,0.0,0.0
Ethiopia,ETH,Africa,13.5,36.5,6.9,Very High,0,0.0,0.0,0.0
Eritrea,ERI,Africa,14.5,36.5,4.3,Medium,0,0.0,0.0,0.0
Sudan,SDN,Africa,15.5,36.5,7.7,Very High,0,0.0,0.0,0.0
Sudan,SDN,Africa,16.5,36.5,7.7,Very High,0,0.0,0.0,0.0
Sudan,SDN,Africa,17.5,36.5,7.7,Very High,0,0.0,0.0,0.0
Sudan,SDN,Africa,18.5,36.5,7.7,Very High,0,0.0,0.0,0.0
Sudan,SDN,Africa,19.5,36.5,7.7,Very High,0,0.0,0.0,0.0
Sudan,SDN,Africa,20.5,36.5,7.7,Very High,0,0.0,0.0,0.0
Sudan,SDN,Africa,21.5,36.5,7.7,Very High,0,0.0,0.0,0.0
Saudi Arabia,SAU,Asia,26.5,36.5,2.3,Low,0,0.0,0.0,0.0
Saudi Arabia,SAU,Asia,27.5,36.5,2.3,Low,2,4.65,4.7,10.0
Saudi Arabia,SAU,Asia,28.5,36.5,2.3,Low,0,0.0,0.0,0.0
Saudi Arabia,SAU,Asia,29.5,36.5,2.3,Low,0,0.0,0.0,0.0
Jordan,JOR,Asia,30.5,36.5,3.9,Medium,0,0.0,0.0,0.0
Jordan,JOR,Asia,31.5,36.5,3.9,Medium,0,0.0,0.0,0.0
Syria,SYR,Asia,32.5,36.5,7.5,Very High,0,0.0,0.0,0.0
Syria,SYR,Asia,33.5,36.5,7.5,Very High,0,0.0,0.0,0.0
Syria,SYR,Asia,34.5,36.5,7.5,Very High,0,0.0,0.0,0.0
Syria,SYR,Asia,35.5,36.5,7.5,Very High,1,4.6,4.6,10.0
Türkiye,TUR,Asia,36.5,36.5,5.2,High,32,4.7156,6.3,10.6385
Türkiye,TUR,Asia,37.5,36.5,5.2,High,42,4.8119,6.7,8.4115
Türkiye,TUR,Asia,38.5,36.5,5.2,High,27,4.7889,6.0,9.8101
Türkiye,TUR,Asia,39.5,36.5,5.2,High,1,4.5,4.5,10.0
Türkiye,TUR,Asia,40.5,36.5,5.2,High,1,5.1,5.1,5.0
Türkiye,TUR,Asia,41.5,36.5,5.2,High,0,0.0,0.0,0.0
Ukraine,UKR,Europe,47.5,36.5,5.6,High,0,0.0,0.0,0.0
Ukraine,UKR,Europe,48.5,36.5,5.6,High,0,0.0,0.0,0.0
Ukraine,UKR,Europe,49.5,36.5,5.6,High,0,0.0,0.0,0.0
Russian Federation,RUS,Europe,50.5,36.5,4.0,Medium,0,0.0,0.0,0.0
Russian Federation,RUS,Europe,51.5,36.5,4.0,Medium,0,0.0,0.0,0.0
Russian Federation,RUS,Europe,52.5,36.5,4.0,Medium,0,0.0,0.0,0.0
Russian Federation,RUS,Europe,53.5,36.5,4.0,Medium,0,0.0,0.0,0.0
Russian Federation,RUS,Europe,54.5,36.5,4.0,Medium,0,0.0,0.0,0.0
Russian Federation,RUS,Europe,55.5,36.5,4.0,Medium,0,0.0,0.0,0.0
Russian Federation,RUS,Europe,56.5,36.5,4.0,Medium,0,0.0,0.0,0.0
Russian Federation,RUS,Europe,57.5,36.5,4.0,Medium,0,0.0,0.0,0.0
Russian Federation,RUS,Europe,58.5,36.5,4.0,Medium,0,0.0,0.0,0.0
Russian Federation,RUS,Europe,59.5,36.5,4.0,Medium,0,0.0,0.0,0.0
Russian Federation,RUS,Europe,60.5,36.5,4.0,Medium,0,0.0,0.0,0.0
Russian Federation,RUS,Europe,61.5,36.5,4.0,Medium,0,0.0,0.0,0.0
Russian Federation,RUS,Europe,62.5,36.5,4.0,Medium,0,0.0,0.0,0.0
Russian Federation,RUS,Europe,63.5,36.5,4.0,Medium,0,0.0,0.0,0.0
Russian Federation,RUS,Europe,66.5,36.5,4.0,Medium,0,0.0,0.0,0.0
Russian Federation,RUS,Europe,67.5,36.5,4.0,Medium,0,0.0,0.0,0.0
Russian Federation,RUS,Europe,68.5,36.5,4.0,Medium,0,0.0,0.0,0.0
Mozambique,MOZ,Africa,-17.5,37.5,6.9,Very High,0,0.0,0.0,0.0
Mozambique,MOZ,Africa,-16.5,37.5,6.9,Very High,0,0.0,0.0,0.0
Mozambique,MOZ,Africa,-15.5,37.5,6.9,Very High,0,0.0,0.0,0.0
Mozambique,MOZ,Africa,-14.5,37.5,6.9,Very High,0,0.0,0.0,0.0
Mozambique,MOZ,Africa,-13.5,37.5,6.9,Very High,0,0.0,0.0,0.0
Mozambique,MOZ,Africa,-12.5,37.5,6.9,Very High,0,0.0,0.0,0.0
Tanzania,TZA,Africa,-11.5,37.5,4.8,Medium,0,0.0,0.0,0.0
Tanzania,TZA,Africa,-10.5,37.5,4.8,Medium,0,0.0,0.0,0.0
Tanzania,TZA,Africa,-9.5,37.5,4.8,Medium,0,0.0,0.0,0.0
Tanzania,TZA,Africa,-8.5,37.5,4.8,Medium,0,0.0,0.0,0.0
Tanzania,TZA,Africa,-7.5,37.5,4.8,Medium,2,5.2,5.6,8.0
Tanzania,TZA,Africa,-6.5,37.5,4.8,Medium,0,0.0,0.0,0.0
Tanzania,TZA,Africa,-5.5,37.5,4.8,Medium,0,0.0,0.0,0.0
Tanzania,TZA,Africa,-4.5,37.5,4.8,Medium,0,0.0,0.0,0.0
Tanzania,TZA,Africa,-3.5,37.5,4.8,Medium,0,0.0,0.0,0.0
Kenya,KEN,Africa,-2.5,37.5,5.8,High,1,4.5,4.5,10.0
Kenya,KEN,Africa,-1.5,37.5,5.8,High,0,0.0,0.0,0.0
Kenya,KEN,Africa,-0.5,37.5,5.8,High,0,0.0,0.0,0.0
Kenya,KEN,Africa,0.5,37.5,5.8,High,0,0.0,0.0,0.0
Kenya,KEN,Africa,1.5,37.5,5.8,High,0,0.0,0.0,0.0
Kenya,KEN,Africa,2.5,37.5,5.8,High,0,0.0,0.0,0.0
Kenya,KEN,Africa,3.5,37.5,5.8,High,0,0.0,0.0,0.0
Ethiopia,ETH,Africa,4.5,37.5,6.9,Very High,0,0.0,0.0,0.0
Ethiopia,ETH,Africa,5.5,37.5,6.9,Very High,0,0.0,0.0,0.0
Ethiopia,ETH,Africa,6.5,37.5,6.9,Very High,1,4.7,4.7,10.0
Ethiopia,ETH,Africa,7.5,37.5,6.9,Very High,1,5.1,5.1,10.0
Ethiopia,ETH,Africa,8.5,37.5,6.9,Very High,0,0.0,0.0,0.0
Ethiopia,ETH,Africa,9.5,37.5,6.9,Very High,0,0.0,0.0,0.0
Ethiopia,ETH,Africa,10.5,37.5,6.9,Very High,0,0.0,0.0,0.0
Ethiopia,ETH,Africa,11.5,37.5,6.9,Very High,0,0.0,0.0,0.0
Ethiopia,ETH,Africa,12.5,37.5,6.9,Very High,0,0.0,0.0,0.0
Ethiopia,ETH,Africa,13.5,37.5,6.9,Very High,0,0.0,0.0,0.0
Eritrea,ERI,Africa,14.5,37.5,4.3,Medium,0,0.0,0.0,0.0
Eritrea,ERI,Africa,15.5,37.5,4.3,Medium,0,0.0,0.0,0.0
Eritrea,ERI,Africa,16.5,37.5,4.3,Medium,0,0.0,0.0,0.0
Sudan,SDN,Africa,17.5,37.5,7.7,Very High,0,0.0,0.0,0.0
Sudan,SDN,Africa,18.5,37.5,7.7,Very High,0,0.0,0.0,0.0
Saudi Arabia,SAU,Asia,24.5,37.5,2.3,Low,0,0.0,0.0,0.0
Saudi Arabia,SAU,Asia,25.5,37.5,2.3,Low,6,4.9333,5.7,9.1667
Saudi Arabia,SAU,Asia,26.5,37.5,2.3,Low,0,0.0,0.0,0.0
Saudi Arabia,SAU,Asia,27.5,37.5,2.3,Low,0,0.0,0.0,0.0
Saudi Arabia,SAU,Asia,28.5,37.5,2.3,Low,0,0.0,0.0,0.0
Saudi Arabia,SAU,Asia,29.5,37.5,2.3,Low,0,0.0,0.0,0.0
Jordan,JOR,Asia,30.5,37.5,3.9,Medium,0,0.0,0.0,0.0
Saudi Arabia,SAU,Asia,31.5,37.5,2.3,Low,0,0.0,0.0,0.0
Jordan,JOR,Asia,32.5,37.5,3.9,Medium,0,0.0,0.0,0.0
Syria,SYR,Asia,33.5,37.5,7.5,Very High,0,0.0,0.0,0.0
Syria,SYR,Asia,34.5,37.5,7.5,Very High,0,0.0,0.0,0.0
Syria,SYR,Asia,35.5,37.5,7.5,Very High,0,0.0,0.0,0.0
Syria,SYR,Asia,36.5,37.5,7.5,Very High,0,0.0,0.0,0.0
Türkiye,TUR,Asia,37.5,37.5,5.2,High,49,4.8041,7.8,11.1217
Türkiye,TUR,Asia,38.5,37.5,5.2,High,21,4.8571,7.5,10.0839
Türkiye,TUR,Asia,39.5,37.5,5.2,High,0,0.0,0.0,0.0
Türkiye,TUR,Asia,40.5,37.5,5.2,High,2,4.75,4.9,10.3
Russian Federation,RUS,Europe,45.5,37.5,4.0,Medium,1,5.5,5.5,10.0
Ukraine,UKR,Europe,47.5,37.5,5.6,High,1,4.8,4.8,10.0
Ukraine,UKR,Europe,48.5,37.5,5.6,High,0,0.0,0.0,0.0
Ukraine,UKR,Europe,49.5,37.5,5.6,High,0,0.0,0.0,0.0
Russian Federation,RUS,Europe,50.5,37.5,4.0,Medium,0,0.0,0.0,0.0
Russian Federation,RUS,Europe,51.5,37.5,4.0,Medium,0,0.0,0.0,0.0
Russian Federation,RUS,Europe,52.5,37.5,4.0,Medium,0,0.0,0.0,0.0
Russian Federation,RUS,Europe,53.5,37.5,4.0,Medium,0,0.0,0.0,0.0
Russian Federation,RUS,Europe,54.5,37.5,4.0,Medium,0,0.0,0.0,0.0
Russian Federation,RUS,Europe,55.5,37.5,4.0,Medium,0,0.0,0.0,0.0
Russian Federation,RUS,Europe,56.5,37.5,4.0,Medium,0,0.0,0.0,0.0
Russian Federation,RUS,Europe,57.5,37.5,4.0,Medium,0,0.0,0.0,0.0
Russian Federation,RUS,Europe,58.5,37.5,4.0,Medium,0,0.0,0.0,0.0
Russian Federation,RUS,Europe,59.5,37.5,4.0,Medium,0,0.0,0.0,0.0
Russian Federation,RUS,Europe,60.5,37.5,4.0,Medium,0,0.0,0.0,0.0
Russian Federation,RUS,Europe,61.5,37.5,4.0,Medium,0,0.0,0.0,0.0
Russian Federation,RUS,Europe,62.5,37.5,4.0,Medium,0,0.0,0.0,0.0
Russian Federation,RUS,Europe,63.5,37.5,4.0,Medium,0,0.0,0.0,0.0
Russian Federation,RUS,Europe,64.5,37.5,4.0,Medium,0,0.0,0.0,0.0
Russian Federation,RUS,Europe,66.5,37.5,4.0,Medium,0,0.0,0.0,0.0
Russian Federation,RUS,Europe,67.5,37.5,4.0,Medium,0,0.0,0.0,0.0
Russian Federation,RUS,Europe,68.5,37.5,4.0,Medium,0,0.0,0.0,0.0
Mozambique,MOZ,Africa,-16.5,38.5,6.9,Very High,0,0.0,0.0,0.0
Mozambique,MOZ,Africa,-15.5,38.5,6.9,Very High,0,0.0,0.0,0.0
Mozambique,MOZ,Africa,-14.5,38.5,6.9,Very High,0,0.0,0.0,0.0
Mozambique,MOZ,Africa,-13.5,38.5,6.9,Very High,0,0.0,0.0,0.0
Mozambique,MOZ,Africa,-12.5,38.5,6.9,Very High,0,0.0,0.0,0.0
Mozambique,MOZ,Africa,-11.5,38.5,6.9,Very High,0,0.0,0.0,0.0
Tanzania,TZA,Africa,-10.5,38.5,4.8,Medium,0,0.0,0.0,0.0
Tanzania,TZA,Africa,-9.5,38.5,4.8,Medium,0,0.0,0.0,0.0
Tanzania,TZA,Africa,-8.5,38.5,4.8,Medium,2,4.8,4.9,12.26
Tanzania,TZA,Africa,-7.5,38.5,4.8,Medium,1,4.7,4.7,10.0
Tanzania,TZA,Africa,-6.5,38.5,4.8,Medium,0,0.0,0.0,0.0
Tanzania,TZA,Africa,-5.5,38.5,4.8,Medium,0,0.0,0.0,0.0
Tanzania,TZA,Africa,-4.5,38.5,4.8,Medium,1,4.9,4.9,10.0
Kenya,KEN,Africa,-3.5,38.5,5.8,High,1,4.7,4.7,10.0
Kenya,KEN,Africa,-2.5,38.5,5.8,High,0,0.0,0.0,0.0
Kenya,KEN,Africa,-1.5,38.5,5.8,High,0,0.0,0.0,0.0
Kenya,KEN,Africa,-0.5,38.5,5.8,High,0,0.0,0.0,0.0
Kenya,KEN,Africa,0.5,38.5,5.8,High,0,0.0,0.0,0.0
Kenya,KEN,Africa,1.5,38.5,5.8,High,0,0.0,0.0,0.0
Kenya,KEN,Africa,2.5,38.5,5.8,High,0,0.0,0.0,0.0
Kenya,KEN,Africa,3.5,38.5,5.8,High,0,0.0,0.0,0.0
Ethiopia,ETH,Africa,4.5,38.5,6.9,Very High,0,0.0,0.0,0.0
Ethiopia,ETH,Africa,5.5,38.5,6.9,Very High,0,0.0,0.0,0.0
Ethiopia,ETH,Africa,6.5,38.5,6.9,Very High,1,5.0,5.0,10.0
Ethiopia,ETH,Africa,7.5,38.5,6.9,Very High,1,5.3,5.3,10.0
Ethiopia,ETH,Africa,8.5,38.5,6.9,Very High,0,0.0,0.0,0.0
Ethiopia,ETH,Africa,9.5,38.5,6.9,Very High,0,0.0,0.0,0.0
Ethiopia,ETH,Africa,10.5,38.5,6.9,Very High,0,0.0,0.0,0.0
Ethiopia,ETH,Africa,11.5,38.5,6.9,Very High,0,0.0,0.0,0.0
Ethiopia,ETH,Africa,12.5,38.5,6.9,Very High,0,0.0,0.0,0.0
Ethiopia,ETH,Africa,13.5,38.5,6.9,Very High,0,0.0,0.0,0.0
Ethiopia,ETH,Africa,14.5,38.5,6.9,Very High,0,0.0,0.0,0.0
Eritrea,ERI,Africa,15.5,38.5,4.3,Medium,0,0.0,0.0,0.0
Eritrea,ERI,Africa,16.5,38.5,4.3,Medium,2,4.6,4.6,14.295
Eritrea,ERI,Africa,17.5,38.5,4.3,Medium,0,0.0,0.0,0.0
Saudi Arabia,SAU,Asia,24.5,38.5,2.3,Low,1,4.7,4.7,10.0
Saudi Arabia,SAU,Asia,25.5,38.5,2.3,Low,0,0.0,0.0,0.0
Saudi Arabia,SAU,Asia,26.5,38.5,2.3,Low,0,0.0,0.0,0.0
Saudi Arabia,SAU,Asia,27.5,38.5,2.3,Low,0,0.0,0.0,0.0
Saudi Arabia,SAU,Asia,28.5,38.5,2.3,Low,0,0.0,0.0,0.0
Saudi Arabia,SAU,Asia,29.5,38.5,2.3,Low,0,0.0,0.0,0.0
Saudi Arabia,SAU,Asia,30.5,38.5,2.3,Low,0,0.0,0.0,0.0
Saudi Arabia,SAU,Asia,31.5,38.5,2.3,Low,0,0.0,0.0,0.0
Jordan,JOR,Asia,32.5,38.5,3.9,Medium,0,0.0,0.0,0.0
Syria,SYR,Asia,33.5,38.5,7.5,Very High,0,0.0,0.0,0.0
Syria,SYR,Asia,34.5,38.5,7.5,Very High,0,0.0,0.0,0.0
Syria,SYR,Asia,35.5,38.5,7.5,Very High,0,0.0,0.0,0.0
Syria,SYR,Asia,36.5,38.5,7.5,Very High,0,0.0,0.0,0.0
Türkiye,TUR,Asia,37.5,38.5,5.2,High,10,4.87,5.6,13.743
Türkiye,TUR,Asia,38.5,38.5,5.2,High,50,4.844,6.0,10.3832
Türkiye,TUR,Asia,39.5,38.5,5.2,High,2,5.1,5.5,7.5
Türkiye,TUR,Asia,40.5,38.5,5.2,High,0,0.0,0.0,0.0
Russian Federation,RUS,Europe,44.5,38.5,4.0,Medium,0,0.0,0.0,0.0
Russian Federation,RUS,Europe,45.5,38.5,4.0,Medium,0,0.0,0.0,0.0
Russian Federation,RUS,Europe,46.5,38.5,4.0,Medium,0,0.0,0.0,0.0
Russian Federation,RUS,Europe,47.5,38.5,4.0,Medium,0,0.0,0.0,0.0
Ukraine,UKR,Europe,48.5,38.5,5.6,High,0,0.0,0.0,0.0
Ukraine,UKR,Europe,49.5,38.5,5.6,High,0,0.0,0.0,0.0
Russian Federation,RUS,Europe,50.5,38.5,4.0,Medium,0,0.0,0.0,0.0
Russian Federation,RUS,Europe,51.5,38.5,4.0,Medium,0,0.0,0.0,0.0
Russian Federation,RUS,Europe,52.5,38.5,4.0,Medium,0,0.0,0.0,0.0
Russian Federation,RUS,Europe,53.5,38.5,4.0,Medium,0,0.0,0.0,0.0
Russian Federation,RUS,Europe,54.5,38.5,4.0,Medium,0,0.0,0.0,0.0
Russian Federation,RUS,Europe,55.5,38.5,4.0,Medium,0,0.0,0.0,0.0
Russian Federation,RUS,Europe,56.5,38.5,4.0,Medium,0,0.0,0.0,0.0
Russian Federation,RUS,Europe,57.5,38.5,4.0,Medium,0,0.0,0.0,0.0
Russian Federation,RUS,Europe,58.5,38.5,4.0,Medium,0,0.0,0.0,0.0
Russian Federation,RUS,Europe,59.5,38.5,4.0,Medium,0,0.0,0.0,0.0
Russian Federation,RUS,Europe,60.5,38.5,4.0,Medium,0,0.0,0.0,0.0
Russian Federation,RUS,Europe,61.5,38.5,4.0,Medium,0,0.0,0.0,0.0
Russian Federation,RUS,Europe,62.5,38.5,4.0,Medium,0,0.0,0.0,0.0
Russian Federation,RUS,Europe,63.5,38.5,4.0,Medium,0,0.0,0.0,0.0
Russian Federation,RUS,Europe,64.5,38.5,4.0,Medium,0,0.0,0.0,0.0
Russian Federation,RUS,Europe,66.5,38.5,4.0,Medium,0,0.0,0.0,0.0
Russian Federation,RUS,Europe,67.5,38.5,4.0,Medium,0,0.0,0.0,0.0
Mozambique,MOZ,Africa,-16.5,39.5,6.9,Very High,0,0.0,0.0,0.0
Mozambique,MOZ,Africa,-15.5,39.5,6.9,Very High,1,4.5,4.5,10.0
Mozambique,MOZ,Africa,-14.5,39.5,6.9,Very High,0,0.0,0.0,0.0
Mozambique,MOZ,Africa,-13.5,39.5,6.9,Very High,0,0.0,0.0,0.0
Mozambique,MOZ,Africa,-12.5,39.5,6.9,Very High,0,0.0,0.0,0.0
Mozambique,MOZ,Africa,-11.5,39.5,6.9,Very High,0,0.0,0.0,0.0
Tanzania,TZA,Africa,-10.5,39.5,4.8,Medium,0,0.0,0.0,0.0
Tanzania,TZA,Africa,-9.5,39.5,4.8,Medium,1,5.3,5.3,10.0
Kenya,KEN,Africa,-3.5,39.5,5.8,High,0,0.0,0.0,0.0
Kenya,KEN,Africa,-2.5,39.5,5.8,High,0,0.0,0.0,0.0
Kenya,KEN,Africa,-1.5,39.5,5.8,High,0,0.0,0.0,0.0
Kenya,KEN,Africa,-0.5,39.5,5.8,High,0,0.0,0.0,0.0
Kenya,KEN,Africa,0.5,39.5,5.8,High,0,0.0,0.0,0.0
Kenya,KEN,Africa,1.5,39.5,5.8,High,0,0.0,0.0,0.0
Kenya,KEN,Africa,2.5,39.5,5.8,High,0,0.0,0.0,0.0
Ethiopia,ETH,Africa,3.5,39.5,6.9,Very High,0,0.0,0.0,0.0
Ethiopia,ETH,Africa,4.5,39.5,6.9,Very High,0,0.0,0.0,0.0
Ethiopia,ETH,Africa,5.5,39.5,6.9,Very High,0,0.0,0.0,0.0
Ethiopia,ETH,Africa,6.5,39.5,6.9,Very High,0,0.0,0.0,0.0
Ethiopia,ETH,Africa,7.5,39.5,6.9,Very High,1,4.5,4.5,10.0
Ethiopia,ETH,Africa,8.5,39.5,6.9,Very High,0,0.0,0.0,0.0
Ethiopia,ETH,Africa,9.5,39.5,6.9,Very High,0,0.0,0.0,0.0
Ethiopia,ETH,Africa,10.5,39.5,6.9,Very High,2,4.55,4.6,10.0
Ethiopia,ETH,Africa,11.5,39.5,6.9,Very High,0,0.0,0.0,0.0
Ethiopia,ETH,Africa,12.5,39.5,6.9,Very High,1,5.1,5.1,10.0
Ethiopia,ETH,Africa,13.5,39.5,6.9,Very High,4,4.825,5.7,10.0
Ethiopia,ETH,Africa,14.5,39.5,6.9,Very High,5,4.78,5.1,11.296
Eritrea,ERI,Africa,15.5,39.5,4.3,Medium,12,4.775,5.6,9.7503
Saudi Arabia,SAU,Asia,21.5,39.5,2.3,Low,0,0.0,0.0,0.0
Saudi Arabia,SAU,Asia,22.5,39.5,2.3,Low,0,0.0,0.0,0.0
Saudi Arabia,SAU,Asia,23.5,39.5,2.3,Low,0,0.0,0.0,0.0
Saudi Arabia,SAU,Asia,24.5,39.5,2.3,Low,0,0.0,0.0,0.0
Saudi Arabia,SAU,Asia,25.5,39.5,2.3,Low,0,0.0,0.0,0.0
Saudi Arabia,SAU,Asia,26.5,39.5,2.3,Low,0,0.0,0.0,0.0
Saudi Arabia,SAU,Asia,27.5,39.5,2.3,Low,0,0.0,0.0,0.0
Saudi Arabia,SAU,Asia,28.5,39.5,2.3,Low,0,0.0,0.0,0.0
Saudi Arabia,SAU,Asia,29.5,39.5,2.3,Low,0,0.0,0.0,0.0
Saudi Arabia,SAU,Asia,30.5,39.5,2.3,Low,0,0.0,0.0,0.0
Saudi Arabia,SAU,Asia,31.5,39.5,2.3,Low,0,0.0,0.0,0.0
Iraq,IRQ,Asia,32.5,39.5,5.7,High,0,0.0,0.0,0.0
Iraq,IRQ,Asia,33.5,39.5,5.7,High,0,0.0,0.0,0.0
Syria,SYR,Asia,34.5,39.5,7.5,Very High,0,0.0,0.0,0.0
Syria,SYR,Asia,35.5,39.5,7.5,Very High,1,4.6,4.6,10.0
Syria,SYR,Asia,36.5,39.5,7.5,Very High,0,0.0,0.0,0.0
Türkiye,TUR,Asia,37.5,39.5,5.2,High,0,0.0,0.0,0.0
Türkiye,TUR,Asia,38.5,39.5,5.2,High,26,5.0038,6.7,9.0315
Türkiye,TUR,Asia,39.5,39.5,5.2,High,3,5.2,6.1,8.3333
Türkiye,TUR,Asia,40.5,39.5,5.2,High,1,4.8,4.8,5.4
Russian Federation,RUS,Europe,44.5,39.5,4.0,Medium,3,4.6,4.7,8.9667
Russian Federation,RUS,Europe,45.5,39.5,4.0,Medium,0,0.0,0.0,0.0
Russian Federation,RUS,Europe,46.5,39.5,4.0,Medium,0,0.0,0.0,0.0
Russian Federation,RUS,Europe,47.5,39.5,4.0,Medium,0,0.0,0.0,0.0
Ukraine,UKR,Europe,48.5,39.5,5.6,High,0,0.0,0.0,0.0
Ukraine,UKR,Europe,49.5,39.5,5.6,High,0,0.0,0.0,0.0
Russian Federation,RUS,Europe,50.5,39.5,4.0,Medium,0,0.0,0.0,0.0
Russian Federation,RUS,Europe,51.5,39.5,4.0,Medium,0,0.0,0.0,0.0
Russian Federation,RUS,Europe,52.5,39.5,4.0,Medium,0,0.0,0.0,0.0
Russian Federation,RUS,Europe,53.5,39.5,4.0,Medium,0,0.0,0.0,0.0
Russian Federation,RUS,Europe,54.5,39.5,4.0,Medium,0,0.0,0.0,0.0
Russian Federation,RUS,Europe,55.5,39.5,4.0,Medium,0,0.0,0.0,0.0
Russian Federation,RUS,Europe,56.5,39.5,4.0,Medium,0,0.0,0.0,0.0
Russian Federation,RUS,Europe,57.5,39.5,4.0,Medium,0,0.0,0.0,0.0
Russian Federation,RUS,Europe,58.5,39.5,4.0,Medium,0,0.0,0.0,0.0
Russian Federation,RUS,Europe,59.5,39.5,4.0,Medium,0,0.0,0.0,0.0
Russian Federation,RUS,Europe,60.5,39.5,4.0,Medium,0,0.0,0.0,0.0
Russian Federation,RUS,Europe,61.5,39.5,4.0,Medium,0,0.0,0.0,0.0
Russian Federation,RUS,Europe,62.5,39.5,4.0,Medium,0,0.0,0.0,0.0
Russian Federation,RUS,Europe,63.5,39.5,4.0,Medium,0,0.0,0.0,0.0
Russian Federation,RUS,Europe,64.5,39.5,4.0,Medium,0,0.0,0.0,0.0
Russian Federation,RUS,Europe,66.5,39.5,4.0,Medium,0,0.0,0.0,0.0
Russian Federation,RUS,Europe,67.5,39.5,4.0,Medium,0,0.0,0.0,0.0
Mozambique,MOZ,Africa,-14.5,40.5,6.9,Very High,0,0.0,0.0,0.0
Mozambique,MOZ,Africa,-13.5,40.5,6.9,Very High,2,4.95,5.0,10.0
Mozambique,MOZ,Africa,-12.5,40.5,6.9,Very High,0,0.0,0.0,0.0
Kenya,KEN,Africa,-2.5,40.5,5.8,High,0,0.0,0.0,0.0
Kenya,KEN,Africa,-1.5,40.5,5.8,High,0,0.0,0.0,0.0
Kenya,KEN,Africa,-0.5,40.5,5.8,High,0,0.0,0.0,0.0
Kenya,KEN,Africa,0.5,40.5,5.8,High,0,0.0,0.0,0.0
Kenya,KEN,Africa,1.5,40.5,5.8,High,0,0.0,0.0,0.0
Kenya,KEN,Africa,2.5,40.5,5.8,High,0,0.0,0.0,0.0
Kenya,KEN,Africa,3.5,40.5,5.8,High,0,0.0,0.0,0.0
Ethiopia,ETH,Africa,4.5,40.5,6.9,Very High,0,0.0,0.0,0.0
Ethiopia,ETH,Africa,5.5,40.5,6.9,Very High,0,0.0,0.0,0.0
Ethiopia,ETH,Africa,6.5,40.5,6.9,Very High,0,0.0,0.0,0.0
Ethiopia,ETH,Africa,7.5,40.5,6.9,Very High,0,0.0,0.0,0.0
Ethiopia,ETH,Africa,8.5,40.5,6.9,Very High,0,0.0,0.0,0.0
Ethiopia,ETH,Africa,9.5,40.5,6.9,Very High,1,4.5,4.5,10.0
Ethiopia,ETH,Africa,10.5,40.5,6.9,Very High,1,5.0,5.0,10.0
Ethiopia,ETH,Africa,11.5,40.5,6.9,Very High,2,4.6,4.6,10.0
Ethiopia,ETH,Africa,12.5,40.5,6.9,Very High,95,4.7358,5.5,10.1432
Ethiopia,ETH,Africa,13.5,40.5,6.9,Very High,6,4.7833,5.2,9.995
Eritrea,ERI,Africa,14.5,40.5,4.3,Medium,5,4.94,5.5,10.0
Saudi Arabia,SAU,Asia,20.5,40.5,2.3,Low,0,0.0,0.0,0.0
Saudi Arabia,SAU,Asia,21.5,40.5,2.3,Low,0,0.0,0.0,0.0
Saudi Arabia,SAU,Asia,22.5,40.5,2.3,Low,0,0.0,0.0,0.0
Saudi Arabia,SAU,Asia,23.5,40.5,2.3,Low,0,0.0,0.0,0.0
Saudi Arabia,SAU,Asia,24.5,40.5,2.3,Low,0,0.0,0.0,0.0
Saudi Arabia,SAU,Asia,25.5,40.5,2.3,Low,0,0.0,0.0,0.0
Saudi Arabia,SAU,Asia,26.5,40.5,2.3,Low,0,0.0,0.0,0.0
Saudi Arabia,SAU,Asia,27.5,40.5,2.3,Low,0,0.0,0.0,0.0
Saudi Arabia,SAU,Asia,28.5,40.5,2.3,Low,0,0.0,0.0,0.0
Saudi Arabia,SAU,Asia,29.5,40.5,2.3,Low,0,0.0,0.0,0.0
Saudi Arabia,SAU,Asia,30.5,40.5,2.3,Low,0,0.0,0.0,0.0
Saudi Arabia,SAU,Asia,31.5,40.5,2.3,Low,0,0.0,0.0,0.0
Iraq,IRQ,Asia,32.5,40.5,5.7,High,0,0.0,0.0,0.0
Iraq,IRQ,Asia,33.5,40.5,5.7,High,0,0.0,0.0,0.0
Syria,SYR,Asia,34.5,40.5,7.5,Very High,0,0.0,0.0,0.0
Syria,SYR,Asia,35.5,40.5,7.5,Very High,0,0.0,0.0,0.0
Syria,SYR,Asia,36.5,40.5,7.5,Very High,0,0.0,0.0,0.0
Türkiye,TUR,Asia,37.5,40.5,5.2,High,0,0.0,0.0,0.0
Türkiye,TUR,Asia,38.5,40.5,5.2,High,11,4.9273,5.6,6.95
Türkiye,TUR,Asia,39.5,40.5,5.2,High,36,4.9361,6.4,8.1748
Türkiye,TUR,Asia,40.5,40.5,5.2,High,2,4.85,5.1,11.715
Russian Federation,RUS,Europe,43.5,40.5,4.0,Medium,1,4.6,4.6,10.0
Russian Federation,RUS,Europe,44.5,40.5,4.0,Medium,0,0.0,0.0,0.0
Russian Federation,RUS,Europe,45.5,40.5,4.0,Medium,0,0.0,0.0,0.0
Russian Federation,RUS,Europe,46.5,40.5,4.0,Medium,0,0.0,0.0,0.0
Russian Federation,RUS,Europe,47.5,40.5,4.0,Medium,0,0.0,0.0,0.0
Russian Federation,RUS,Europe,48.5,40.5,4.0,Medium,0,0.0,0.0,0.0
Russian Federation,RUS,Europe,49.5,40.5,4.0,Medium,0,0.0,0.0,0.0
Russian Federation,RUS,Europe,50.5,40.5,4.0,Medium,0,0.0,0.0,0.0
Russian Federation,RUS,Europe,51.5,40.5,4.0,Medium,0,0.0,0.0,0.0
Russian Federation,RUS,Europe,52.5,40.5,4.0,Medium,0,0.0,0.0,0.0
Russian Federation,RUS,Europe,53.5,40.5,4.0,Medium,0,0.0,0.0,0.0
Russian Federation,RUS,Europe,54.5,40.5,4.0,Medium,0,0.0,0.0,0.0
Russian Federation,RUS,Europe,55.5,40.5,4.0,Medium,0,0.0,0.0,0.0
Russian Federation,RUS,Europe,56.5,40.5,4.0,Medium,0,0.0,0.0,0.0
Russian Federation,RUS,Europe,57.5,40.5,4.0,Medium,0,0.0,0.0,0.0
Russian Federation,RUS,Europe,58.5,40.5,4.0,Medium,0,0.0,0.0,0.0
Russian Federation,RUS,Europe,59.5,40.5,4.0,Medium,0,0.0,0.0,0.0
Russian Federation,RUS,Europe,60.5,40.5,4.0,Medium,0,0.0,0.0,0.0
Russian Federation,RUS,Europe,61.5,40.5,4.0,Medium,0,0.0,0.0,0.0
Russian Federation,RUS,Europe,62.5,40.5,4.0,Medium,0,0.0,0.0,0.0
Russian Federation,RUS,Europe,63.5,40.5,4.0,Medium,0,0.0,0.0,0.0
Russian Federation,RUS,Europe,64.5,40.5,4.0,Medium,0,0.0,0.0,0.0
Russian Federation,RUS,Europe,65.5,40.5,4.0,Medium,0,0.0,0.0,0.0
Russian Federation,RUS,Europe,66.5,40.5,4.0,Medium,0,0.0,0.0,0.0
Russian Federation,RUS,Europe,67.5,40.5,4.0,Medium,0,0.0,0.0,0.0
Somalia,SOM,Africa,-1.5,41.5,8.2,Very High,0,0.0,0.0,0.0
Somalia,SOM,Africa,-0.5,41.5,8.2,Very High,0,0.0,0.0,0.0
Somalia,SOM,Africa,0.5,41.5,8.2,Very High,0,0.0,0.0,0.0
Somalia,SOM,Africa,1.5,41.5,8.2,Very High,0,0.0,0.0,0.0
Somalia,SOM,Africa,2.5,41.5,8.2,Very High,0,0.0,0.0,0.0
Kenya,KEN,Africa,3.5,41.5,5.8,High,0,0.0,0.0,0.0
Ethiopia,ETH,Africa,4.5,41.5,6.9,Very High,0,0.0,0.0,0.0
Ethiopia,ETH,Africa,5.5,41.5,6.9,Very High,0,0.0,0.0,0.0
Ethiopia,ETH,Africa,6.5,41.5,6.9,Very High,0,0.0,0.0,0.0
Ethiopia,ETH,Africa,7.5,41.5,6.9,Very High,0,0.0,0.0,0.0
Ethiopia,ETH,Africa,8.5,41.5,6.9,Very High,0,0.0,0.0,0.0
Ethiopia,ETH,Africa,9.5,41.5,6.9,Very High,1,4.5,4.5,8.66
Ethiopia,ETH,Africa,10.5,41.5,6.9,Very High,2,4.55,4.6,10.0
Ethiopia,ETH,Africa,11.5,41.5,6.9,Very High,2,4.6,4.6,12.275
Ethiopia,ETH,Africa,12.5,41.5,6.9,Very High,1,4.5,4.5,10.0
Ethiopia,ETH,Africa,13.5,41.5,6.9,Very High,22,4.8182,5.6,9.4864
Saudi Arabia,SAU,Asia,18.5,41.5,2.3,Low,0,0.0,0.0,0.0
Saudi Arabia,SAU,Asia,19.5,41.5,2.3,Low,0,0.0,0.0,0.0
Saudi Arabia,SAU,Asia,20.5,41.5,2.3,Low,0,0.0,0.0,0.0
Saudi Arabia,SAU,Asia,21.5,41.5,2.3,Low,0,0.0,0.0,0.0
Saudi Arabia,SAU,Asia,22.5,41.5,2.3,Low,0,0.0,0.0,0.0
Saudi Arabia,SAU,Asia,23.5,41.5,2.3,Low,0,0.0,0.0,0.0
Saudi Arabia,SAU,Asia,24.5,41.5,2.3,Low,0,0.0,0.0,0.0
Saudi Arabia,SAU,Asia,25.5,41.5,2.3,Low,0,0.0,0.0,0.0
Saudi Arabia,SAU,Asia,26.5,41.5,2.3,Low,0,0.0,0.0,0.0
Saudi Arabia,SAU,Asia,27.5,41.5,2.3,Low,0,0.0,0.0,0.0
Saudi Arabia,SAU,Asia,28.5,41.5,2.3,Low,0,0.0,0.0,0.0
Saudi Arabia,SAU,Asia,29.5,41.5,2.3,Low,0,0.0,0.0,0.0
Saudi Arabia,SAU,Asia,30.5,41.5,2.3,Low,0,0.0,0.0,0.0
Iraq,IRQ,Asia,31.5,41.5,5.7,High,0,0.0,0.0,0.0
Iraq,IRQ,Asia,32.5,41.5,5.7,High,0,0.0,0.0,0.0
Iraq,IRQ,Asia,33.5,41.5,5.7,High,0,0.0,0.0,0.0
Iraq,IRQ,Asia,34.5,41.5,5.7,High,0,0.0,0.0,0.0
Iraq,IRQ,Asia,35.5,41.5,5.7,High,0,0.0,0.0,0.0
Syria,SYR,Asia,36.5,41.5,7.5,Very High,1,4.9,4.9,10.0
Türkiye,TUR,Asia,37.5,41.5,5.2,High,1,5.0,5.0,10.0
Türkiye,TUR,Asia,38.5,41.5,5.2,High,0,0.0,0.0,0.0
Türkiye,TUR,Asia,39.5,41.5,5.2,High,10,5.0,5.6,16.44
Türkiye,TUR,Asia,40.5,41.5,5.2,High,0,0.0,0.0,0.0
Türkiye,TUR,Asia,41.5,41.5,5.2,High,0,0.0,0.0,0.0
Russian Federation,RUS,Europe,43.5,41.5,4.0,Medium,2,5.1,5.1,7.4
Russian Federation,RUS,Europe,44.5,41.5,4.0,Medium,0,0.0,0.0,0.0
Russian Federation,RUS,Europe,45.5,41.5,4.0,Medium,0,0.0,0.0,0.0
Russian Federation,RUS,Europe,46.5,41.5,4.0,Medium,0,0.0,0.0,0.0
Russian Federation,RUS,Europe,47.5,41.5,4.0,Medium,0,0.0,0.0,0.0
Russian Federation,RUS,Europe,48.5,41.5,4.0,Medium,0,0.0,0.0,0.0
Russian Federation,RUS,Europe,49.5,41.5,4.0,Medium,0,0.0,0.0,0.0
Russian Federation,RUS,Europe,50.5,41.5,4.0,Medium,0,0.0,0.0,0.0
Russian Federation,RUS,Europe,51.5,41.5,4.0,Medium,0,0.0,0.0,0.0
Russian Federation,RUS,Europe,52.5,41.5,4.0,Medium,0,0.0,0.0,0.0
Russian Federation,RUS,Europe,53.5,41.5,4.0,Medium,0,0.0,0.0,0.0
Russian Federation,RUS,Europe,54.5,41.5,4.0,Medium,0,0.0,0.0,0.0
Russian Federation,RUS,Europe,55.5,41.5,4.0,Medium,0,0.0,0.0,0.0
Russian Federation,RUS,Europe,56.5,41.5,4.0,Medium,0,0.0,0.0,0.0
Russian Federation,RUS,Europe,57.5,41.5,4.0,Medium,0,0.0,0.0,0.0
Russian Federation,RUS,Europe,58.5,41.5,4.0,Medium,0,0.0,0.0,0.0
Russian Federation,RUS,Europe,59.5,41.5,4.0,Medium,0,0.0,0.0,0.0
Russian Federation,RUS,Europe,60.5,41.5,4.0,Medium,0,0.0,0.0,0.0
Russian Federation,RUS,Europe,61.5,41.5,4.0,Medium,0,0.0,0.0,0.0
Russian Federation,RUS,Europe,62.5,41.5,4.0,Medium,0,0.0,0.0,0.0
Russian Federation,RUS,Europe,63.5,41.5,4.0,Medium,0,0.0,0.0,0.0
Russian Federation,RUS,Europe,64.5,41.5,4.0,Medium,0,0.0,0.0,0.0
Russian Federation,RUS,Europe,65.5,41.5,4.0,Medium,0,0.0,0.0,0.0
Somalia,SOM,Africa,0.5,42.5,8.2,Very High,0,0.0,0.0,0.0
Somalia,SOM,Africa,1.5,42.5,8.2,Very High,0,0.0,0.0,0.0
Somalia,SOM,Africa,2.5,42.5,8.2,Very High,0,0.0,0.0,0.0
Somalia,SOM,Africa,3.5,42.5,8.2,Very High,0,0.0,0.0,0.0
Ethiopia,ETH,Africa,4.5,42.5,6.9,Very High,0,0.0,0.0,0.0
Ethiopia,ETH,Africa,5.5,42.5,6.9,Very High,0,0.0,0.0,0.0
Ethiopia,ETH,Africa,6.5,42.5,6.9,Very High,0,0.0,0.0,0.0
Ethiopia,ETH,Africa,7.5,42.5,6.9,Very High,0,0.0,0.0,0.0
Ethiopia,ETH,Africa,8.5,42.5,6.9,Very High,0,0.0,0.0,0.0
Ethiopia,ETH,Africa,9.5,42.5,6.9,Very High,1,5.0,5.0,10.0
Ethiopia,ETH,Africa,10.5,42.5,6.9,Very High,0,0.0,0.0,0.0
Djibouti,DJI,Africa,11.5,42.5,4.8,Medium,5,4.7,5.0,10.0
Djibouti,DJI,Africa,12.5,42.5,4.8,Medium,1,4.5,4.5,10.0
Saudi Arabia,SAU,Asia,17.5,42.5,2.3,Low,1,4.5,4.5,17.55
Saudi Arabia,SAU,Asia,18.5,42.5,2.3,Low,0,0.0,0.0,0.0
Saudi Arabia,SAU,Asia,19.5,42.5,2.3,Low,0,0.0,0.0,0.0
Saudi Arabia,SAU,Asia,20.5,42.5,2.3,Low,0,0.0,0.0,0.0
Saudi Arabia,SAU,Asia,21.5,42.5,2.3,Low,0,0.0,0.0,0.0
Saudi Arabia,SAU,Asia,22.5,42.5,2.3,Low,0,0.0,0.0,0.0
Saudi Arabia,SAU,Asia,23.5,42.5,2.3,Low,0,0.0,0.0,0.0
Saudi Arabia,SAU,Asia,24.5,42.5,2.3,Low,0,0.0,0.0,0.0
Saudi Arabia,SAU,Asia,25.5,42.5,2.3,Low,0,0.0,0.0,0.0
Saudi Arabia,SAU,Asia,26.5,42.5,2.3,Low,0,0.0,0.0,0.0
Saudi Arabia,SAU,Asia,27.5,42.5,2.3,Low,0,0.0,0.0,0.0
Saudi Arabia,SAU,Asia,28.5,42.5,2.3,Low,0,0.0,0.0,0.0
Saudi Arabia,SAU,Asia,29.5,42.5,2.3,Low,0,0.0,0.0,0.0
Saudi Arabia,SAU,Asia,30.5,42.5,2.3,Low,0,0.0,0.0,0.0
Iraq,IRQ,Asia,31.5,42.5,5.7,High,0,0.0,0.0,0.0
Iraq,IRQ,Asia,32.5,42.5,5.7,High,0,0.0,0.0,0.0
Iraq,IRQ,Asia,33.5,42.5,5.7,High,0,0.0,0.0,0.0
Iraq,IRQ,Asia,34.5,42.5,5.7,High,0,0.0,0.0,0.0
Iraq,IRQ,Asia,35.5,42.5,5.7,High,0,0.0,0.0,0.0
Iraq,IRQ,Asia,36.5,42.5,5.7,High,0,0.0,0.0,0.0
Türkiye,TUR,Asia,37.5,42.5,5.2,High,5,4.88,5.3,11.846
Türkiye,TUR,Asia,38.5,42.5,5.2,High,9,4.7556,5.6,16.3444
Türkiye,TUR,Asia,39.5,42.5,5.2,High,4,4.825,5.2,5.775
Türkiye,TUR,Asia,40.5,42.5,5.2,High,6,4.6833,5.3,9.1667
Türkiye,TUR,Asia,41.5,42.5,5.2,High,1,5.2,5.2,10.0
Georgia,GEO,Asia,42.5,42.5,3.3,Low,3,4.6667,4.8,10.4
Russian Federation,RUS,Europe,43.5,42.5,4.0,Medium,0,0.0,0.0,0.0
Russian Federation,RUS,Europe,44.5,42.5,4.0,Medium,0,0.0,0.0,0.0
Russian Federation,RUS,Europe,45.5,42.5,4.0,Medium,0,0.0,0.0,0.0
Russian Federation,RUS,Europe,46.5,42.5,4.0,Medium,1,4.6,4.6,10.0
Russian Federation,RUS,Europe,47.5,42.5,4.0,Medium,0,0.0,0.0,0.0
Russian Federation,RUS,Europe,48.5,42.5,4.0,Medium,0,0.0,0.0,0.0
Russian Federation,RUS,Europe,49.5,42.5,4.0,Medium,0,0.0,0.0,0.0
Russian Federation,RUS,Europe,50.5,42.5,4.0,Medium,0,0.0,0.0,0.0
Russian Federation,RUS,Europe,51.5,42.5,4.0,Medium,0,0.0,0.0,0.0
Russian Federation,RUS,Europe,52.5,42.5,4.0,Medium,0,0.0,0.0,0.0
Russian Federation,RUS,Europe,53.5,42.5,4.0,Medium,0,0.0,0.0,0.0
Russian Federation,RUS,Europe,54.5,42.5,4.0,Medium,0,0.0,0.0,0.0
Russian Federation,RUS,Europe,55.5,42.5,4.0,Medium,0,0.0,0.0,0.0
Russian Federation,RUS,Europe,56.5,42.5,4.0,Medium,0,0.0,0.0,0.0
Russian Federation,RUS,Europe,57.5,42.5,4.0,Medium,0,0.0,0.0,0.0
Russian Federation,RUS,Europe,58.5,42.5,4.0,Medium,0,0.0,0.0,0.0
Russian Federation,RUS,Europe,59.5,42.5,4.0,Medium,0,0.0,0.0,0.0
Russian Federation,RUS,Europe,60.5,42.5,4.0,Medium,0,0.0,0.0,0.0
Russian Federation,RUS,Europe,61.5,42.5,4.0,Medium,0,0.0,0.0,0.0
Russian Federation,RUS,Europe,62.5,42.5,4.0,Medium,0,0.0,0.0,0.0
Russian Federation,RUS,Europe,63.5,42.5,4.0,Medium,0,0.0,0.0,0.0
Russian Federation,RUS,Europe,64.5,42.5,4.0,Medium,0,0.0,0.0,0.0
Russian Federation,RUS,Europe,65.5,42.5,4.0,Medium,0,0.0,0.0,0.0
Madagascar,MDG,Africa,-22.5,43.5,5.2,High,0,0.0,0.0,0.0
Madagascar,MDG,Africa,-21.5,43.5,5.2,High,0,0.0,0.0,0.0
Somalia,SOM,Africa,1.5,43.5,8.2,Very High,0,0.0,0.0,0.0
Somalia,SOM,Africa,2.5,43.5,8.2,Very High,0,0.0,0.0,0.0
Somalia,SOM,Africa,3.5,43.5,8.2,Very High,0,0.0,0.0,0.0
Somalia,SOM,Africa,4.5,43.5,8.2,Very High,0,0.0,0.0,0.0
Ethiopia,ETH,Africa,5.5,43.5,6.9,Very High,0,0.0,0.0,0.0
Ethiopia,ETH,Africa,6.5,43.5,6.9,Very High,0,0.0,0.0,0.0
Ethiopia,ETH,Africa,7.5,43.5,6.9,Very High,0,0.0,0.0,0.0
Ethiopia,ETH,Africa,8.5,43.5,6.9,Very High,0,0.0,0.0,0.0
Yemen,YEM,Asia,13.5,43.5,8.0,Very High,0,0.0,0.0,0.0
Yemen,YEM,Asia,14.5,43.5,8.0,Very High,0,0.0,0.0,0.0
Yemen,YEM,Asia,15.5,43.5,8.0,Very High,0,0.0,0.0,0.0
Yemen,YEM,Asia,16.5,43.5,8.0,Very High,0,0.0,0.0,0.0
Yemen,YEM,Asia,17.5,43.5,8.0,Very High,0,0.0,0.0,0.0
Saudi Arabia,SAU,Asia,18.5,43.5,2.3,Low,0,0.0,0.0,0.0
Saudi Arabia,SAU,Asia,19.5,43.5,2.3,Low,0,0.0,0.0,0.0
Saudi Arabia,SAU,Asia,20.5,43.5,2.3,Low,0,0.0,0.0,0.0
Saudi Arabia,SAU,Asia,21.5,43.5,2.3,Low,0,0.0,0.0,0.0
Saudi Arabia,SAU,Asia,22.5,43.5,2.3,Low,0,0.0,0.0,0.0
Saudi Arabia,SAU,Asia,23.5,43.5,2.3,Low,0,0.0,0.0,0.0
Saudi Arabia,SAU,Asia,24.5,43.5,2.3,Low,0,0.0,0.0,0.0
Saudi Arabia,SAU,Asia,25.5,43.5,2.3,Low,0,0.0,0.0,0.0
Saudi Arabia,SAU,Asia,26.5,43.5,2.3,Low,0,0.0,0.0,0.0
Saudi Arabia,SAU,Asia,27.5,43.5,2.3,Low,0,0.0,0.0,0.0
Saudi Arabia,SAU,Asia,28.5,43.5,2.3,Low,0,0.0,0.0,0.0
Saudi Arabia,SAU,Asia,29.5,43.5,2.3,Low,0,0.0,0.0,0.0
Iraq,IRQ,Asia,30.5,43.5,5.7,High,0,0.0,0.0,0.0
Iraq,IRQ,Asia,31.5,43.5,5.7,High,0,0.0,0.0,0.0
Iraq,IRQ,Asia,32.5,43.5,5.7,High,0,0.0,0.0,0.0
Iraq,IRQ,Asia,33.5,43.5,5.7,High,0,0.0,0.0,0.0
Iraq,IRQ,Asia,34.5,43.5,5.7,High,0,0.0,0.0,0.0
Iraq,IRQ,Asia,35.5,43.5,5.7,High,1,5.1,5.1,25.8
Iraq,IRQ,Asia,36.5,43.5,5.7,High,4,4.65,4.9,22.325
Türkiye,TUR,Asia,37.5,43.5,5.2,High,10,4.77,5.9,16.96
Türkiye,TUR,Asia,38.5,43.5,5.2,High,83,4.8012,7.1,7.5224
Türkiye,TUR,Asia,39.5,43.5,5.2,High,4,4.825,5.1,7.44
Türkiye,TUR,Asia,40.5,43.5,5.2,High,0,0.0,0.0,0.0
Georgia,GEO,Asia,41.5,43.5,3.3,Low,2,4.75,4.8,10.0
Georgia,GEO,Asia,42.5,43.5,3.3,Low,9,4.8889,6.0,11.4444
Russian Federation,RUS,Europe,43.5,43.5,4.0,Medium,0,0.0,0.0,0.0
Russian Federation,RUS,Europe,44.5,43.5,4.0,Medium,1,4.5,4.5,10.0
Russian Federation,RUS,Europe,45.5,43.5,4.0,Medium,0,0.0,0.0,0.0
Russian Federation,RUS,Europe,46.5,43.5,4.0,Medium,0,0.0,0.0,0.0
Russian Federation,RUS,Europe,47.5,43.5,4.0,Medium,0,0.0,0.0,0.0
Russian Federation,RUS,Europe,48.5,43.5,4.0,Medium,0,0.0,0.0,0.0
Russian Federation,RUS,Europe,49.5,43.5,4.0,Medium,0,0.0,0.0,0.0
Russian Federation,RUS,Europe,50.5,43.5,4.0,Medium,0,0.0,0.0,0.0
Russian Federation,RUS,Europe,51.5,43.5,4.0,Medium,0,0.0,0.0,0.0
Russian Federation,RUS,Europe,52.5,43.5,4.0,Medium,0,0.0,0.0,0.0
Russian Federation,RUS,Europe,53.5,43.5,4.0,Medium,0,0.0,0.0,0.0
Russian Federation,RUS,Europe,54.5,43.5,4.0,Medium,0,0.0,0.0,0.0
Russian Federation,RUS,Europe,55.5,43.5,4.0,Medium,0,0.0,0.0,0.0
Russian Federation,RUS,Europe,56.5,43.5,4.0,Medium,0,0.0,0.0,0.0
Russian Federation,RUS,Europe,57.5,43.5,4.0,Medium,0,0.0,0.0,0.0
Russian Federation,RUS,Europe,58.5,43.5,4.0,Medium,0,0.0,0.0,0.0
Russian Federation,RUS,Europe,59.5,43.5,4.0,Medium,0,0.0,0.0,0.0
Russian Federation,RUS,Europe,60.5,43.5,4.0,Medium,0,0.0,0.0,0.0
Russian Federation,RUS,Europe,61.5,43.5,4.0,Medium,0,0.0,0.0,0.0
Russian Federation,RUS,Europe,62.5,43.5,4.0,Medium,0,0.0,0.0,0.0
Russian Federation,RUS,Europe,63.5,43.5,4.0,Medium,0,0.0,0.0,0.0
Russian Federation,RUS,Europe,64.5,43.5,4.0,Medium,0,0.0,0.0,0.0
Russian Federation,RUS,Europe,65.5,43.5,4.0,Medium,0,0.0,0.0,0.0
Madagascar,MDG,Africa,-24.5,44.5,5.2,High,0,0.0,0.0,0.0
Madagascar,MDG,Africa,-23.5,44.5,5.2,High,0,0.0,0.0,0.0
Madagascar,MDG,Africa,-22.5,44.5,5.2,High,0,0.0,0.0,0.0
Madagascar,MDG,Africa,-21.5,44.5,5.2,High,0,0.0,0.0,0.0
Madagascar,MDG,Africa,-20.5,44.5,5.2,High,0,0.0,0.0,0.0
Madagascar,MDG,Africa,-19.5,44.5,5.2,High,0,0.0,0.0,0.0
Madagascar,MDG,Africa,-18.5,44.5,5.2,High,0,0.0,0.0,0.0
Madagascar,MDG,Africa,-17.5,44.5,5.2,High,0,0.0,0.0,0.0
Madagascar,MDG,Africa,-16.5,44.5,5.2,High,0,0.0,0.0,0.0
Somalia,SOM,Africa,1.5,44.5,8.2,Very High,0,0.0,0.0,0.0
Somalia,SOM,Africa,2.5,44.5,8.2,Very High,0,0.0,0.0,0.0
Somalia,SOM,Africa,3.5,44.5,8.2,Very High,0,0.0,0.0,0.0
Somalia,SOM,Africa,4.5,44.5,8.2,Very High,0,0.0,0.0,0.0
Ethiopia,ETH,Africa,5.5,44.5,6.9,Very High,0,0.0,0.0,0.0
Ethiopia,ETH,Africa,6.5,44.5,6.9,Very High,0,0.0,0.0,0.0
Ethiopia,ETH,Africa,7.5,44.5,6.9,Very High,0,0.0,0.0,0.0
Ethiopia,ETH,Africa,8.5,44.5,6.9,Very High,0,0.0,0.0,0.0
Yemen,YEM,Asia,13.5,44.5,8.0,Very High,0,0.0,0.0,0.0
Yemen,YEM,Asia,14.5,44.5,8.0,Very High,0,0.0,0.0,0.0
Yemen,YEM,Asia,15.5,44.5,8.0,Very High,0,0.0,0.0,0.0
Yemen,YEM,Asia,16.5,44.5,8.0,Very High,0,0.0,0.0,0.0
Saudi Arabia,SAU,Asia,17.5,44.5,2.3,Low,0,0.0,0.0,0.0
Saudi Arabia,SAU,Asia,18.5,44.5,2.3,Low,0,0.0,0.0,0.0
Saudi Arabia,SAU,Asia,19.5,44.5,2.3,Low,0,0.0,0.0,0.0
Saudi Arabia,SAU,Asia,20.5,44.5,2.3,Low,0,0.0,0.0,0.0
Saudi Arabia,SAU,Asia,21.5,44.5,2.3,Low,0,0.0,0.0,0.0
Saudi Arabia,SAU,Asia,22.5,44.5,2.3,Low,0,0.0,0.0,0.0
Saudi Arabia,SAU,Asia,23.5,44.5,2.3,Low,0,0.0,0.0,0.0
Saudi Arabia,SAU,Asia,24.5,44.5,2.3,Low,0,0.0,0.0,0.0
Saudi Arabia,SAU,Asia,25.5,44.5,2.3,Low,0,0.0,0.0,0.0
Saudi Arabia,SAU,Asia,26.5,44.5,2.3,Low,0,0.0,0.0,0.0
Saudi Arabia,SAU,Asia,27.5,44.5,2.3,Low,0,0.0,0.0,0.0
Saudi Arabia,SAU,Asia,28.5,44.5,2.3,Low,0,0.0,0.0,0.0
Iraq,IRQ,Asia,29.5,44.5,5.7,High,0,0.0,0.0,0.0
Iraq,IRQ,Asia,30.5,44.5,5.7,High,0,0.0,0.0,0.0
Iraq,IRQ,Asia,31.5,44.5,5.7,High,0,0.0,0.0,0.0
Iraq,IRQ,Asia,32.5,44.5,5.7,High,0,0.0,0.0,0.0
Iraq,IRQ,Asia,33.5,44.5,5.7,High,0,0.0,0.0,0.0
Iraq,IRQ,Asia,34.5,44.5,5.7,High,0,0.0,0.0,0.0
Iraq,IRQ,Asia,35.5,44.5,5.7,High,8,4.5625,4.7,15.6375
Iraq,IRQ,Asia,36.5,44.5,5.7,High,1,5.1,5.1,8.0
Türkiye,TUR,Asia,37.5,44.5,5.2,High,6,4.75,5.2,25.1167
Iran,IRN,Asia,38.5,44.5,5.9,High,21,4.9714,6.0,13.4239
Iran,IRN,Asia,39.5,44.5,5.9,High,1,4.6,4.6,10.0
Armenia,ARM,Asia,40.5,44.5,3.0,Low,1,4.9,4.9,10.0
Georgia,GEO,Asia,41.5,44.5,3.3,Low,5,4.9,5.3,9.342
Georgia,GEO,Asia,42.5,44.5,3.3,Low,1,4.6,4.6,33.0
Russian Federation,RUS,Europe,43.5,44.5,4.0,Medium,0,0.0,0.0,0.0
Russian Federation,RUS,Europe,44.5,44.5,4.0,Medium,0,0.0,0.0,0.0
Russian Federation,RUS,Europe,45.5,44.5,4.0,Medium,0,0.0,0.0,0.0
Russian Federation,RUS,Europe,46.5,44.5,4.0,Medium,0,0.0,0.0,0.0
Russian Federation,RUS,Europe,47.5,44.5,4.0,Medium,0,0.0,0.0,0.0
Russian Federation,RUS,Europe,48.5,44.5,4.0,Medium,0,0.0,0.0,0.0
Russian Federation,RUS,Europe,49.5,44.5,4.0,Medium,0,0.0,0.0,0.0
Russian Federation,RUS,Europe,50.5,44.5,4.0,Medium,0,0.0,0.0,0.0
Russian Federation,RUS,Europe,51.5,44.5,4.0,Medium,0,0.0,0.0,0.0
Russian Federation,RUS,Europe,52.5,44.5,4.0,Medium,0,0.0,0.0,0.0
Russian Federation,RUS,Europe,53.5,44.5,4.0,Medium,0,0.0,0.0,0.0
Russian Federation,RUS,Europe,54.5,44.5,4.0,Medium,0,0.0,0.0,0.0
Russian Federation,RUS,Europe,55.5,44.5,4.0,Medium,0,0.0,0.0,0.0
Russian Federation,RUS,Europe,56.5,44.5,4.0,Medium,0,0.0,0.0,0.0
Russian Federation,RUS,Europe,57.5,44.5,4.0,Medium,0,0.0,0.0,0.0
Russian Federation,RUS,Europe,58.5,44.5,4.0,Medium,0,0.0,0.0,0.0
Russian Federation,RUS,Europe,59.5,44.5,4.0,Medium,0,0.0,0.0,0.0
Russian Federation,RUS,Europe,60.5,44.5,4.0,Medium,0,0.0,0.0,0.0
Russian Federation,RUS,Europe,61.5,44.5,4.0,Medium,0,0.0,0.0,0.0
Russian Federation,RUS,Europe,62.5,44.5,4.0,Medium,0,0.0,0.0,0.0
Russian Federation,RUS,Europe,63.5,44.5,4.0,Medium,0,0.0,0.0,0.0
Russian Federation,RUS,Europe,64.5,44.5,4.0,Medium,0,0.0,0.0,0.0
Russian Federation,RUS,Europe,65.5,44.5,4.0,Medium,0,0.0,0.0,0.0
Russian Federation,RUS,Europe,66.5,44.5,4.0,Medium,0,0.0,0.0,0.0
Russian Federation,RUS,Europe,67.5,44.5,4.0,Medium,0,0.0,0.0,0.0
Madagascar,MDG,Africa,-25.5,45.5,5.2,High,0,0.0,0.0,0.0
Madagascar,MDG,Africa,-24.5,45.5,5.2,High,0,0.0,0.0,0.0
Madagascar,MDG,Africa,-23.5,45.5,5.2,High,0,0.0,0.0,0.0
Madagascar,MDG,Africa,-22.5,45.5,5.2,High,0,0.0,0.0,0.0
Madagascar,MDG,Africa,-21.5,45.5,5.2,High,0,0.0,0.0,0.0
Madagascar,MDG,Africa,-20.5,45.5,5.2,High,0,0.0,0.0,0.0
Madagascar,MDG,Africa,-19.5,45.5,5.2,High,0,0.0,0.0,0.0
Madagascar,MDG,Africa,-18.5,45.5,5.2,High,0,0.0,0.0,0.0
Madagascar,MDG,Africa,-17.5,45.5,5.2,High,0,0.0,0.0,0.0
Madagascar,MDG,Africa,-16.5,45.5,5.2,High,0,0.0,0.0,0.0
Somalia,SOM,Africa,2.5,45.5,8.2,Very High,0,0.0,0.0,0.0
Somalia,SOM,Africa,3.5,45.5,8.2,Very High,0,0.0,0.0,0.0
Somalia,SOM,Africa,4.5,45.5,8.2,Very High,0,0.0,0.0,0.0
Somalia,SOM,Africa,5.5,45.5,8.2,Very High,0,0.0,0.0,0.0
Ethiopia,ETH,Africa,6.5,45.5,6.9,Very High,0,0.0,0.0,0.0
Ethiopia,ETH,Africa,7.5,45.5,6.9,Very High,0,0.0,0.0,0.0
Ethiopia,ETH,Africa,8.5,45.5,6.9,Very High,0,0.0,0.0,0.0
Yemen,YEM,Asia,13.5,45.5,8.0,Very High,0,0.0,0.0,0.0
Yemen,YEM,Asia,14.5,45.5,8.0,Very High,1,4.9,4.9,10.0
Yemen,YEM,Asia,15.5,45.5,8.0,Very High,0,0.0,0.0,0.0
Yemen,YEM,Asia,16.5,45.5,8.0,Very High,0,0.0,0.0,0.0
Saudi Arabia,SAU,Asia,17.5,45.5,2.3,Low,0,0.0,0.0,0.0
Saudi Arabia,SAU,Asia,18.5,45.5,2.3,Low,0,0.0,0.0,0.0
Saudi Arabia,SAU,Asia,19.5,45.5,2.3,Low,0,0.0,0.0,0.0
Saudi Arabia,SAU,Asia,20.5,45.5,2.3,Low,0,0.0,0.0,0.0
Saudi Arabia,SAU,Asia,21.5,45.5,2.3,Low,0,0.0,0.0,0.0
Saudi Arabia,SAU,Asia,22.5,45.5,2.3,Low,0,0.0,0.0,0.0
Saudi Arabia,SAU,Asia,23.5,45.5,2.3,Low,0,0.0,0.0,0.0
Saudi Arabia,SAU,Asia,24.5,45.5,2.3,Low,0,0.0,0.0,0.0
Saudi Arabia,SAU,Asia,25.5,45.5,2.3,Low,0,0.0,0.0,0.0
Saudi Arabia,SAU,Asia,26.5,45.5,2.3,Low,0,0.0,0.0,0.0
Saudi Arabia,SAU,Asia,27.5,45.5,2.3,Low,0,0.0,0.0,0.0
Saudi Arabia,SAU,Asia,28.5,45.5,2.3,Low,0,0.0,0.0,0.0
Iraq,IRQ,Asia,29.5,45.5,5.7,High,0,0.0,0.0,0.0
Iraq,IRQ,Asia,30.5,45.5,5.7,High,0,0.0,0.0,0.0
Iraq,IRQ,Asia,31.5,45.5,5.7,High,0,0.0,0.0,0.0
Iraq,IRQ,Asia,32.5,45.5,5.7,High,0,0.0,0.0,0.0
Iraq,IRQ,Asia,33.5,45.5,5.7,High,36,4.8472,5.5,20.6242
Iraq,IRQ,Asia,34.5,45.5,5.7,High,65,4.8292,7.3,10.8272
Iraq,IRQ,Asia,35.5,45.5,5.7,High,9,4.8111,5.4,23.0233
Iran,IRN,Asia,36.5,45.5,5.9,High,3,4.7333,4.9,43.6667
Iran,IRN,Asia,37.5,45.5,5.9,High,0,0.0,0.0,0.0
Iran,IRN,Asia,38.5,45.5,5.9,High,6,4.9333,5.6,15.05
Armenia,ARM,Asia,39.5,45.5,3.0,Low,0,0.0,0.0,0.0
Azerbaijan,AZE,Asia,40.5,45.5,4.1,Medium,2,4.9,5.2,11.415
Georgia,GEO,Asia,41.5,45.5,3.3,Low,1,4.7,4.7,10.0
Russian Federation,RUS,Europe,42.5,45.5,4.0,Medium,2,4.9,5.3,7.5
Russian Federation,RUS,Europe,43.5,45.5,4.0,Medium,10,4.63,4.8,37.92
Russian Federation,RUS,Europe,44.5,45.5,4.0,Medium,0,0.0,0.0,0.0
Russian Federation,RUS,Europe,45.5,45.5,4.0,Medium,0,0.0,0.0,0.0
Russian Federation,RUS,Europe,46.5,45.5,4.0,Medium,0,0.0,0.0,0.0
Russian Federation,RUS,Europe,47.5,45.5,4.0,Medium,0,0.0,0.0,0.0
Russian Federation,RUS,Europe,48.5,45.5,4.0,Medium,0,0.0,0.0,0.0
Russian Federation,RUS,Europe,49.5,45.5,4.0,Medium,0,0.0,0.0,0.0
Russian Federation,RUS,Europe,50.5,45.5,4.0,Medium,0,0.0,0.0,0.0
Russian Federation,RUS,Europe,51.5,45.5,4.0,Medium,0,0.0,0.0,0.0
Russian Federation,RUS,Europe,52.5,45.5,4.0,Medium,0,0.0,0.0,0.0
Russian Federation,RUS,Europe,53.5,45.5,4.0,Medium,0,0.0,0.0,0.0
Russian Federation,RUS,Europe,54.5,45.5,4.0,Medium,0,0.0,0.0,0.0
Russian Federation,RUS,Europe,55.5,45.5,4.0,Medium,0,0.0,0.0,0.0
Russian Federation,RUS,Europe,56.5,45.5,4.0,Medium,0,0.0,0.0,0.0
Russian Federation,RUS,Europe,57.5,45.5,4.0,Medium,0,0.0,0.0,0.0
Russian Federation,RUS,Europe,58.5,45.5,4.0,Medium,0,0.0,0.0,0.0
Russian Federation,RUS,Europe,59.5,45.5,4.0,Medium,0,0.0,0.0,0.0
Russian Federation,RUS,Europe,60.5,45.5,4.0,Medium,0,0.0,0.0,0.0
Russian Federation,RUS,Europe,61.5,45.5,4.0,Medium,0,0.0,0.0,0.0
Russian Federation,RUS,Europe,62.5,45.5,4.0,Medium,0,0.0,0.0,0.0
Russian Federation,RUS,Europe,63.5,45.5,4.0,Medium,0,0.0,0.0,0.0
Russian Federation,RUS,Europe,64.5,45.5,4.0,Medium,0,0.0,0.0,0.0
Russian Federation,RUS,Europe,65.5,45.5,4.0,Medium,0,0.0,0.0,0.0
Russian Federation,RUS,Europe,66.5,45.5,4.0,Medium,0,0.0,0.0,0.0
Russian Federation,RUS,Europe,67.5,45.5,4.0,Medium,0,0.0,0.0,0.0
Madagascar,MDG,Africa,-24.5,46.5,5.2,High,0,0.0,0.0,0.0
Madagascar,MDG,Africa,-23.5,46.5,5.2,High,0,0.0,0.0,0.0
Madagascar,MDG,Africa,-22.5,46.5,5.2,High,0,0.0,0.0,0.0
Madagascar,MDG,Africa,-21.5,46.5,5.2,High,0,0.0,0.0,0.0
Madagascar,MDG,Africa,-20.5,46.5,5.2,High,1,5.5,5.5,7.26
Madagascar,MDG,Africa,-19.5,46.5,5.2,High,0,0.0,0.0,0.0
Madagascar,MDG,Africa,-18.5,46.5,5.2,High,0,0.0,0.0,0.0
Madagascar,MDG,Africa,-17.5,46.5,5.2,High,0,0.0,0.0,0.0
Madagascar,MDG,Africa,-16.5,46.5,5.2,High,0,0.0,0.0,0.0
Somalia,SOM,Africa,3.5,46.5,8.2,Very High,0,0.0,0.0,0.0
Somalia,SOM,Africa,4.5,46.5,8.2,Very High,0,0.0,0.0,0.0
Somalia,SOM,Africa,5.5,46.5,8.2,Very High,0,0.0,0.0,0.0
Somalia,SOM,Africa,6.5,46.5,8.2,Very High,0,0.0,0.0,0.0
Ethiopia,ETH,Africa,7.5,46.5,6.9,Very High,0,0.0,0.0,0.0
Yemen,YEM,Asia,13.5,46.5,8.0,Very High,0,0.0,0.0,0.0
Yemen,YEM,Asia,14.5,46.5,8.0,Very High,0,0.0,0.0,0.0
Yemen,YEM,Asia,15.5,46.5,8.0,Very High,0,0.0,0.0,0.0
Yemen,YEM,Asia,16.5,46.5,8.0,Very High,0,0.0,0.0,0.0
Saudi Arabia,SAU,Asia,17.5,46.5,2.3,Low,0,0.0,0.0,0.0
Saudi Arabia,SAU,Asia,18.5,46.5,2.3,Low,0,0.0,0.0,0.0
Saudi Arabia,SAU,Asia,19.5,46.5,2.3,Low,0,0.0,0.0,0.0
Saudi Arabia,SAU,Asia,20.5,46.5,2.3,Low,0,0.0,0.0,0.0
Saudi Arabia,SAU,Asia,21.5,46.5,2.3,Low,0,0.0,0.0,0.0
Saudi Arabia,SAU,Asia,22.5,46.5,2.3,Low,0,0.0,0.0,0.0
Saudi Arabia,SAU,Asia,23.5,46.5,2.3,Low,0,0.0,0.0,0.0
Saudi Arabia,SAU,Asia,24.5,46.5,2.3,Low,0,0.0,0.0,0.0
Saudi Arabia,SAU,Asia,25.5,46.5,2.3,Low,0,0.0,0.0,0.0
Saudi Arabia,SAU,Asia,26.5,46.5,2.3,Low,0,0.0,0.0,0.0
Saudi Arabia,SAU,Asia,27.5,46.5,2.3,Low,0,0.0,0.0,0.0
Saudi Arabia,SAU,Asia,28.5,46.5,2.3,Low,0,0.0,0.0,0.0
Iraq,IRQ,Asia,29.5,46.5,5.7,High,0,0.0,0.0,0.0
Iraq,IRQ,Asia,30.5,46.5,5.7,High,0,0.0,0.0,0.0
Iraq,IRQ,Asia,31.5,46.5,5.7,High,3,4.6,4.7,18.8333
Iraq,IRQ,Asia,32.5,46.5,5.7,High,17,4.7765,5.5,18.3
Iran,IRN,Asia,33.5,46.5,5.9,High,14,4.7357,5.3,18.9643
Iran,IRN,Asia,34.5,46.5,5.9,High,16,4.8125,6.0,13.8812
Iran,IRN,Asia,35.5,46.5,5.9,High,6,4.75,5.1,20.9483
Iran,IRN,Asia,36.5,46.5,5.9,High,0,0.0,0.0,0.0
Iran,IRN,Asia,37.5,46.5,5.9,High,1,4.6,4.6,10.0
Iran,IRN,Asia,38.5,46.5,5.9,High,20,4.99,6.4,8.695
Azerbaijan,AZE,Asia,39.5,46.5,4.1,Medium,0,0.0,0.0,0.0
Azerbaijan,AZE,Asia,40.5,46.5,4.1,Medium,1,4.6,4.6,14.92
Azerbaijan,AZE,Asia,41.5,46.5,4.1,Medium,13,4.9538,5.6,14.5954
Russian Federation,RUS,Europe,42.5,46.5,4.0,Medium,7,4.8857,5.5,43.1844
Russian Federation,RUS,Europe,43.5,46.5,4.0,Medium,11,4.7455,5.8,27.6273
Russian Federation,RUS,Europe,44.5,46.5,4.0,Medium,0,0.0,0.0,0.0
Russian Federation,RUS,Europe,45.5,46.5,4.0,Medium,0,0.0,0.0,0.0
Russian Federation,RUS,Europe,46.5,46.5,4.0,Medium,0,0.0,0.0,0.0
Russian Federation,RUS,Europe,47.5,46.5,4.0,Medium,0,0.0,0.0,0.0
Russian Federation,RUS,Europe,48.5,46.5,4.0,Medium,0,0.0,0.0,0.0
Russian Federation,RUS,Europe,49.5,46.5,4.0,Medium,0,0.0,0.0,0.0
Russian Federation,RUS,Europe,50.5,46.5,4.0,Medium,0,0.0,0.0,0.0
Russian Federation,RUS,Europe,51.5,46.5,4.0,Medium,0,0.0,0.0,0.0
Russian Federation,RUS,Europe,52.5,46.5,4.0,Medium,0,0.0,0.0,0.0
Russian Federation,RUS,Europe,53.5,46.5,4.0,Medium,0,0.0,0.0,0.0
Russian Federation,RUS,Europe,54.5,46.5,4.0,Medium,0,0.0,0.0,0.0
Russian Federation,RUS,Europe,55.5,46.5,4.0,Medium,0,0.0,0.0,0.0
Russian Federation,RUS,Europe,56.5,46.5,4.0,Medium,0,0.0,0.0,0.0
Russian Federation,RUS,Europe,57.5,46.5,4.0,Medium,0,0.0,0.0,0.0
Russian Federation,RUS,Europe,58.5,46.5,4.0,Medium,0,0.0,0.0,0.0
Russian Federation,RUS,Europe,59.5,46.5,4.0,Medium,0,0.0,0.0,0.0
Russian Federation,RUS,Europe,60.5,46.5,4.0,Medium,0,0.0,0.0,0.0
Russian Federation,RUS,Europe,61.5,46.5,4.0,Medium,0,0.0,0.0,0.0
Russian Federation,RUS,Europe,62.5,46.5,4.0,Medium,0,0.0,0.0,0.0
Russian Federation,RUS,Europe,63.5,46.5,4.0,Medium,0,0.0,0.0,0.0
Russian Federation,RUS,Europe,64.5,46.5,4.0,Medium,0,0.0,0.0,0.0
Russian Federation,RUS,Europe,65.5,46.5,4.0,Medium,0,0.0,0.0,0.0
Russian Federation,RUS,Europe,66.5,46.5,4.0,Medium,0,0.0,0.0,0.0
Madagascar,MDG,Africa,-23.5,47.5,5.2,High,0,0.0,0.0,0.0
Madagascar,MDG,Africa,-22.5,47.5,5.2,High,0,0.0,0.0,0.0
Madagascar,MDG,Africa,-21.5,47.5,5.2,High,0,0.0,0.0,0.0
Madagascar,MDG,Africa,-20.5,47.5,5.2,High,1,4.8,4.8,16.64
Madagascar,MDG,Africa,-19.5,47.5,5.2,High,0,0.0,0.0,0.0
Madagascar,MDG,Africa,-18.5,47.5,5.2,High,0,0.0,0.0,0.0
Madagascar,MDG,Africa,-17.5,47.5,5.2,High,0,0.0,0.0,0.0
Madagascar,MDG,Africa,-16.5,47.5,5.2,High,0,0.0,0.0,0.0
Madagascar,MDG,Africa,-15.5,47.5,5.2,High,0,0.0,0.0,0.0
Somalia,SOM,Africa,4.5,47.5,8.2,Very High,0,0.0,0.0,0.0
Somalia,SOM,Africa,5.5,47.5,8.2,Very High,0,0.0,0.0,0.0
Somalia,SOM,Africa,6.5,47.5,8.2,Very High,0,0.0,0.0,0.0
Somalia,SOM,Africa,7.5,47.5,8.2,Very High,0,0.0,0.0,0.0
Yemen,YEM,Asia,14.5,47.5,8.0,Very High,0,0.0,0.0,0.0
Yemen,YEM,Asia,15.5,47.5,8.0,Very High,0,0.0,0.0,0.0
Yemen,YEM,Asia,16.5,47.5,8.0,Very High,0,0.0,0.0,0.0
Saudi Arabia,SAU,Asia,17.5,47.5,2.3,Low,0,0.0,0.0,0.0
Saudi Arabia,SAU,Asia,18.5,47.5,2.3,Low,0,0.0,0.0,0.0
Saudi Arabia,SAU,Asia,19.5,47.5,2.3,Low,0,0.0,0.0,0.0
Saudi Arabia,SAU,Asia,20.5,47.5,2.3,Low,0,0.0,0.0,0.0
Saudi Arabia,SAU,Asia,21.5,47.5,2.3,Low,0,0.0,0.0,0.0
Saudi Arabia,SAU,Asia,22.5,47.5,2.3,Low,0,0.0,0.0,0.0
Saudi Arabia,SAU,Asia,23.5,47.5,2.3,Low,0,0.0,0.0,0.0
Saudi Arabia,SAU,Asia,24.5,47.5,2.3,Low,0,0.0,0.0,0.0
Saudi Arabia,SAU,Asia,25.5,47.5,2.3,Low,0,0.0,0.0,0.0
Saudi Arabia,SAU,Asia,26.5,47.5,2.3,Low,0,0.0,0.0,0.0
Saudi Arabia,SAU,Asia,27.5,47.5,2.3,Low,0,0.0,0.0,0.0
Saudi Arabia,SAU,Asia,28.5,47.5,2.3,Low,2,4.65,4.7,10.0
Kuwait,KWT,Asia,29.5,47.5,2.7,Low,0,0.0,0.0,0.0
Iraq,IRQ,Asia,30.5,47.5,5.7,High,0,0.0,0.0,0.0
Iraq,IRQ,Asia,31.5,47.5,5.7,High,0,0.0,0.0,0.0
Iran,IRN,Asia,32.5,47.5,5.9,High,67,4.8791,6.2,13.9386
Iran,IRN,Asia,33.5,47.5,5.9,High,12,4.7,5.2,25.6417
Iran,IRN,Asia,34.5,47.5,5.9,High,10,4.79,5.4,28.4
Iran,IRN,Asia,35.5,47.5,5.9,High,0,0.0,0.0,0.0
Iran,IRN,Asia,36.5,47.5,5.9,High,0,0.0,0.0,0.0
Iran,IRN,Asia,37.5,47.5,5.9,High,7,4.9714,5.9,16.2843
Iran,IRN,Asia,38.5,47.5,5.9,High,0,0.0,0.0,0.0
Azerbaijan,AZE,Asia,39.5,47.5,4.1,Medium,2,4.75,5.0,24.5
Azerbaijan,AZE,Asia,40.5,47.5,4.1,Medium,3,5.0333,5.4,23.6967
Russian Federation,RUS,Europe,41.5,47.5,4.0,Medium,2,4.75,4.8,41.995
Russian Federation,RUS,Europe,42.5,47.5,4.0,Medium,3,4.6667,4.8,25.3333
Russian Federation,RUS,Europe,43.5,47.5,4.0,Medium,3,4.6667,4.8,13.5333
Russian Federation,RUS,Europe,45.5,47.5,4.0,Medium,0,0.0,0.0,0.0
Russian Federation,RUS,Europe,46.5,47.5,4.0,Medium,0,0.0,0.0,0.0
Russian Federation,RUS,Europe,47.5,47.5,4.0,Medium,0,0.0,0.0,0.0
Kazakhstan,KAZ,Asia,48.5,47.5,2.7,Low,0,0.0,0.0,0.0
Kazakhstan,KAZ,Asia,49.5,47.5,2.7,Low,0,0.0,0.0,0.0
Russian Federation,RUS,Europe,50.5,47.5,4.0,Medium,0,0.0,0.0,0.0
Russian Federation,RUS,Europe,51.5,47.5,4.0,Medium,0,0.0,0.0,0.0
Russian Federation,RUS,Europe,52.5,47.5,4.0,Medium,0,0.0,0.0,0.0
Russian Federation,RUS,Europe,53.5,47.5,4.0,Medium,0,0.0,0.0,0.0
Russian Federation,RUS,Europe,54.5,47.5,4.0,Medium,0,0.0,0.0,0.0
Russian Federation,RUS,Europe,55.5,47.5,4.0,Medium,0,0.0,0.0,0.0
Russian Federation,RUS,Europe,56.5,47.5,4.0,Medium,0,0.0,0.0,0.0
Russian Federation,RUS,Europe,57.5,47.5,4.0,Medium,0,0.0,0.0,0.0
Russian Federation,RUS,Europe,58.5,47.5,4.0,Medium,0,0.0,0.0,0.0
Russian Federation,RUS,Europe,59.5,47.5,4.0,Medium,0,0.0,0.0,0.0
Russian Federation,RUS,Europe,60.5,47.5,4.0,Medium,0,0.0,0.0,0.0
Russian Federation,RUS,Europe,61.5,47.5,4.0,Medium,0,0.0,0.0,0.0
Russian Federation,RUS,Europe,62.5,47.5,4.0,Medium,0,0.0,0.0,0.0
Russian Federation,RUS,Europe,63.5,47.5,4.0,Medium,0,0.0,0.0,0.0
Russian Federation,RUS,Europe,64.5,47.5,4.0,Medium,0,0.0,0.0,0.0
Russian Federation,RUS,Europe,65.5,47.5,4.0,Medium,0,0.0,0.0,0.0
Russian Federation,RUS,Europe,66.5,47.5,4.0,Medium,0,0.0,0.0,0.0
Russian Federation,RUS,Europe,80.5,47.5,4.0,Medium,0,0.0,0.0,0.0
Madagascar,MDG,Africa,-20.5,48.5,5.2,High,0,0.0,0.0,0.0
Madagascar,MDG,Africa,-19.5,48.5,5.2,High,0,0.0,0.0,0.0
Madagascar,MDG,Africa,-18.5,48.5,5.2,High,0,0.0,0.0,0.0
Madagascar,MDG,Africa,-17.5,48.5,5.2,High,0,0.0,0.0,0.0
Madagascar,MDG,Africa,-16.5,48.5,5.2,High,0,0.0,0.0,0.0
Madagascar,MDG,Africa,-15.5,48.5,5.2,High,0,0.0,0.0,0.0
Madagascar,MDG,Africa,-14.5,48.5,5.2,High,1,4.7,4.7,10.0
Somalia,SOM,Africa,5.5,48.5,8.2,Very High,0,0.0,0.0,0.0
Somalia,SOM,Africa,6.5,48.5,8.2,Very High,0,0.0,0.0,0.0
Somalia,SOM,Africa,7.5,48.5,8.2,Very High,0,0.0,0.0,0.0
Somalia,SOM,Africa,8.5,48.5,8.2,Very High,0,0.0,0.0,0.0
Yemen,YEM,Asia,14.5,48.5,8.0,Very High,0,0.0,0.0,0.0
Yemen,YEM,Asia,15.5,48.5,8.0,Very High,0,0.0,0.0,0.0
Yemen,YEM,Asia,16.5,48.5,8.0,Very High,0,0.0,0.0,0.0
Yemen,YEM,Asia,17.5,48.5,8.0,Very High,0,0.0,0.0,0.0
Saudi Arabia,SAU,Asia,18.5,48.5,2.3,Low,0,0.0,0.0,0.0
Saudi Arabia,SAU,Asia,19.5,48.5,2.3,Low,0,0.0,0.0,0.0
Saudi Arabia,SAU,Asia,20.5,48.5,2.3,Low,0,0.0,0.0,0.0
Saudi Arabia,SAU,Asia,21.5,48.5,2.3,Low,0,0.0,0.0,0.0
Saudi Arabia,SAU,Asia,22.5,48.5,2.3,Low,0,0.0,0.0,0.0
Saudi Arabia,SAU,Asia,23.5,48.5,2.3,Low,0,0.0,0.0,0.0
Saudi Arabia,SAU,Asia,24.5,48.5,2.3,Low,0,0.0,0.0,0.0
Saudi Arabia,SAU,Asia,25.5,48.5,2.3,Low,0,0.0,0.0,0.0
Saudi Arabia,SAU,Asia,26.5,48.5,2.3,Low,0,0.0,0.0,0.0
Saudi Arabia,SAU,Asia,27.5,48.5,2.3,Low,0,0.0,0.0,0.0
Iran,IRN,Asia,30.5,48.5,5.9,High,0,0.0,0.0,0.0
Iran,IRN,Asia,31.5,48.5,5.9,High,5,4.56,4.7,10.0
Iran,IRN,Asia,32.5,48.5,5.9,High,30,4.6967,5.2,21.7033
Iran,IRN,Asia,33.5,48.5,5.9,High,22,4.7864,6.1,16.1545
Iran,IRN,Asia,34.5,48.5,5.9,High,5,4.68,4.9,19.0
Iran,IRN,Asia,35.5,48.5,5.9,High,10,4.72,5.2,12.1
Iran,IRN,Asia,36.5,48.5,5.9,High,1,4.9,4.9,23.0
Iran,IRN,Asia,37.5,48.5,5.9,High,4,4.725,4.8,9.775
Azerbaijan,AZE,Asia,38.5,48.5,4.1,Medium,6,4.75,5.2,34.121
Azerbaijan,AZE,Asia,39.5,48.5,4.1,Medium,5,4.92,5.2,45.9668
Azerbaijan,AZE,Asia,40.5,48.5,4.1,Medium,12,4.7917,5.4,28.5543
Azerbaijan,AZE,Asia,41.5,48.5,4.1,Medium,5,4.8,5.3,29.53
Russian Federation,RUS,Europe,46.5,48.5,4.0,Medium,0,0.0,0.0,0.0
Kazakhstan,KAZ,Asia,47.5,48.5,2.7,Low,0,0.0,0.0,0.0
Kazakhstan,KAZ,Asia,48.5,48.5,2.7,Low,0,0.0,0.0,0.0
Kazakhstan,KAZ,Asia,49.5,48.5,2.7,Low,0,0.0,0.0,0.0
Russian Federation,RUS,Europe,50.5,48.5,4.0,Medium,0,0.0,0.0,0.0
Russian Federation,RUS,Europe,51.5,48.5,4.0,Medium,0,0.0,0.0,0.0
Russian Federation,RUS,Europe,52.5,48.5,4.0,Medium,0,0.0,0.0,0.0
Russian Federation,RUS,Europe,53.5,48.5,4.0,Medium,0,0.0,0.0,0.0
Russian Federation,RUS,Europe,54.5,48.5,4.0,Medium,0,0.0,0.0,0.0
Russian Federation,RUS,Europe,55.5,48.5,4.0,Medium,0,0.0,0.0,0.0
Russian Federation,RUS,Europe,56.5,48.5,4.0,Medium,0,0.0,0.0,0.0
Russian Federation,RUS,Europe,57.5,48.5,4.0,Medium,0,0.0,0.0,0.0
Russian Federation,RUS,Europe,58.5,48.5,4.0,Medium,0,0.0,0.0,0.0
Russian Federation,RUS,Europe,59.5,48.5,4.0,Medium,0,0.0,0.0,0.0
Russian Federation,RUS,Europe,60.5,48.5,4.0,Medium,0,0.0,0.0,0.0
Russian Federation,RUS,Europe,61.5,48.5,4.0,Medium,0,0.0,0.0,0.0
Russian Federation,RUS,Europe,62.5,48.5,4.0,Medium,0,0.0,0.0,0.0
Russian Federation,RUS,Europe,63.5,48.5,4.0,Medium,0,0.0,0.0,0.0
Russian Federation,RUS,Europe,64.5,48.5,4.0,Medium,0,0.0,0.0,0.0
Russian Federation,RUS,Europe,65.5,48.5,4.0,Medium,0,0.0,0.0,0.0
Russian Federation,RUS,Europe,66.5,48.5,4.0,Medium,0,0.0,0.0,0.0
Russian Federation,RUS,Europe,67.5,48.5,4.0,Medium,0,0.0,0.0,0.0
Russian Federation,RUS,Europe,80.5,48.5,4.0,Medium,0,0.0,0.0,0.0
Madagascar,MDG,Africa,-16.5,49.5,5.2,High,0,0.0,0.0,0.0
Madagascar,MDG,Africa,-15.5,49.5,5.2,High,1,4.5,4.5,10.0
Madagascar,MDG,Africa,-14.5,49.5,5.2,High,0,0.0,0.0,0.0
Madagascar,MDG,Africa,-13.5,49.5,5.2,High,0,0.0,0.0,0.0
Madagascar,MDG,Africa,-12.5,49.5,5.2,High,0,0.0,0.0,0.0
Somalia,SOM,Africa,7.5,49.5,8.2,Very High,0,0.0,0.0,0.0
Somalia,SOM,Africa,8.5,49.5,8.2,Very High,0,0.0,0.0,0.0
Somalia,SOM,Africa,9.5,49.5,8.2,Very High,0,0.0,0.0,0.0
Somalia,SOM,Africa,10.5,49.5,8.2,Very High,0,0.0,0.0,0.0
Somalia,SOM,Africa,11.5,49.5,8.2,Very High,0,0.0,0.0,0.0
Yemen,YEM,Asia,15.5,49.5,8.0,Very High,0,0.0,0.0,0.0
Yemen,YEM,Asia,16.5,49.5,8.0,Very High,0,0.0,0.0,0.0
Yemen,YEM,Asia,17.5,49.5,8.0,Very High,0,0.0,0.0,0.0
Yemen,YEM,Asia,18.5,49.5,8.0,Very High,0,0.0,0.0,0.0
Saudi Arabia,SAU,Asia,19.5,49.5,2.3,Low,0,0.0,0.0,0.0
Saudi Arabia,SAU,Asia,20.5,49.5,2.3,Low,0,0.0,0.0,0.0
Saudi Arabia,SAU,Asia,21.5,49.5,2.3,Low,0,0.0,0.0,0.0
Saudi Arabia,SAU,Asia,22.5,49.5,2.3,Low,0,0.0,0.0,0.0
Saudi Arabia,SAU,Asia,23.5,49.5,2.3,Low,0,0.0,0.0,0.0
Saudi Arabia,SAU,Asia,24.5,49.5,2.3,Low,0,0.0,0.0,0.0
Saudi Arabia,SAU,Asia,25.5,49.5,2.3,Low,0,0.0,0.0,0.0
Saudi Arabia,SAU,Asia,26.5,49.5,2.3,Low,0,0.0,0.0,0.0
Iran,IRN,Asia,30.5,49.5,5.9,High,8,4.575,4.7,19.0125
Iran,IRN,Asia,31.5,49.5,5.9,High,34,4.8029,5.6,25.2097
Iran,IRN,Asia,32.5,49.5,5.9,High,35,4.6771,5.5,22.2328
Iran,IRN,Asia,33.5,49.5,5.9,High,1,4.8,4.8,10.0
Iran,IRN,Asia,34.5,49.5,5.9,High,0,0.0,0.0,0.0
Iran,IRN,Asia,35.5,49.5,5.9,High,4,5.05,6.5,10.75
Iran,IRN,Asia,36.5,49.5,5.9,High,3,4.7667,5.2,30.7
Iran,IRN,Asia,37.5,49.5,5.9,High,4,4.625,4.8,24.075
Azerbaijan,AZE,Asia,40.5,49.5,4.1,Medium,3,5.9667,6.8,38.8
Kazakhstan,KAZ,Asia,46.5,49.5,2.7,Low,0,0.0,0.0,0.0
Kazakhstan,KAZ,Asia,47.5,49.5,2.7,Low,0,0.0,0.0,0.0
Kazakhstan,KAZ,Asia,48.5,49.5,2.7,Low,0,0.0,0.0,0.0
Kazakhstan,KAZ,Asia,49.5,49.5,2.7,Low,0,0.0,0.0,0.0
Kazakhstan,KAZ,Asia,50.5,49.5,2.7,Low,0,0.0,0.0,0.0
Russian Federation,RUS,Europe,51.5,49.5,4.0,Medium,0,0.0,0.0,0.0
Russian Federation,RUS,Europe,52.5,49.5,4.0,Medium,0,0.0,0.0,0.0
Russian Federation,RUS,Europe,53.5,49.5,4.0,Medium,0,0.0,0.0,0.0
Russian Federation,RUS,Europe,54.5,49.5,4.0,Medium,0,0.0,0.0,0.0
Russian Federation,RUS,Europe,55.5,49.5,4.0,Medium,0,0.0,0.0,0.0
Russian Federation,RUS,Europe,56.5,49.5,4.0,Medium,0,0.0,0.0,0.0
Russian Federation,RUS,Europe,57.5,49.5,4.0,Medium,0,0.0,0.0,0.0
Russian Federation,RUS,Europe,58.5,49.5,4.0,Medium,0,0.0,0.0,0.0
Russian Federation,RUS,Europe,59.5,49.5,4.0,Medium,0,0.0,0.0,0.0
Russian Federation,RUS,Europe,60.5,49.5,4.0,Medium,0,0.0,0.0,0.0
Russian Federation,RUS,Europe,61.5,49.5,4.0,Medium,0,0.0,0.0,0.0
Russian Federation,RUS,Europe,62.5,49.5,4.0,Medium,0,0.0,0.0,0.0
Russian Federation,RUS,Europe,63.5,49.5,4.0,Medium,0,0.0,0.0,0.0
Russian Federation,RUS,Europe,64.5,49.5,4.0,Medium,0,0.0,0.0,0.0
Russian Federation,RUS,Europe,65.5,49.5,4.0,Medium,0,0.0,0.0,0.0
Russian Federation,RUS,Europe,66.5,49.5,4.0,Medium,0,0.0,0.0,0.0
Russian Federation,RUS,Europe,67.5,49.5,4.0,Medium,0,0.0,0.0,0.0
Russian Federation,RUS,Europe,80.5,49.5,4.0,Medium,0,0.0,0.0,0.0
Somalia,SOM,Africa,9.5,50.5,8.2,Very High,0,0.0,0.0,0.0
Somalia,SOM,Africa,10.5,50.5,8.2,Very High,0,0.0,0.0,0.0
Somalia,SOM,Africa,11.5,50.5,8.2,Very High,0,0.0,0.0,0.0
Yemen,YEM,Asia,15.5,50.5,8.0,Very High,0,0.0,0.0,0.0
Yemen,YEM,Asia,16.5,50.5,8.0,Very High,0,0.0,0.0,0.0
Yemen,YEM,Asia,17.5,50.5,8.0,Very High,0,0.0,0.0,0.0
Yemen,YEM,Asia,18.5,50.5,8.0,Very High,0,0.0,0.0,0.0
Saudi Arabia,SAU,Asia,19.5,50.5,2.3,Low,0,0.0,0.0,0.0
Saudi Arabia,SAU,Asia,20.5,50.5,2.3,Low,0,0.0,0.0,0.0
Saudi Arabia,SAU,Asia,21.5,50.5,2.3,Low,0,0.0,0.0,0.0
Saudi Arabia,SAU,Asia,22.5,50.5,2.3,Low,0,0.0,0.0,0.0
Saudi Arabia,SAU,Asia,23.5,50.5,2.3,Low,0,0.0,0.0,0.0
Saudi Arabia,SAU,Asia,24.5,50.5,2.3,Low,0,0.0,0.0,0.0
Iran,IRN,Asia,29.5,50.5,5.9,High,33,4.7455,5.8,13.9758
Iran,IRN,Asia,30.5,50.5,5.9,High,27,4.6667,5.4,20.6222
Iran,IRN,Asia,31.5,50.5,5.9,High,25,4.776,5.4,20.596
Iran,IRN,Asia,32.5,50.5,5.9,High,4,4.625,4.9,9.125
Iran,IRN,Asia,33.5,50.5,5.9,High,1,4.5,4.5,21.3
Iran,IRN,Asia,34.5,50.5,5.9,High,1,5.5,5.5,5.0
Iran,IRN,Asia,35.5,50.5,5.9,High,3,4.7667,4.9,11.3667
Iran,IRN,Asia,36.5,50.5,5.9,High,0,0.0,0.0,0.0
Kazakhstan,KAZ,Asia,44.5,50.5,2.7,Low,0,0.0,0.0,0.0
Kazakhstan,KAZ,Asia,47.5,50.5,2.7,Low,0,0.0,0.0,0.0
Kazakhstan,KAZ,Asia,48.5,50.5,2.7,Low,0,0.0,0.0,0.0
Kazakhstan,KAZ,Asia,49.5,50.5,2.7,Low,0,0.0,0.0,0.0
Kazakhstan,KAZ,Asia,50.5,50.5,2.7,Low,0,0.0,0.0,0.0
Kazakhstan,KAZ,Asia,51.5,50.5,2.7,Low,0,0.0,0.0,0.0
Russian Federation,RUS,Europe,52.5,50.5,4.0,Medium,0,0.0,0.0,0.0
Russian Federation,RUS,Europe,53.5,50.5,4.0,Medium,0,0.0,0.0,0.0
Russian Federation,RUS,Europe,54.5,50.5,4.0,Medium,0,0.0,0.0,0.0
Russian Federation,RUS,Europe,55.5,50.5,4.0,Medium,0,0.0,0.0,0.0
Russian Federation,RUS,Europe,56.5,50.5,4.0,Medium,0,0.0,0.0,0.0
Russian Federation,RUS,Europe,57.5,50.5,4.0,Medium,0,0.0,0.0,0.0
Russian Federation,RUS,Europe,58.5,50.5,4.0,Medium,0,0.0,0.0,0.0
Russian Federation,RUS,Europe,59.5,50.5,4.0,Medium,0,0.0,0.0,0.0
Russian Federation,RUS,Europe,60.5,50.5,4.0,Medium,0,0.0,0.0,0.0
Russian Federation,RUS,Europe,61.5,50.5,4.0,Medium,0,0.0,0.0,0.0
Russian Federation,RUS,Europe,62.5,50.5,4.0,Medium,0,0.0,0.0,0.0
Russian Federation,RUS,Europe,63.5,50.5,4.0,Medium,0,0.0,0.0,0.0
Russian Federation,RUS,Europe,64.5,50.5,4.0,Medium,0,0.0,0.0,0.0
Russian Federation,RUS,Europe,65.5,50.5,4.0,Medium,0,0.0,0.0,0.0
Russian Federation,RUS,Europe,66.5,50.5,4.0,Medium,0,0.0,0.0,0.0
Russian Federation,RUS,Europe,67.5,50.5,4.0,Medium,0,0.0,0.0,0.0
Russian Federation,RUS,Europe,80.5,50.5,4.0,Medium,0,0.0,0.0,0.0
Yemen,YEM,Asia,15.5,51.5,8.0,Very High,1,4.5,4.5,10.0
Yemen,YEM,Asia,16.5,51.5,8.0,Very High,0,0.0,0.0,0.0
Yemen,YEM,Asia,17.5,51.5,8.0,Very High,0,0.0,0.0,0.0
Yemen,YEM,Asia,18.5,51.5,8.0,Very High,0,0.0,0.0,0.0
Saudi Arabia,SAU,Asia,19.5,51.5,2.3,Low,0,0.0,0.0,0.0
Saudi Arabia,SAU,Asia,20.5,51.5,2.3,Low,0,0.0,0.0,0.0
Saudi Arabia,SAU,Asia,21.5,51.5,2.3,Low,0,0.0,0.0,0.0
Saudi Arabia,SAU,Asia,22.5,51.5,2.3,Low,0,0.0,0.0,0.0
Saudi Arabia,SAU,Asia,23.5,51.5,2.3,Low,0,0.0,0.0,0.0
Qatar,QAT,Asia,25.5,51.5,1.2,Very Low,0,0.0,0.0,0.0
Iran,IRN,Asia,28.5,51.5,5.9,High,52,4.8635,6.4,16.424
Iran,IRN,Asia,29.5,51.5,5.9,High,47,4.817,5.9,22.0123
Iran,IRN,Asia,30.5,51.5,5.9,High,25,4.848,5.4,20.728
Iran,IRN,Asia,31.5,51.5,5.9,High,8,4.725,5.1,22.2625
Iran,IRN,Asia,32.5,51.5,5.9,High,1,4.5,4.5,9.7
Iran,IRN,Asia,33.5,51.5,5.9,High,0,0.0,0.0,0.0
Iran,IRN,Asia,34.5,51.5,5.9,High,2,4.65,4.8,16.75
Iran,IRN,Asia,35.5,51.5,5.9,High,0,0.0,0.0,0.0
Iran,IRN,Asia,36.5,51.5,5.9,High,3,5.1667,6.3,12.3333
Kazakhstan,KAZ,Asia,43.5,51.5,2.7,Low,0,0.0,0.0,0.0
Kazakhstan,KAZ,Asia,44.5,51.5,2.7,Low,0,0.0,0.0,0.0
Kazakhstan,KAZ,Asia,47.5,51.5,2.7,Low,0,0.0,0.0,0.0
Kazakhstan,KAZ,Asia,48.5,51.5,2.7,Low,0,0.0,0.0,0.0
Kazakhstan,KAZ,Asia,49.5,51.5,2.7,Low,0,0.0,0.0,0.0
Kazakhstan,KAZ,Asia,50.5,51.5,2.7,Low,1,5.1,5.1,10.0
Kazakhstan,KAZ,Asia,51.5,51.5,2.7,Low,0,0.0,0.0,0.0
Russian Federation,RUS,Europe,52.5,51.5,4.0,Medium,0,0.0,0.0,0.0
Russian Federation,RUS,Europe,53.5,51.5,4.0,Medium,0,0.0,0.0,0.0
Russian Federation,RUS,Europe,54.5,51.5,4.0,Medium,0,0.0,0.0,0.0
Russian Federation,RUS,Europe,55.5,51.5,4.0,Medium,0,0.0,0.0,0.0
Russian Federation,RUS,Europe,56.5,51.5,4.0,Medium,0,0.0,0.0,0.0
Russian Federation,RUS,Europe,57.5,51.5,4.0,Medium,0,0.0,0.0,0.0
Russian Federation,RUS,Europe,58.5,51.5,4.0,Medium,0,0.0,0.0,0.0
Russian Federation,RUS,Europe,59.5,51.5,4.0,Medium,0,0.0,0.0,0.0
Russian Federation,RUS,Europe,60.5,51.5,4.0,Medium,0,0.0,0.0,0.0
Russian Federation,RUS,Europe,61.5,51.5,4.0,Medium,0,0.0,0.0,0.0
Russian Federation,RUS,Europe,62.5,51.5,4.0,Medium,0,0.0,0.0,0.0
Russian Federation,RUS,Europe,63.5,51.5,4.0,Medium,0,0.0,0.0,0.0
Russian Federation,RUS,Europe,64.5,51.5,4.0,Medium,0,0.0,0.0,0.0
Russian Federation,RUS,Europe,65.5,51.5,4.0,Medium,0,0.0,0.0,0.0
Russian Federation,RUS,Europe,66.5,51.5,4.0,Medium,0,0.0,0.0,0.0
Russian Federation,RUS,Europe,67.5,51.5,4.0,Medium,0,0.0,0.0,0.0
Yemen,YEM,Asia,16.5,52.5,8.0,Very High,0,0.0,0.0,0.0
Yemen,YEM,Asia,17.5,52.5,8.0,Very High,0,0.0,0.0,0.0
Oman,OMN,Asia,18.5,52.5,2.3,Low,0,0.0,0.0,0.0
Saudi Arabia,SAU,Asia,19.5,52.5,2.3,Low,0,0.0,0.0,0.0
Saudi Arabia,SAU,Asia,20.5,52.5,2.3,Low,0,0.0,0.0,0.0
Saudi Arabia,SAU,Asia,21.5,52.5,2.3,Low,0,0.0,0.0,0.0
Saudi Arabia,SAU,Asia,22.5,52.5,2.3,Low,0,0.0,0.0,0.0
United Arab Emirates,ARE,Asia,23.5,52.5,2.0,Low,0,0.0,0.0,0.0
Iran,IRN,Asia,28.5,52.5,5.9,High,14,4.7714,5.5,18.0043
Iran,IRN,Asia,29.5,52.5,5.9,High,11,4.7636,5.3,14.3909
Iran,IRN,Asia,30.5,52.5,5.9,High,0,0.0,0.0,0.0
Iran,IRN,Asia,31.5,52.5,5.9,High,1,4.6,4.6,10.0
Iran,IRN,Asia,32.5,52.5,5.9,High,0,0.0,0.0,0.0
Iran,IRN,Asia,33.5,52.5,5.9,High,0,0.0,0.0,0.0
Iran,IRN,Asia,34.5,52.5,5.9,High,1,4.8,4.8,10.0
Iran,IRN,Asia,35.5,52.5,5.9,High,6,4.6333,4.7,16.995
Iran,IRN,Asia,36.5,52.5,5.9,High,4,4.75,5.1,25.6
Kazakhstan,KAZ,Asia,43.5,52.5,2.7,Low,0,0.0,0.0,0.0
Kazakhstan,KAZ,Asia,44.5,52.5,2.7,Low,1,4.5,4.5,10.0
Kazakhstan,KAZ,Asia,47.5,52.5,2.7,Low,0,0.0,0.0,0.0
Kazakhstan,KAZ,Asia,48.5,52.5,2.7,Low,0,0.0,0.0,0.0
Kazakhstan,KAZ,Asia,49.5,52.5,2.7,Low,0,0.0,0.0,0.0
Kazakhstan,KAZ,Asia,50.5,52.5,2.7,Low,0,0.0,0.0,0.0
Kazakhstan,KAZ,Asia,51.5,52.5,2.7,Low,0,0.0,0.0,0.0
Russian Federation,RUS,Europe,52.5,52.5,4.0,Medium,0,0.0,0.0,0.0
Russian Federation,RUS,Europe,53.5,52.5,4.0,Medium,0,0.0,0.0,0.0
Russian Federation,RUS,Europe,54.5,52.5,4.0,Medium,0,0.0,0.0,0.0
Russian Federation,RUS,Europe,55.5,52.5,4.0,Medium,0,0.0,0.0,0.0
Russian Federation,RUS,Europe,56.5,52.5,4.0,Medium,0,0.0,0.0,0.0
Russian Federation,RUS,Europe,57.5,52.5,4.0,Medium,0,0.0,0.0,0.0
Russian Federation,RUS,Europe,58.5,52.5,4.0,Medium,0,0.0,0.0,0.0
Russian Federation,RUS,Europe,59.5,52.5,4.0,Medium,0,0.0,0.0,0.0
Russian Federation,RUS,Europe,60.5,52.5,4.0,Medium,0,0.0,0.0,0.0
Russian Federation,RUS,Europe,61.5,52.5,4.0,Medium,0,0.0,0.0,0.0
Russian Federation,RUS,Europe,62.5,52.5,4.0,Medium,0,0.0,0.0,0.0
Russian Federation,RUS,Europe,63.5,52.5,4.0,Medium,0,0.0,0.0,0.0
Russian Federation,RUS,Europe,64.5,52.5,4.0,Medium,0,0.0,0.0,0.0
Russian Federation,RUS,Europe,65.5,52.5,4.0,Medium,0,0.0,0.0,0.0
Russian Federation,RUS,Europe,66.5,52.5,4.0,Medium,0,0.0,0.0,0.0
Russian Federation,RUS,Europe,67.5,52.5,4.0,Medium,0,0.0,0.0,0.0
Russian Federation,RUS,Europe,68.5,52.5,4.0,Medium,0,0.0,0.0,0.0
Russian Federation,RUS,Europe,71.5,52.5,4.0,Medium,0,0.0,0.0,0.0
Russian Federation,RUS,Europe,72.5,52.5,4.0,Medium,0,0.0,0.0,0.0
Oman,OMN,Asia,17.5,53.5,2.3,Low,0,0.0,0.0,0.0
Oman,OMN,Asia,18.5,53.5,2.3,Low,0,0.0,0.0,0.0
Oman,OMN,Asia,19.5,53.5,2.3,Low,0,0.0,0.0,0.0
Saudi Arabia,SAU,Asia,20.5,53.5,2.3,Low,0,0.0,0.0,0.0
Saudi Arabia,SAU,Asia,21.5,53.5,2.3,Low,0,0.0,0.0,0.0
Saudi Arabia,SAU,Asia,22.5,53.5,2.3,Low,0,0.0,0.0,0.0
United Arab Emirates,ARE,Asia,23.5,53.5,2.0,Low,0,0.0,0.0,0.0
Iran,IRN,Asia,27.5,53.5,5.9,High,49,4.8163,5.8,16.6122
Iran,IRN,Asia,28.5,53.5,5.9,High,7,4.6,5.0,20.9571
Iran,IRN,Asia,29.5,53.5,5.9,High,1,4.5,4.5,30.0
Iran,IRN,Asia,30.5,53.5,5.9,High,0,0.0,0.0,0.0
Iran,IRN,Asia,31.5,53.5,5.9,High,0,0.0,0.0,0.0
Iran,IRN,Asia,32.5,53.5,5.9,High,0,0.0,0.0,0.0
Iran,IRN,Asia,33.5,53.5,5.9,High,0,0.0,0.0,0.0
Iran,IRN,Asia,34.5,53.5,5.9,High,2,4.7,4.9,5.0
Iran,IRN,Asia,35.5,53.5,5.9,High,0,0.0,0.0,0.0
Iran,IRN,Asia,36.5,53.5,5.9,High,3,4.6667,4.8,10.0
Turkmenistan,TKM,Asia,39.5,53.5,2.8,Low,2,4.95,5.4,34.55
Turkmenistan,TKM,Asia,40.5,53.5,2.8,Low,9,4.8111,5.1,38.9621
Kazakhstan,KAZ,Asia,42.5,53.5,2.7,Low,0,0.0,0.0,0.0
Kazakhstan,KAZ,Asia,43.5,53.5,2.7,Low,0,0.0,0.0,0.0
Kazakhstan,KAZ,Asia,44.5,53.5,2.7,Low,0,0.0,0.0,0.0
Kazakhstan,KAZ,Asia,45.5,53.5,2.7,Low,0,0.0,0.0,0.0
Kazakhstan,KAZ,Asia,46.5,53.5,2.7,Low,0,0.0,0.0,0.0
Kazakhstan,KAZ,Asia,47.5,53.5,2.7,Low,0,0.0,0.0,0.0
Kazakhstan,KAZ,Asia,48.5,53.5,2.7,Low,0,0.0,0.0,0.0
Kazakhstan,KAZ,Asia,49.5,53.5,2.7,Low,0,0.0,0.0,0.0
Kazakhstan,KAZ,Asia,50.5,53.5,2.7,Low,0,0.0,0.0,0.0
Russian Federation,RUS,Europe,51.5,53.5,4.0,Medium,0,0.0,0.0,0.0
Russian Federation,RUS,Europe,52.5,53.5,4.0,Medium,0,0.0,0.0,0.0
Russian Federation,RUS,Europe,53.5,53.5,4.0,Medium,0,0.0,0.0,0.0
Russian Federation,RUS,Europe,54.5,53.5,4.0,Medium,0,0.0,0.0,0.0
Russian Federation,RUS,Europe,55.5,53.5,4.0,Medium,0,0.0,0.0,0.0
Russian Federation,RUS,Europe,56.5,53.5,4.0,Medium,0,0.0,0.0,0.0
Russian Federation,RUS,Europe,57.5,53.5,4.0,Medium,0,0.0,0.0,0.0
Russian Federation,RUS,Europe,58.5,53.5,4.0,Medium,0,0.0,0.0,0.0
Russian Federation,RUS,Europe,59.5,53.5,4.0,Medium,0,0.0,0.0,0.0
Russian Federation,RUS,Europe,60.5,53.5,4.0,Medium,0,0.0,0.0,0.0
Russian Federation,RUS,Europe,61.5,53.5,4.0,Medium,0,0.0,0.0,0.0
Russian Federation,RUS,Europe,62.5,53.5,4.0,Medium,0,0.0,0.0,0.0
Russian Federation,RUS,Europe,63.5,53.5,4.0,Medium,0,0.0,0.0,0.0
Russian Federation,RUS,Europe,64.5,53.5,4.0,Medium,0,0.0,0.0,0.0
Russian Federation,RUS,Europe,65.5,53.5,4.0,Medium,0,0.0,0.0,0.0
Russian Federation,RUS,Europe,66.5,53.5,4.0,Medium,0,0.0,0.0,0.0
Russian Federation,RUS,Europe,67.5,53.5,4.0,Medium,0,0.0,0.0,0.0
Russian Federation,RUS,Europe,68.5,53.5,4.0,Medium,0,0.0,0.0,0.0
Russian Federation,RUS,Europe,71.5,53.5,4.0,Medium,0,0.0,0.0,0.0
Russian Federation,RUS,Europe,72.5,53.5,4.0,Medium,0,0.0,0.0,0.0
Oman,OMN,Asia,17.5,54.5,2.3,Low,0,0.0,0.0,0.0
Oman,OMN,Asia,18.5,54.5,2.3,Low,0,0.0,0.0,0.0
Oman,OMN,Asia,19.5,54.5,2.3,Low,0,0.0,0.0,0.0
Saudi Arabia,SAU,Asia,20.5,54.5,2.3,Low,0,0.0,0.0,0.0
Saudi Arabia,SAU,Asia,21.5,54.5,2.3,Low,0,0.0,0.0,0.0
Saudi Arabia,SAU,Asia,22.5,54.5,2.3,Low,0,0.0,0.0,0.0
United Arab Emirates,ARE,Asia,23.5,54.5,2.0,Low,0,0.0,0.0,0.0
United Arab Emirates,ARE,Asia,24.5,54.5,2.0,Low,0,0.0,0.0,0.0
Iran,IRN,Asia,27.5,54.5,5.9,High,35,4.7657,5.9,17.7903
Iran,IRN,Asia,28.5,54.5,5.9,High,35,4.7914,5.8,28.9486
Iran,IRN,Asia,29.5,54.5,5.9,High,0,0.0,0.0,0.0
Iran,IRN,Asia,30.5,54.5,5.9,High,0,0.0,0.0,0.0
Iran,IRN,Asia,31.5,54.5,5.9,High,2,4.75,5.0,7.5
Iran,IRN,Asia,32.5,54.5,5.9,High,0,0.0,0.0,0.0
Iran,IRN,Asia,33.5,54.5,5.9,High,0,0.0,0.0,0.0
Iran,IRN,Asia,34.5,54.5,5.9,High,1,4.5,4.5,33.0
Iran,IRN,Asia,35.5,54.5,5.9,High,3,5.1333,5.8,7.6667
Iran,IRN,Asia,36.5,54.5,5.9,High,4,4.725,5.0,13.925
Turkmenistan,TKM,Asia,37.5,54.5,2.8,Low,7,4.9714,5.6,28.4
Turkmenistan,TKM,Asia,38.5,54.5,2.8,Low,1,4.6,4.6,33.0
Turkmenistan,TKM,Asia,39.5,54.5,2.8,Low,25,4.868,7.0,19.784
Turkmenistan,TKM,Asia,40.5,54.5,2.8,Low,0,0.0,0.0,0.0
Turkmenistan,TKM,Asia,41.5,54.5,2.8,Low,0,0.0,0.0,0.0
Kazakhstan,KAZ,Asia,42.5,54.5,2.7,Low,0,0.0,0.0,0.0
Kazakhstan,KAZ,Asia,43.5,54.5,2.7,Low,0,0.0,0.0,0.0
Kazakhstan,KAZ,Asia,44.5,54.5,2.7,Low,0,0.0,0.0,0.0
Kazakhstan,KAZ,Asia,45.5,54.5,2.7,Low,0,0.0,0.0,0.0
Kazakhstan,KAZ,Asia,46.5,54.5,2.7,Low,0,0.0,0.0,0.0
Kazakhstan,KAZ,Asia,47.5,54.5,2.7,Low,0,0.0,0.0,0.0
Kazakhstan,KAZ,Asia,48.5,54.5,2.7,Low,0,0.0,0.0,0.0
Kazakhstan,KAZ,Asia,49.5,54.5,2.7,Low,0,0.0,0.0,0.0
Kazakhstan,KAZ,Asia,50.5,54.5,2.7,Low,0,0.0,0.0,0.0
Russian Federation,RUS,Europe,51.5,54.5,4.0,Medium,0,0.0,0.0,0.0
Russian Federation,RUS,Europe,52.5,54.5,4.0,Medium,0,0.0,0.0,0.0
Russian Federation,RUS,Europe,53.5,54.5,4.0,Medium,0,0.0,0.0,0.0
Russian Federation,RUS,Europe,54.5,54.5,4.0,Medium,0,0.0,0.0,0.0
Russian Federation,RUS,Europe,55.5,54.5,4.0,Medium,0,0.0,0.0,0.0
Russian Federation,RUS,Europe,56.5,54.5,4.0,Medium,0,0.0,0.0,0.0
Russian Federation,RUS,Europe,57.5,54.5,4.0,Medium,0,0.0,0.0,0.0
Russian Federation,RUS,Europe,58.5,54.5,4.0,Medium,0,0.0,0.0,0.0
Russian Federation,RUS,Europe,59.5,54.5,4.0,Medium,0,0.0,0.0,0.0
Russian Federation,RUS,Europe,60.5,54.5,4.0,Medium,0,0.0,0.0,0.0
Russian Federation,RUS,Europe,61.5,54.5,4.0,Medium,0,0.0,0.0,0.0
Russian Federation,RUS,Europe,62.5,54.5,4.0,Medium,0,0.0,0.0,0.0
Russian Federation,RUS,Europe,63.5,54.5,4.0,Medium,0,0.0,0.0,0.0
Russian Federation,RUS,Europe,64.5,54.5,4.0,Medium,0,0.0,0.0,0.0
Russian Federation,RUS,Europe,65.5,54.5,4.0,Medium,0,0.0,0.0,0.0
Russian Federation,RUS,Europe,66.5,54.5,4.0,Medium,0,0.0,0.0,0.0
Russian Federation,RUS,Europe,67.5,54.5,4.0,Medium,0,0.0,0.0,0.0
Russian Federation,RUS,Europe,71.5,54.5,4.0,Medium,0,0.0,0.0,0.0
Russian Federation,RUS,Europe,72.5,54.5,4.0,Medium,0,0.0,0.0,0.0
Russian Federation,RUS,Europe,73.5,54.5,4.0,Medium,0,0.0,0.0,0.0
Oman,OMN,Asia,18.5,55.5,2.3,Low,1,4.8,4.8,10.0
Oman,OMN,Asia,19.5,55.5,2.3,Low,0,0.0,0.0,0.0
Oman,OMN,Asia,20.5,55.5,2.3,Low,0,0.0,0.0,0.0
Oman,OMN,Asia,21.5,55.5,2.3,Low,0,0.0,0.0,0.0
Oman,OMN,Asia,22.5,55.5,2.3,Low,0,0.0,0.0,0.0
United Arab Emirates,ARE,Asia,23.5,55.5,2.0,Low,0,0.0,0.0,0.0
United Arab Emirates,ARE,Asia,24.5,55.5,2.0,Low,0,0.0,0.0,0.0
Iran,IRN,Asia,27.5,55.5,5.9,High,53,4.8434,5.9,13.314
Iran,IRN,Asia,28.5,55.5,5.9,High,13,4.7154,5.1,18.3646
Iran,IRN,Asia,29.5,55.5,5.9,High,1,4.9,4.9,22.0
Iran,IRN,Asia,30.5,55.5,5.9,High,1,4.7,4.7,14.1
Iran,IRN,Asia,31.5,55.5,5.9,High,1,4.5,4.5,33.0
Iran,IRN,Asia,32.5,55.5,5.9,High,3,4.9,5.2,17.6667
Iran,IRN,Asia,33.5,55.5,5.9,High,0,0.0,0.0,0.0
Iran,IRN,Asia,34.5,55.5,5.9,High,0,0.0,0.0,0.0
Iran,IRN,Asia,35.5,55.5,5.9,High,0,0.0,0.0,0.0
Iran,IRN,Asia,36.5,55.5,5.9,High,1,5.3,5.3,10.0
Iran,IRN,Asia,37.5,55.5,5.9,High,1,4.9,4.9,30.49
Turkmenistan,TKM,Asia,38.5,55.5,2.8,Low,4,4.775,5.2,15.0
Turkmenistan,TKM,Asia,39.5,55.5,2.8,Low,1,4.9,4.9,10.0
Turkmenistan,TKM,Asia,40.5,55.5,2.8,Low,0,0.0,0.0,0.0
Kazakhstan,KAZ,Asia,41.5,55.5,2.7,Low,0,0.0,0.0,0.0
Kazakhstan,KAZ,Asia,42.5,55.5,2.7,Low,0,0.0,0.0,0.0
Kazakhstan,KAZ,Asia,43.5,55.5,2.7,Low,0,0.0,0.0,0.0
Kazakhstan,KAZ,Asia,44.5,55.5,2.7,Low,0,0.0,0.0,0.0
Kazakhstan,KAZ,Asia,45.5,55.5,2.7,Low,0,0.0,0.0,0.0
Kazakhstan,KAZ,Asia,46.5,55.5,2.7,Low,0,0.0,0.0,0.0
Kazakhstan,KAZ,Asia,47.5,55.5,2.7,Low,0,0.0,0.0,0.0
Kazakhstan,KAZ,Asia,48.5,55.5,2.7,Low,0,0.0,0.0,0.0
Kazakhstan,KAZ,Asia,49.5,55.5,2.7,Low,0,0.0,0.0,0.0
Kazakhstan,KAZ,Asia,50.5,55.5,2.7,Low,0,0.0,0.0,0.0
Russian Federation,RUS,Europe,51.5,55.5,4.0,Medium,0,0.0,0.0,0.0
Russian Federation,RUS,Europe,52.5,55.5,4.0,Medium,0,0.0,0.0,0.0
Russian Federation,RUS,Europe,53.5,55.5,4.0,Medium,0,0.0,0.0,0.0
Russian Federation,RUS,Europe,54.5,55.5,4.0,Medium,0,0.0,0.0,0.0
Russian Federation,RUS,Europe,55.5,55.5,4.0,Medium,0,0.0,0.0,0.0
Russian Federation,RUS,Europe,56.5,55.5,4.0,Medium,0,0.0,0.0,0.0
Russian Federation,RUS,Europe,57.5,55.5,4.0,Medium,0,0.0,0.0,0.0
Russian Federation,RUS,Europe,58.5,55.5,4.0,Medium,0,0.0,0.0,0.0
Russian Federation,RUS,Europe,59.5,55.5,4.0,Medium,0,0.0,0.0,0.0
Russian Federation,RUS,Europe,60.5,55.5,4.0,Medium,0,0.0,0.0,0.0
Russian Federation,RUS,Europe,61.5,55.5,4.0,Medium,0,0.0,0.0,0.0
Russian Federation,RUS,Europe,62.5,55.5,4.0,Medium,0,0.0,0.0,0.0
Russian Federation,RUS,Europe,63.5,55.5,4.0,Medium,0,0.0,0.0,0.0
Russian Federation,RUS,Europe,64.5,55.5,4.0,Medium,0,0.0,0.0,0.0
Russian Federation,RUS,Europe,65.5,55.5,4.0,Medium,0,0.0,0.0,0.0
Russian Federation,RUS,Europe,66.5,55.5,4.0,Medium,0,0.0,0.0,0.0
Russian Federation,RUS,Europe,67.5,55.5,4.0,Medium,0,0.0,0.0,0.0
Russian Federation,RUS,Europe,71.5,55.5,4.0,Medium,0,0.0,0.0,0.0
Russian Federation,RUS,Europe,72.5,55.5,4.0,Medium,0,0.0,0.0,0.0
Russian Federation,RUS,Europe,73.5,55.5,4.0,Medium,0,0.0,0.0,0.0
Oman,OMN,Asia,18.5,56.5,2.3,Low,0,0.0,0.0,0.0
Oman,OMN,Asia,19.5,56.5,2.3,Low,0,0.0,0.0,0.0
Oman,OMN,Asia,20.5,56.5,2.3,Low,0,0.0,0.0,0.0
Oman,OMN,Asia,21.5,56.5,2.3,Low,0,0.0,0.0,0.0
Oman,OMN,Asia,22.5,56.5,2.3,Low,0,0.0,0.0,0.0
Oman,OMN,Asia,23.5,56.5,2.3,Low,0,0.0,0.0,0.0
Oman,OMN,Asia,24.5,56.5,2.3,Low,0,0.0,0.0,0.0
Iran,IRN,Asia,27.5,56.5,5.9,High,63,4.8254,6.4,16.873
Iran,IRN,Asia,28.5,56.5,5.9,High,38,4.8026,6.0,17.9537
Iran,IRN,Asia,29.5,56.5,5.9,High,5,4.72,5.4,49.222
Iran,IRN,Asia,30.5,56.5,5.9,High,15,4.8733,6.4,14.0047
Iran,IRN,Asia,31.5,56.5,5.9,High,9,4.8222,5.3,15.6667
Iran,IRN,Asia,32.5,56.5,5.9,High,2,4.85,5.0,9.0
Iran,IRN,Asia,33.5,56.5,5.9,High,1,4.5,4.5,37.6
Iran,IRN,Asia,34.5,56.5,5.9,High,1,4.8,4.8,10.0
Iran,IRN,Asia,35.5,56.5,5.9,High,0,0.0,0.0,0.0
Iran,IRN,Asia,36.5,56.5,5.9,High,1,5.0,5.0,6.4
Iran,IRN,Asia,37.5,56.5,5.9,High,9,4.7556,5.4,13.9667
Turkmenistan,TKM,Asia,38.5,56.5,2.8,Low,5,4.76,5.2,11.788
Turkmenistan,TKM,Asia,39.5,56.5,2.8,Low,0,0.0,0.0,0.0
Turkmenistan,TKM,Asia,40.5,56.5,2.8,Low,0,0.0,0.0,0.0
Uzbekistan,UZB,Asia,41.5,56.5,3.2,Low,0,0.0,0.0,0.0
Uzbekistan,UZB,Asia,42.5,56.5,3.2,Low,0,0.0,0.0,0.0
Uzbekistan,UZB,Asia,43.5,56.5,3.2,Low,0,0.0,0.0,0.0
Uzbekistan,UZB,Asia,44.5,56.5,3.2,Low,0,0.0,0.0,0.0
Kazakhstan,KAZ,Asia,45.5,56.5,2.7,Low,0,0.0,0.0,0.0
Kazakhstan,KAZ,Asia,46.5,56.5,2.7,Low,0,0.0,0.0,0.0
Kazakhstan,KAZ,Asia,47.5,56.5,2.7,Low,0,0.0,0.0,0.0
Kazakhstan,KAZ,Asia,48.5,56.5,2.7,Low,0,0.0,0.0,0.0
Kazakhstan,KAZ,Asia,49.5,56.5,2.7,Low,0,0.0,0.0,0.0
Kazakhstan,KAZ,Asia,50.5,56.5,2.7,Low,0,0.0,0.0,0.0
Russian Federation,RUS,Europe,51.5,56.5,4.0,Medium,0,0.0,0.0,0.0
Russian Federation,RUS,Europe,52.5,56.5,4.0,Medium,0,0.0,0.0,0.0
Russian Federation,RUS,Europe,53.5,56.5,4.0,Medium,0,0.0,0.0,0.0
Russian Federation,RUS,Europe,54.5,56.5,4.0,Medium,0,0.0,0.0,0.0
Russian Federation,RUS,Europe,55.5,56.5,4.0,Medium,0,0.0,0.0,0.0
Russian Federation,RUS,Europe,56.5,56.5,4.0,Medium,0,0.0,0.0,0.0
Russian Federation,RUS,Europe,57.5,56.5,4.0,Medium,0,0.0,0.0,0.0
Russian Federation,RUS,Europe,58.5,56.5,4.0,Medium,0,0.0,0.0,0.0
Russian Federation,RUS,Europe,59.5,56.5,4.0,Medium,0,0.0,0.0,0.0
Russian Federation,RUS,Europe,60.5,56.5,4.0,Medium,0,0.0,0.0,0.0
Russian Federation,RUS,Europe,61.5,56.5,4.0,Medium,0,0.0,0.0,0.0
Russian Federation,RUS,Europe,62.5,56.5,4.0,Medium,0,0.0,0.0,0.0
Russian Federation,RUS,Europe,63.5,56.5,4.0,Medium,0,0.0,0.0,0.0
Russian Federation,RUS,Europe,64.5,56.5,4.0,Medium,0,0.0,0.0,0.0
Russian Federation,RUS,Europe,65.5,56.5,4.0,Medium,0,0.0,0.0,0.0
Russian Federation,RUS,Europe,66.5,56.5,4.0,Medium,0,0.0,0.0,0.0
Russian Federation,RUS,Europe,67.5,56.5,4.0,Medium,0,0.0,0.0,0.0
Russian Federation,RUS,Europe,73.5,56.5,4.0,Medium,0,0.0,0.0,0.0
Russian Federation,RUS,Europe,74.5,56.5,4.0,Medium,0,0.0,0.0,0.0
Oman,OMN,Asia,19.5,57.5,2.3,Low,0,0.0,0.0,0.0
Oman,OMN,Asia,20.5,57.5,2.3,Low,0,0.0,0.0,0.0
Oman,OMN,Asia,21.5,57.5,2.3,Low,0,0.0,0.0,0.0
Oman,OMN,Asia,22.5,57.5,2.3,Low,0,0.0,0.0,0.0
Oman,OMN,Asia,23.5,57.5,2.3,Low,0,0.0,0.0,0.0
Iran,IRN,Asia,26.5,57.5,5.9,High,36,4.8444,6.1,16.5639
Iran,IRN,Asia,27.5,57.5,5.9,High,21,4.8476,5.5,24.9619
Iran,IRN,Asia,28.5,57.5,5.9,High,44,4.7023,5.3,27.4036
Iran,IRN,Asia,29.5,57.5,5.9,High,0,0.0,0.0,0.0
Iran,IRN,Asia,30.5,57.5,5.9,High,31,4.971,6.1,10.4542
Iran,IRN,Asia,31.5,57.5,5.9,High,4,4.725,4.9,18.35
Iran,IRN,Asia,32.5,57.5,5.9,High,1,4.5,4.5,10.0
Iran,IRN,Asia,33.5,57.5,5.9,High,1,5.1,5.1,10.0
Iran,IRN,Asia,34.5,57.5,5.9,High,3,4.9,5.3,11.6333
Iran,IRN,Asia,35.5,57.5,5.9,High,2,4.5,4.5,22.5
Iran,IRN,Asia,36.5,57.5,5.9,High,0,0.0,0.0,0.0
Iran,IRN,Asia,37.5,57.5,5.9,High,15,4.7867,5.6,13.866
Turkmenistan,TKM,Asia,38.5,57.5,2.8,Low,9,4.8111,5.9,20.2222
Turkmenistan,TKM,Asia,39.5,57.5,2.8,Low,0,0.0,0.0,0.0
Turkmenistan,TKM,Asia,40.5,57.5,2.8,Low,0,0.0,0.0,0.0
Turkmenistan,TKM,Asia,41.5,57.5,2.8,Low,0,0.0,0.0,0.0
Uzbekistan,UZB,Asia,42.5,57.5,3.2,Low,0,0.0,0.0,0.0
Uzbekistan,UZB,Asia,43.5,57.5,3.2,Low,0,0.0,0.0,0.0
Uzbekistan,UZB,Asia,44.5,57.5,3.2,Low,0,0.0,0.0,0.0
Kazakhstan,KAZ,Asia,45.5,57.5,2.7,Low,0,0.0,0.0,0.0
Kazakhstan,KAZ,Asia,46.5,57.5,2.7,Low,0,0.0,0.0,0.0
Kazakhstan,KAZ,Asia,47.5,57.5,2.7,Low,0,0.0,0.0,0.0
Kazakhstan,KAZ,Asia,48.5,57.5,2.7,Low,0,0.0,0.0,0.0
Kazakhstan,KAZ,Asia,49.5,57.5,2.7,Low,0,0.0,0.0,0.0
Kazakhstan,KAZ,Asia,50.5,57.5,2.7,Low,0,0.0,0.0,0.0
Russian Federation,RUS,Europe,51.5,57.5,4.0,Medium,0,0.0,0.0,0.0
Russian Federation,RUS,Europe,52.5,57.5,4.0,Medium,0,0.0,0.0,0.0
Russian Federation,RUS,Europe,53.5,57.5,4.0,Medium,0,0.0,0.0,0.0
Russian Federation,RUS,Europe,54.5,57.5,4.0,Medium,1,5.0,5.0,10.0
Russian Federation,RUS,Europe,55.5,57.5,4.0,Medium,0,0.0,0.0,0.0
Russian Federation,RUS,Europe,56.5,57.5,4.0,Medium,0,0.0,0.0,0.0
Russian Federation,RUS,Europe,57.5,57.5,4.0,Medium,0,0.0,0.0,0.0
Russian Federation,RUS,Europe,58.5,57.5,4.0,Medium,0,0.0,0.0,0.0
Russian Federation,RUS,Europe,59.5,57.5,4.0,Medium,0,0.0,0.0,0.0
Russian Federation,RUS,Europe,60.5,57.5,4.0,Medium,0,0.0,0.0,0.0
Russian Federation,RUS,Europe,61.5,57.5,4.0,Medium,0,0.0,0.0,0.0
Russian Federation,RUS,Europe,62.5,57.5,4.0,Medium,0,0.0,0.0,0.0
Russian Federation,RUS,Europe,63.5,57.5,4.0,Medium,0,0.0,0.0,0.0
Russian Federation,RUS,Europe,64.5,57.5,4.0,Medium,0,0.0,0.0,0.0
Russian Federation,RUS,Europe,65.5,57.5,4.0,Medium,0,0.0,0.0,0.0
Russian Federation,RUS,Europe,66.5,57.5,4.0,Medium,0,0.0,0.0,0.0
Russian Federation,RUS,Europe,67.5,57.5,4.0,Medium,0,0.0,0.0,0.0
Russian Federation,RUS,Europe,68.5,57.5,4.0,Medium,0,0.0,0.0,0.0
Russian Federation,RUS,Europe,74.5,57.5,4.0,Medium,0,0.0,0.0,0.0
Russian Federation,RUS,Europe,75.5,57.5,4.0,Medium,0,0.0,0.0,0.0
Oman,OMN,Asia,20.5,58.5,2.3,Low,0,0.0,0.0,0.0
Oman,OMN,Asia,21.5,58.5,2.3,Low,0,0.0,0.0,0.0
Oman,OMN,Asia,22.5,58.5,2.3,Low,0,0.0,0.0,0.0
Oman,OMN,Asia,23.5,58.5,2.3,Low,0,0.0,0.0,0.0
Iran,IRN,Asia,26.5,58.5,5.9,High,1,4.6,4.6,10.0
Iran,IRN,Asia,27.5,58.5,5.9,High,4,4.95,5.1,42.75
Iran,IRN,Asia,28.5,58.5,5.9,High,8,5.0125,6.6,13.3875
Iran,IRN,Asia,29.5,58.5,5.9,High,2,4.7,4.8,10.0
Iran,IRN,Asia,30.5,58.5,5.9,High,0,0.0,0.0,0.0
Iran,IRN,Asia,31.5,58.5,5.9,High,0,0.0,0.0,0.0
Iran,IRN,Asia,32.5,58.5,5.9,High,4,4.675,4.8,10.0825
Iran,IRN,Asia,33.5,58.5,5.9,High,2,4.8,4.9,26.0
Iran,IRN,Asia,34.5,58.5,5.9,High,2,4.65,4.7,10.0
Iran,IRN,Asia,35.5,58.5,5.9,High,8,4.9,5.3,21.675
Iran,IRN,Asia,36.5,58.5,5.9,High,2,4.8,5.1,5.1
Iran,IRN,Asia,37.5,58.5,5.9,High,1,5.1,5.1,10.0
Turkmenistan,TKM,Asia,38.5,58.5,2.8,Low,0,0.0,0.0,0.0
Turkmenistan,TKM,Asia,39.5,58.5,2.8,Low,0,0.0,0.0,0.0
Turkmenistan,TKM,Asia,40.5,58.5,2.8,Low,0,0.0,0.0,0.0
Turkmenistan,TKM,Asia,41.5,58.5,2.8,Low,0,0.0,0.0,0.0
Turkmenistan,TKM,Asia,42.5,58.5,2.8,Low,0,0.0,0.0,0.0
Uzbekistan,UZB,Asia,43.5,58.5,3.2,Low,0,0.0,0.0,0.0
Uzbekistan,UZB,Asia,44.5,58.5,3.2,Low,0,0.0,0.0,0.0
Uzbekistan,UZB,Asia,45.5,58.5,3.2,Low,0,0.0,0.0,0.0
Kazakhstan,KAZ,Asia,46.5,58.5,2.7,Low,0,0.0,0.0,0.0
Kazakhstan,KAZ,Asia,47.5,58.5,2.7,Low,0,0.0,0.0,0.0
Kazakhstan,KAZ,Asia,48.5,58.5,2.7,Low,0,0.0,0.0,0.0
Kazakhstan,KAZ,Asia,49.5,58.5,2.7,Low,0,0.0,0.0,0.0
Kazakhstan,KAZ,Asia,50.5,58.5,2.7,Low,0,0.0,0.0,0.0
Russian Federation,RUS,Europe,51.5,58.5,4.0,Medium,0,0.0,0.0,0.0
Russian Federation,RUS,Europe,52.5,58.5,4.0,Medium,0,0.0,0.0,0.0
Russian Federation,RUS,Europe,53.5,58.5,4.0,Medium,0,0.0,0.0,0.0
Russian Federation,RUS,Europe,54.5,58.5,4.0,Medium,0,0.0,0.0,0.0
Russian Federation,RUS,Europe,55.5,58.5,4.0,Medium,0,0.0,0.0,0.0
Russian Federation,RUS,Europe,56.5,58.5,4.0,Medium,0,0.0,0.0,0.0
Russian Federation,RUS,Europe,57.5,58.5,4.0,Medium,0,0.0,0.0,0.0
Russian Federation,RUS,Europe,58.5,58.5,4.0,Medium,0,0.0,0.0,0.0
Russian Federation,RUS,Europe,59.5,58.5,4.0,Medium,0,0.0,0.0,0.0
Russian Federation,RUS,Europe,60.5,58.5,4.0,Medium,0,0.0,0.0,0.0
Russian Federation,RUS,Europe,61.5,58.5,4.0,Medium,0,0.0,0.0,0.0
Russian Federation,RUS,Europe,62.5,58.5,4.0,Medium,0,0.0,0.0,0.0
Russian Federation,RUS,Europe,63.5,58.5,4.0,Medium,0,0.0,0.0,0.0
Russian Federation,RUS,Europe,64.5,58.5,4.0,Medium,0,0.0,0.0,0.0
Russian Federation,RUS,Europe,65.5,58.5,4.0,Medium,0,0.0,0.0,0.0
Russian Federation,RUS,Europe,66.5,58.5,4.0,Medium,0,0.0,0.0,0.0
Russian Federation,RUS,Europe,67.5,58.5,4.0,Medium,0,0.0,0.0,0.0
Russian Federation,RUS,Europe,68.5,58.5,4.0,Medium,0,0.0,0.0,0.0
Russian Federation,RUS,Europe,74.5,58.5,4.0,Medium,0,0.0,0.0,0.0
Russian Federation,RUS,Europe,75.5,58.5,4.0,Medium,0,0.0,0.0,0.0
Oman,OMN,Asia,22.5,59.5,2.3,Low,1,4.9,4.9,10.0
Iran,IRN,Asia,25.5,59.5,5.9,High,1,4.7,4.7,18.0
Iran,IRN,Asia,26.5,59.5,5.9,High,4,4.65,4.9,12.025
Iran,IRN,Asia,27.5,59.5,5.9,High,4,4.825,5.1,23.105
Iran,IRN,Asia,28.5,59.5,5.9,High,13,5.1308,6.7,14.2769
Iran,IRN,Asia,29.5,59.5,5.9,High,3,5.4,5.9,21.0667
Iran,IRN,Asia,30.5,59.5,5.9,High,1,4.6,4.6,14.1
Iran,IRN,Asia,31.5,59.5,5.9,High,5,5.02,5.3,28.4
Iran,IRN,Asia,32.5,59.5,5.9,High,6,4.7667,5.1,15.2833
Iran,IRN,Asia,33.5,59.5,5.9,High,5,5.06,5.8,9.08
Iran,IRN,Asia,34.5,59.5,5.9,High,2,4.8,5.1,19.0
Iran,IRN,Asia,35.5,59.5,5.9,High,3,4.9667,5.5,13.0
Iran,IRN,Asia,36.5,59.5,5.9,High,0,0.0,0.0,0.0
Turkmenistan,TKM,Asia,37.5,59.5,2.8,Low,0,0.0,0.0,0.0
Turkmenistan,TKM,Asia,38.5,59.5,2.8,Low,0,0.0,0.0,0.0
Turkmenistan,TKM,Asia,39.5,59.5,2.8,Low,0,0.0,0.0,0.0
Turkmenistan,TKM,Asia,40.5,59.5,2.8,Low,0,0.0,0.0,0.0
Turkmenistan,TKM,Asia,41.5,59.5,2.8,Low,0,0.0,0.0,0.0
Uzbekistan,UZB,Asia,42.5,59.5,3.2,Low,0,0.0,0.0,0.0
Uzbekistan,UZB,Asia,43.5,59.5,3.2,Low,0,0.0,0.0,0.0
Uzbekistan,UZB,Asia,44.5,59.5,3.2,Low,0,0.0,0.0,0.0
Kazakhstan,KAZ,Asia,45.5,59.5,2.7,Low,0,0.0,0.0,0.0
Kazakhstan,KAZ,Asia,46.5,59.5,2.7,Low,0,0.0,0.0,0.0
Kazakhstan,KAZ,Asia,47.5,59.5,2.7,Low,0,0.0,0.0,0.0
Kazakhstan,KAZ,Asia,48.5,59.5,2.7,Low,0,0.0,0.0,0.0
Kazakhstan,KAZ,Asia,49.5,59.5,2.7,Low,0,0.0,0.0,0.0
Kazakhstan,KAZ,Asia,50.5,59.5,2.7,Low,0,0.0,0.0,0.0
Russian Federation,RUS,Europe,51.5,59.5,4.0,Medium,0,0.0,0.0,0.0
Russian Federation,RUS,Europe,52.5,59.5,4.0,Medium,0,0.0,0.0,0.0
Russian Federation,RUS,Europe,53.5,59.5,4.0,Medium,0,0.0,0.0,0.0
Russian Federation,RUS,Europe,54.5,59.5,4.0,Medium,0,0.0,0.0,0.0
Russian Federation,RUS,Europe,55.5,59.5,4.0,Medium,0,0.0,0.0,0.0
Russian Federation,RUS,Europe,56.5,59.5,4.0,Medium,0,0.0,0.0,0.0
Russian Federation,RUS,Europe,57.5,59.5,4.0,Medium,0,0.0,0.0,0.0
Russian Federation,RUS,Europe,58.5,59.5,4.0,Medium,0,0.0,0.0,0.0
Russian Federation,RUS,Europe,59.5,59.5,4.0,Medium,0,0.0,0.0,0.0
Russian Federation,RUS,Europe,60.5,59.5,4.0,Medium,0,0.0,0.0,0.0
Russian Federation,RUS,Europe,61.5,59.5,4.0,Medium,0,0.0,0.0,0.0
Russian Federation,RUS,Europe,62.5,59.5,4.0,Medium,0,0.0,0.0,0.0
Russian Federation,RUS,Europe,63.5,59.5,4.0,Medium,0,0.0,0.0,0.0
Russian Federation,RUS,Europe,64.5,59.5,4.0,Medium,0,0.0,0.0,0.0
Russian Federation,RUS,Europe,65.5,59.5,4.0,Medium,0,0.0,0.0,0.0
Russian Federation,RUS,Europe,66.5,59.5,4.0,Medium,0,0.0,0.0,0.0
Russian Federation,RUS,Europe,67.5,59.5,4.0,Medium,0,0.0,0.0,0.0
Russian Federation,RUS,Europe,68.5,59.5,4.0,Medium,0,0.0,0.0,0.0
Russian Federation,RUS,Europe,75.5,59.5,4.0,Medium,0,0.0,0.0,0.0
Iran,IRN,Asia,25.5,60.5,5.9,High,2,4.55,4.6,10.0
Iran,IRN,Asia,26.5,60.5,5.9,High,0,0.0,0.0,0.0
Iran,IRN,Asia,27.5,60.5,5.9,High,4,4.85,5.6,43.425
Iran,IRN,Asia,28.5,60.5,5.9,High,1,4.8,4.8,13.0
Iran,IRN,Asia,29.5,60.5,5.9,High,0,0.0,0.0,0.0
Iran,IRN,Asia,30.5,60.5,5.9,High,1,4.6,4.6,10.0
Iran,IRN,Asia,31.5,60.5,5.9,High,2,4.5,4.5,9.235
Iran,IRN,Asia,32.5,60.5,5.9,High,2,4.65,4.8,14.15
Iran,IRN,Asia,33.5,60.5,5.9,High,2,4.85,4.9,33.0
Iran,IRN,Asia,34.5,60.5,5.9,High,1,5.5,5.5,10.0
Iran,IRN,Asia,35.5,60.5,5.9,High,5,5.26,6.1,16.76
Iran,IRN,Asia,36.5,60.5,5.9,High,1,4.8,4.8,10.0
Turkmenistan,TKM,Asia,37.5,60.5,2.8,Low,0,0.0,0.0,0.0
Turkmenistan,TKM,Asia,38.5,60.5,2.8,Low,0,0.0,0.0,0.0
Turkmenistan,TKM,Asia,39.5,60.5,2.8,Low,0,0.0,0.0,0.0
Turkmenistan,TKM,Asia,40.5,60.5,2.8,Low,0,0.0,0.0,0.0
Uzbekistan,UZB,Asia,41.5,60.5,3.2,Low,0,0.0,0.0,0.0
Uzbekistan,UZB,Asia,42.5,60.5,3.2,Low,0,0.0,0.0,0.0
Uzbekistan,UZB,Asia,43.5,60.5,3.2,Low,0,0.0,0.0,0.0
Uzbekistan,UZB,Asia,44.5,60.5,3.2,Low,0,0.0,0.0,0.0
Kazakhstan,KAZ,Asia,45.5,60.5,2.7,Low,0,0.0,0.0,0.0
Kazakhstan,KAZ,Asia,46.5,60.5,2.7,Low,0,0.0,0.0,0.0
Kazakhstan,KAZ,Asia,47.5,60.5,2.7,Low,0,0.0,0.0,0.0
Kazakhstan,KAZ,Asia,48.5,60.5,2.7,Low,0,0.0,0.0,0.0
Kazakhstan,KAZ,Asia,49.5,60.5,2.7,Low,0,0.0,0.0,0.0
Kazakhstan,KAZ,Asia,50.5,60.5,2.7,Low,0,0.0,0.0,0.0
Russian Federation,RUS,Europe,51.5,60.5,4.0,Medium,0,0.0,0.0,0.0
Russian Federation,RUS,Europe,52.5,60.5,4.0,Medium,0,0.0,0.0,0.0
Russian Federation,RUS,Europe,53.5,60.5,4.0,Medium,0,0.0,0.0,0.0
Russian Federation,RUS,Europe,54.5,60.5,4.0,Medium,0,0.0,0.0,0.0
Russian Federation,RUS,Europe,55.5,60.5,4.0,Medium,0,0.0,0.0,0.0
Russian Federation,RUS,Europe,56.5,60.5,4.0,Medium,0,0.0,0.0,0.0
Russian Federation,RUS,Europe,57.5,60.5,4.0,Medium,0,0.0,0.0,0.0
Russian Federation,RUS,Europe,58.5,60.5,4.0,Medium,0,0.0,0.0,0.0
Russian Federation,RUS,Europe,59.5,60.5,4.0,Medium,0,0.0,0.0,0.0
Russian Federation,RUS,Europe,60.5,60.5,4.0,Medium,2,4.6,4.7,10.0
Russian Federation,RUS,Europe,61.5,60.5,4.0,Medium,0,0.0,0.0,0.0
Russian Federation,RUS,Europe,62.5,60.5,4.0,Medium,0,0.0,0.0,0.0
Russian Federation,RUS,Europe,63.5,60.5,4.0,Medium,0,0.0,0.0,0.0
Russian Federation,RUS,Europe,64.5,60.5,4.0,Medium,0,0.0,0.0,0.0
Russian Federation,RUS,Europe,65.5,60.5,4.0,Medium,0,0.0,0.0,0.0
Russian Federation,RUS,Europe,66.5,60.5,4.0,Medium,0,0.0,0.0,0.0
Russian Federation,RUS,Europe,67.5,60.5,4.0,Medium,0,0.0,0.0,0.0
Russian Federation,RUS,Europe,68.5,60.5,4.0,Medium,0,0.0,0.0,0.0
Russian Federation,RUS,Europe,69.5,60.5,4.0,Medium,0,0.0,0.0,0.0
Russian Federation,RUS,Europe,75.5,60.5,4.0,Medium,0,0.0,0.0,0.0
Iran,IRN,Asia,25.5,61.5,5.9,High,0,0.0,0.0,0.0
Iran,IRN,Asia,26.5,61.5,5.9,High,3,4.9667,5.3,34.3
Iran,IRN,Asia,27.5,61.5,5.9,High,4,5.125,6.0,72.0
Iran,IRN,Asia,28.5,61.5,5.9,High,1,7.7,7.7,80.0
Pakistan,PAK,Asia,29.5,61.5,6.4,High,1,4.6,4.6,10.0
Iran,IRN,Asia,30.5,61.5,5.9,High,0,0.0,0.0,0.0
Afghanistan,AFG,Asia,31.5,61.5,7.7,Very High,0,0.0,0.0,0.0
Afghanistan,AFG,Asia,32.5,61.5,7.7,Very High,0,0.0,0.0,0.0
Afghanistan,AFG,Asia,33.5,61.5,7.7,Very High,0,0.0,0.0,0.0
Afghanistan,AFG,Asia,34.5,61.5,7.7,Very High,14,4.95,6.3,10.1251
Afghanistan,AFG,Asia,35.5,61.5,7.7,Very High,1,4.8,4.8,33.0
Turkmenistan,TKM,Asia,36.5,61.5,2.8,Low,2,4.65,4.8,10.06
Turkmenistan,TKM,Asia,37.5,61.5,2.8,Low,0,0.0,0.0,0.0
Turkmenistan,TKM,Asia,38.5,61.5,2.8,Low,0,0.0,0.0,0.0
Turkmenistan,TKM,Asia,39.5,61.5,2.8,Low,0,0.0,0.0,0.0
Turkmenistan,TKM,Asia,40.5,61.5,2.8,Low,0,0.0,0.0,0.0
Uzbekistan,UZB,Asia,41.5,61.5,3.2,Low,0,0.0,0.0,0.0
Uzbekistan,UZB,Asia,42.5,61.5,3.2,Low,0,0.0,0.0,0.0
Uzbekistan,UZB,Asia,43.5,61.5,3.2,Low,0,0.0,0.0,0.0
Kazakhstan,KAZ,Asia,44.5,61.5,2.7,Low,0,0.0,0.0,0.0
Kazakhstan,KAZ,Asia,45.5,61.5,2.7,Low,0,0.0,0.0,0.0
Kazakhstan,KAZ,Asia,46.5,61.5,2.7,Low,0,0.0,0.0,0.0
Kazakhstan,KAZ,Asia,47.5,61.5,2.7,Low,0,0.0,0.0,0.0
Kazakhstan,KAZ,Asia,48.5,61.5,2.7,Low,0,0.0,0.0,0.0
Kazakhstan,KAZ,Asia,49.5,61.5,2.7,Low,0,0.0,0.0,0.0
Kazakhstan,KAZ,Asia,50.5,61.5,2.7,Low,0,0.0,0.0,0.0
Kazakhstan,KAZ,Asia,51.5,61.5,2.7,Low,0,0.0,0.0,0.0
Kazakhstan,KAZ,Asia,52.5,61.5,2.7,Low,0,0.0,0.0,0.0
Kazakhstan,KAZ,Asia,53.5,61.5,2.7,Low,0,0.0,0.0,0.0
Russian Federation,RUS,Europe,54.5,61.5,4.0,Medium,0,0.0,0.0,0.0
Russian Federation,RUS,Europe,55.5,61.5,4.0,Medium,0,0.0,0.0,0.0
Russian Federation,RUS,Europe,56.5,61.5,4.0,Medium,0,0.0,0.0,0.0
Russian Federation,RUS,Europe,57.5,61.5,4.0,Medium,0,0.0,0.0,0.0
Russian Federation,RUS,Europe,58.5,61.5,4.0,Medium,0,0.0,0.0,0.0
Russian Federation,RUS,Europe,59.5,61.5,4.0,Medium,0,0.0,0.0,0.0
Russian Federation,RUS,Europe,60.5,61.5,4.0,Medium,0,0.0,0.0,0.0
Russian Federation,RUS,Europe,61.5,61.5,4.0,Medium,0,0.0,0.0,0.0
Russian Federation,RUS,Europe,62.5,61.5,4.0,Medium,0,0.0,0.0,0.0
Russian Federation,RUS,Europe,63.5,61.5,4.0,Medium,0,0.0,0.0,0.0
Russian Federation,RUS,Europe,64.5,61.5,4.0,Medium,0,0.0,0.0,0.0
Russian Federation,RUS,Europe,65.5,61.5,4.0,Medium,0,0.0,0.0,0.0
Russian Federation,RUS,Europe,66.5,61.5,4.0,Medium,0,0.0,0.0,0.0
Russian Federation,RUS,Europe,67.5,61.5,4.0,Medium,0,0.0,0.0,0.0
Russian Federation,RUS,Europe,68.5,61.5,4.0,Medium,0,0.0,0.0,0.0
Russian Federation,RUS,Europe,69.5,61.5,4.0,Medium,0,0.0,0.0,0.0
Russian Federation,RUS,Europe,75.5,61.5,4.0,Medium,0,0.0,0.0,0.0
Pakistan,PAK,Asia,25.5,62.5,6.4,High,7,4.7571,5.0,21.3529
Iran,IRN,Asia,26.5,62.5,5.9,High,2,4.55,4.6,44.84
Iran,IRN,Asia,27.5,62.5,5.9,High,2,4.95,5.4,45.15
Pakistan,PAK,Asia,28.5,62.5,6.4,High,6,4.8167,5.6,51.9883
Afghanistan,AFG,Asia,29.5,62.5,7.7,Very High,0,0.0,0.0,0.0
Afghanistan,AFG,Asia,30.5,62.5,7.7,Very High,0,0.0,0.0,0.0
Afghanistan,AFG,Asia,31.5,62.5,7.7,Very High,0,0.0,0.0,0.0
Afghanistan,AFG,Asia,32.5,62.5,7.7,Very High,0,0.0,0.0,0.0
Afghanistan,AFG,Asia,33.5,62.5,7.7,Very High,0,0.0,0.0,0.0
Afghanistan,AFG,Asia,34.5,62.5,7.7,Very High,11,5.2364,6.3,9.9512
Turkmenistan,TKM,Asia,35.5,62.5,2.8,Low,0,0.0,0.0,0.0
Turkmenistan,TKM,Asia,36.5,62.5,2.8,Low,0,0.0,0.0,0.0
Turkmenistan,TKM,Asia,37.5,62.5,2.8,Low,1,4.5,4.5,10.0
Turkmenistan,TKM,Asia,38.5,62.5,2.8,Low,0,0.0,0.0,0.0
Turkmenistan,TKM,Asia,39.5,62.5,2.8,Low,0,0.0,0.0,0.0
Uzbekistan,UZB,Asia,40.5,62.5,3.2,Low,0,0.0,0.0,0.0
Uzbekistan,UZB,Asia,41.5,62.5,3.2,Low,0,0.0,0.0,0.0
Uzbekistan,UZB,Asia,42.5,62.5,3.2,Low,0,0.0,0.0,0.0
Uzbekistan,UZB,Asia,43.5,62.5,3.2,Low,1,4.6,4.6,12.12
Kazakhstan,KAZ,Asia,44.5,62.5,2.7,Low,0,0.0,0.0,0.0
Kazakhstan,KAZ,Asia,45.5,62.5,2.7,Low,0,0.0,0.0,0.0
Kazakhstan,KAZ,Asia,46.5,62.5,2.7,Low,0,0.0,0.0,0.0
Kazakhstan,KAZ,Asia,47.5,62.5,2.7,Low,0,0.0,0.0,0.0
Kazakhstan,KAZ,Asia,48.5,62.5,2.7,Low,0,0.0,0.0,0.0
Kazakhstan,KAZ,Asia,49.5,62.5,2.7,Low,0,0.0,0.0,0.0
Kazakhstan,KAZ,Asia,50.5,62.5,2.7,Low,0,0.0,0.0,0.0
Kazakhstan,KAZ,Asia,51.5,62.5,2.7,Low,0,0.0,0.0,0.0
Kazakhstan,KAZ,Asia,52.5,62.5,2.7,Low,0,0.0,0.0,0.0
Kazakhstan,KAZ,Asia,53.5,62.5,2.7,Low,0,0.0,0.0,0.0
Russian Federation,RUS,Europe,54.5,62.5,4.0,Medium,0,0.0,0.0,0.0
Russian Federation,RUS,Europe,55.5,62.5,4.0,Medium,0,0.0,0.0,0.0
Russian Federation,RUS,Europe,56.5,62.5,4.0,Medium,0,0.0,0.0,0.0
Russian Federation,RUS,Europe,57.5,62.5,4.0,Medium,0,0.0,0.0,0.0
Russian Federation,RUS,Europe,58.5,62.5,4.0,Medium,0,0.0,0.0,0.0
Russian Federation,RUS,Europe,59.5,62.5,4.0,Medium,0,0.0,0.0,0.0
Russian Federation,RUS,Europe,60.5,62.5,4.0,Medium,0,0.0,0.0,0.0
Russian Federation,RUS,Europe,61.5,62.5,4.0,Medium,0,0.0,0.0,0.0
Russian Federation,RUS,Europe,62.5,62.5,4.0,Medium,0,0.0,0.0,0.0
Russian Federation,RUS,Europe,63.5,62.5,4.0,Medium,0,0.0,0.0,0.0
Russian Federation,RUS,Europe,64.5,62.5,4.0,Medium,0,0.0,0.0,0.0
Russian Federation,RUS,Europe,65.5,62.5,4.0,Medium,0,0.0,0.0,0.0
Russian Federation,RUS,Europe,66.5,62.5,4.0,Medium,0,0.0,0.0,0.0
Russian Federation,RUS,Europe,67.5,62.5,4.0,Medium,0,0.0,0.0,0.0
Russian Federation,RUS,Europe,68.5,62.5,4.0,Medium,0,0.0,0.0,0.0
Russian Federation,RUS,Europe,69.5,62.5,4.0,Medium,0,0.0,0.0,0.0
Russian Federation,RUS,Europe,75.5,62.5,4.0,Medium,0,0.0,0.0,0.0
Pakistan,PAK,Asia,25.5,63.5,6.4,High,10,5.01,6.3,20.3807
Pakistan,PAK,Asia,26.5,63.5,6.4,High,1,4.7,4.7,39.2
Pakistan,PAK,Asia,27.5,63.5,6.4,High,1,4.5,4.5,35.3
Pakistan,PAK,Asia,28.5,63.5,6.4,High,3,5.5,7.2,64.6733
Afghanistan,AFG,Asia,29.5,63.5,7.7,Very High,3,4.9333,5.6,56.9667
Afghanistan,AFG,Asia,30.5,63.5,7.7,Very High,0,0.0,0.0,0.0
Afghanistan,AFG,Asia,31.5,63.5,7.7,Very High,1,4.6,4.6,33.0
Afghanistan,AFG,Asia,32.5,63.5,7.7,Very High,0,0.0,0.0,0.0
Afghanistan,AFG,Asia,33.5,63.5,7.7,Very High,0,0.0,0.0,0.0
Afghanistan,AFG,Asia,34.5,63.5,7.7,Very High,2,5.1,5.3,10.7
Afghanistan,AFG,Asia,35.5,63.5,7.7,Very High,0,0.0,0.0,0.0
Turkmenistan,TKM,Asia,36.5,63.5,2.8,Low,0,0.0,0.0,0.0
Turkmenistan,TKM,Asia,37.5,63.5,2.8,Low,0,0.0,0.0,0.0
Turkmenistan,TKM,Asia,38.5,63.5,2.8,Low,0,0.0,0.0,0.0
Uzbekistan,UZB,Asia,39.5,63.5,3.2,Low,0,0.0,0.0,0.0
Uzbekistan,UZB,Asia,40.5,63.5,3.2,Low,10,4.69,4.9,13.75
Uzbekistan,UZB,Asia,41.5,63.5,3.2,Low,1,4.5,4.5,13.76
Uzbekistan,UZB,Asia,42.5,63.5,3.2,Low,0,0.0,0.0,0.0
Uzbekistan,UZB,Asia,43.5,63.5,3.2,Low,0,0.0,0.0,0.0
Kazakhstan,KAZ,Asia,44.5,63.5,2.7,Low,0,0.0,0.0,0.0
Kazakhstan,KAZ,Asia,45.5,63.5,2.7,Low,0,0.0,0.0,0.0
Kazakhstan,KAZ,Asia,46.5,63.5,2.7,Low,0,0.0,0.0,0.0
Kazakhstan,KAZ,Asia,47.5,63.5,2.7,Low,0,0.0,0.0,0.0
Kazakhstan,KAZ,Asia,48.5,63.5,2.7,Low,0,0.0,0.0,0.0
Kazakhstan,KAZ,Asia,49.5,63.5,2.7,Low,0,0.0,0.0,0.0
Kazakhstan,KAZ,Asia,50.5,63.5,2.7,Low,0,0.0,0.0,0.0
Kazakhstan,KAZ,Asia,51.5,63.5,2.7,Low,0,0.0,0.0,0.0
Kazakhstan,KAZ,Asia,52.5,63.5,2.7,Low,0,0.0,0.0,0.0
Kazakhstan,KAZ,Asia,53.5,63.5,2.7,Low,0,0.0,0.0,0.0
Russian Federation,RUS,Europe,54.5,63.5,4.0,Medium,0,0.0,0.0,0.0
Russian Federation,RUS,Europe,55.5,63.5,4.0,Medium,0,0.0,0.0,0.0
Russian Federation,RUS,Europe,56.5,63.5,4.0,Medium,0,0.0,0.0,0.0
Russian Federation,RUS,Europe,57.5,63.5,4.0,Medium,0,0.0,0.0,0.0
Russian Federation,RUS,Europe,58.5,63.5,4.0,Medium,0,0.0,0.0,0.0
Russian Federation,RUS,Europe,59.5,63.5,4.0,Medium,0,0.0,0.0,0.0
Russian Federation,RUS,Europe,60.5,63.5,4.0,Medium,0,0.0,0.0,0.0
Russian Federation,RUS,Europe,61.5,63.5,4.0,Medium,0,0.0,0.0,0.0
Russian Federation,RUS,Europe,62.5,63.5,4.0,Medium,0,0.0,0.0,0.0
Russian Federation,RUS,Europe,63.5,63.5,4.0,Medium,0,0.0,0.0,0.0
Russian Federation,RUS,Europe,64.5,63.5,4.0,Medium,0,0.0,0.0,0.0
Russian Federation,RUS,Europe,65.5,63.5,4.0,Medium,0,0.0,0.0,0.0
Russian Federation,RUS,Europe,66.5,63.5,4.0,Medium,0,0.0,0.0,0.0
Russian Federation,RUS,Europe,67.5,63.5,4.0,Medium,0,0.0,0.0,0.0
Russian Federation,RUS,Europe,68.5,63.5,4.0,Medium,0,0.0,0.0,0.0
Russian Federation,RUS,Europe,69.5,63.5,4.0,Medium,0,0.0,0.0,0.0
Pakistan,PAK,Asia,25.5,64.5,6.4,High,3,4.6333,4.7,15.8633
Pakistan,PAK,Asia,26.5,64.5,6.4,High,1,4.8,4.8,14.85
Pakistan,PAK,Asia,27.5,64.5,6.4,High,1,4.7,4.7,47.81
Pakistan,PAK,Asia,28.5,64.5,6.4,High,2,4.8,5.1,32.735
Pakistan,PAK,Asia,29.5,64.5,6.4,High,1,4.7,4.7,93.6
Afghanistan,AFG,Asia,30.5,64.5,7.7,Very High,0,0.0,0.0,0.0
Afghanistan,AFG,Asia,31.5,64.5,7.7,Very High,0,0.0,0.0,0.0
Afghanistan,AFG,Asia,32.5,64.5,7.7,Very High,0,0.0,0.0,0.0
Afghanistan,AFG,Asia,33.5,64.5,7.7,Very High,0,0.0,0.0,0.0
Afghanistan,AFG,Asia,34.5,64.5,7.7,Very High,0,0.0,0.0,0.0
Afghanistan,AFG,Asia,35.5,64.5,7.7,Very High,0,0.0,0.0,0.0
Turkmenistan,TKM,Asia,36.5,64.5,2.8,Low,1,4.6,4.6,18.34
Turkmenistan,TKM,Asia,37.5,64.5,2.8,Low,0,0.0,0.0,0.0
Turkmenistan,TKM,Asia,38.5,64.5,2.8,Low,0,0.0,0.0,0.0
Uzbekistan,UZB,Asia,39.5,64.5,3.2,Low,1,5.1,5.1,24.2
Uzbekistan,UZB,Asia,40.5,64.5,3.2,Low,1,4.7,4.7,10.0
Uzbekistan,UZB,Asia,41.5,64.5,3.2,Low,0,0.0,0.0,0.0
Uzbekistan,UZB,Asia,42.5,64.5,3.2,Low,0,0.0,0.0,0.0
Uzbekistan,UZB,Asia,43.5,64.5,3.2,Low,0,0.0,0.0,0.0
Kazakhstan,KAZ,Asia,44.5,64.5,2.7,Low,0,0.0,0.0,0.0
Kazakhstan,KAZ,Asia,45.5,64.5,2.7,Low,0,0.0,0.0,0.0
Kazakhstan,KAZ,Asia,46.5,64.5,2.7,Low,0,0.0,0.0,0.0
Kazakhstan,KAZ,Asia,47.5,64.5,2.7,Low,0,0.0,0.0,0.0
Kazakhstan,KAZ,Asia,48.5,64.5,2.7,Low,0,0.0,0.0,0.0
Kazakhstan,KAZ,Asia,49.5,64.5,2.7,Low,0,0.0,0.0,0.0
Kazakhstan,KAZ,Asia,50.5,64.5,2.7,Low,0,0.0,0.0,0.0
Kazakhstan,KAZ,Asia,51.5,64.5,2.7,Low,0,0.0,0.0,0.0
Kazakhstan,KAZ,Asia,52.5,64.5,2.7,Low,0,0.0,0.0,0.0
Kazakhstan,KAZ,Asia,53.5,64.5,2.7,Low,0,0.0,0.0,0.0
Russian Federation,RUS,Europe,54.5,64.5,4.0,Medium,0,0.0,0.0,0.0
Russian Federation,RUS,Europe,55.5,64.5,4.0,Medium,0,0.0,0.0,0.0
Russian Federation,RUS,Europe,56.5,64.5,4.0,Medium,0,0.0,0.0,0.0
Russian Federation,RUS,Europe,57.5,64.5,4.0,Medium,0,0.0,0.0,0.0
Russian Federation,RUS,Europe,58.5,64.5,4.0,Medium,0,0.0,0.0,0.0
Russian Federation,RUS,Europe,59.5,64.5,4.0,Medium,0,0.0,0.0,0.0
Russian Federation,RUS,Europe,60.5,64.5,4.0,Medium,0,0.0,0.0,0.0
Russian Federation,RUS,Europe,61.5,64.5,4.0,Medium,0,0.0,0.0,0.0
Russian Federation,RUS,Europe,62.5,64.5,4.0,Medium,0,0.0,0.0,0.0
Russian Federation,RUS,Europe,63.5,64.5,4.0,Medium,0,0.0,0.0,0.0
Russian Federation,RUS,Europe,64.5,64.5,4.0,Medium,0,0.0,0.0,0.0
Russian Federation,RUS,Europe,65.5,64.5,4.0,Medium,0,0.0,0.0,0.0
Russian Federation,RUS,Europe,66.5,64.5,4.0,Medium,0,0.0,0.0,0.0
Russian Federation,RUS,Europe,67.5,64.5,4.0,Medium,0,0.0,0.0,0.0
Russian Federation,RUS,Europe,68.5,64.5,4.0,Medium,0,0.0,0.0,0.0
Pakistan,PAK,Asia,25.5,65.5,6.4,High,3,4.8333,5.0,30.7
Pakistan,PAK,Asia,26.5,65.5,6.4,High,6,5.3167,7.7,10.8267
Pakistan,PAK,Asia,27.5,65.5,6.4,High,25,5.1,6.8,20.0332
Pakistan,PAK,Asia,28.5,65.5,6.4,High,7,5.0571,6.0,15.94
Pakistan,PAK,Asia,29.5,65.5,6.4,High,1,4.8,4.8,33.0
Afghanistan,AFG,Asia,30.5,65.5,7.7,Very High,0,0.0,0.0,0.0
Afghanistan,AFG,Asia,31.5,65.5,7.7,Very High,0,0.0,0.0,0.0
Afghanistan,AFG,Asia,32.5,65.5,7.7,Very High,0,0.0,0.0,0.0
Afghanistan,AFG,Asia,33.5,65.5,7.7,Very High,0,0.0,0.0,0.0
Afghanistan,AFG,Asia,34.5,65.5,7.7,Very High,0,0.0,0.0,0.0
Afghanistan,AFG,Asia,35.5,65.5,7.7,Very High,4,4.775,5.0,16.665
Afghanistan,AFG,Asia,36.5,65.5,7.7,Very High,0,0.0,0.0,0.0
Turkmenistan,TKM,Asia,37.5,65.5,2.8,Low,0,0.0,0.0,0.0
Uzbekistan,UZB,Asia,38.5,65.5,3.2,Low,0,0.0,0.0,0.0
Uzbekistan,UZB,Asia,39.5,65.5,3.2,Low,0,0.0,0.0,0.0
Uzbekistan,UZB,Asia,40.5,65.5,3.2,Low,0,0.0,0.0,0.0
Uzbekistan,UZB,Asia,41.5,65.5,3.2,Low,1,4.9,4.9,14.9
Uzbekistan,UZB,Asia,42.5,65.5,3.2,Low,0,0.0,0.0,0.0
Kazakhstan,KAZ,Asia,43.5,65.5,2.7,Low,0,0.0,0.0,0.0
Kazakhstan,KAZ,Asia,44.5,65.5,2.7,Low,0,0.0,0.0,0.0
Kazakhstan,KAZ,Asia,45.5,65.5,2.7,Low,0,0.0,0.0,0.0
Kazakhstan,KAZ,Asia,46.5,65.5,2.7,Low,0,0.0,0.0,0.0
Kazakhstan,KAZ,Asia,47.5,65.5,2.7,Low,0,0.0,0.0,0.0
Kazakhstan,KAZ,Asia,48.5,65.5,2.7,Low,0,0.0,0.0,0.0
Kazakhstan,KAZ,Asia,49.5,65.5,2.7,Low,0,0.0,0.0,0.0
Kazakhstan,KAZ,Asia,50.5,65.5,2.7,Low,0,0.0,0.0,0.0
Kazakhstan,KAZ,Asia,51.5,65.5,2.7,Low,0,0.0,0.0,0.0
Kazakhstan,KAZ,Asia,52.5,65.5,2.7,Low,0,0.0,0.0,0.0
Kazakhstan,KAZ,Asia,53.5,65.5,2.7,Low,0,0.0,0.0,0.0
Kazakhstan,KAZ,Asia,54.5,65.5,2.7,Low,0,0.0,0.0,0.0
Russian Federation,RUS,Europe,55.5,65.5,4.0,Medium,0,0.0,0.0,0.0
Russian Federation,RUS,Europe,56.5,65.5,4.0,Medium,0,0.0,0.0,0.0
Russian Federation,RUS,Europe,57.5,65.5,4.0,Medium,0,0.0,0.0,0.0
Russian Federation,RUS,Europe,58.5,65.5,4.0,Medium,0,0.0,0.0,0.0
Russian Federation,RUS,Europe,59.5,65.5,4.0,Medium,0,0.0,0.0,0.0
Russian Federation,RUS,Europe,60.5,65.5,4.0,Medium,0,0.0,0.0,0.0
Russian Federation,RUS,Europe,61.5,65.5,4.0,Medium,0,0.0,0.0,0.0
Russian Federation,RUS,Europe,62.5,65.5,4.0,Medium,0,0.0,0.0,0.0
Russian Federation,RUS,Europe,63.5,65.5,4.0,Medium,0,0.0,0.0,0.0
Russian Federation,RUS,Europe,64.5,65.5,4.0,Medium,0,0.0,0.0,0.0
Russian Federation,RUS,Europe,65.5,65.5,4.0,Medium,0,0.0,0.0,0.0
Russian Federation,RUS,Europe,66.5,65.5,4.0,Medium,0,0.0,0.0,0.0
Russian Federation,RUS,Europe,67.5,65.5,4.0,Medium,0,0.0,0.0,0.0
Russian Federation,RUS,Europe,68.5,65.5,4.0,Medium,0,0.0,0.0,0.0
Russian Federation,RUS,Europe,76.5,65.5,4.0,Medium,0,0.0,0.0,0.0
Pakistan,PAK,Asia,25.5,66.5,6.4,High,1,4.5,4.5,10.0
Pakistan,PAK,Asia,26.5,66.5,6.4,High,11,4.7364,5.1,11.3091
Pakistan,PAK,Asia,27.5,66.5,6.4,High,17,4.7824,5.6,23.3547
Pakistan,PAK,Asia,28.5,66.5,6.4,High,13,4.8615,5.5,25.4511
Pakistan,PAK,Asia,29.5,66.5,6.4,High,1,5.0,5.0,17.62
Pakistan,PAK,Asia,30.5,66.5,6.4,High,5,4.96,5.5,14.018
Afghanistan,AFG,Asia,31.5,66.5,7.7,Very High,0,0.0,0.0,0.0
Afghanistan,AFG,Asia,32.5,66.5,7.7,Very High,1,4.5,4.5,12.92
Afghanistan,AFG,Asia,33.5,66.5,7.7,Very High,0,0.0,0.0,0.0
Afghanistan,AFG,Asia,34.5,66.5,7.7,Very High,0,0.0,0.0,0.0
Afghanistan,AFG,Asia,35.5,66.5,7.7,Very High,0,0.0,0.0,0.0
Afghanistan,AFG,Asia,36.5,66.5,7.7,Very High,6,5.0,5.4,20.9908
Turkmenistan,TKM,Asia,37.5,66.5,2.8,Low,1,4.8,4.8,10.0
Uzbekistan,UZB,Asia,38.5,66.5,3.2,Low,5,5.04,5.3,25.636
Uzbekistan,UZB,Asia,39.5,66.5,3.2,Low,1,4.6,4.6,33.0
Uzbekistan,UZB,Asia,40.5,66.5,3.2,Low,0,0.0,0.0,0.0
Uzbekistan,UZB,Asia,41.5,66.5,3.2,Low,1,4.6,4.6,10.0
Kazakhstan,KAZ,Asia,42.5,66.5,2.7,Low,0,0.0,0.0,0.0
Kazakhstan,KAZ,Asia,43.5,66.5,2.7,Low,1,4.8,4.8,0.8
Kazakhstan,KAZ,Asia,44.5,66.5,2.7,Low,0,0.0,0.0,0.0
Kazakhstan,KAZ,Asia,45.5,66.5,2.7,Low,0,0.0,0.0,0.0
Kazakhstan,KAZ,Asia,46.5,66.5,2.7,Low,0,0.0,0.0,0.0
Kazakhstan,KAZ,Asia,47.5,66.5,2.7,Low,0,0.0,0.0,0.0
Kazakhstan,KAZ,Asia,48.5,66.5,2.7,Low,0,0.0,0.0,0.0
Kazakhstan,KAZ,Asia,49.5,66.5,2.7,Low,0,0.0,0.0,0.0
Kazakhstan,KAZ,Asia,50.5,66.5,2.7,Low,0,0.0,0.0,0.0
Kazakhstan,KAZ,Asia,51.5,66.5,2.7,Low,0,0.0,0.0,0.0
Kazakhstan,KAZ,Asia,52.5,66.5,2.7,Low,0,0.0,0.0,0.0
Kazakhstan,KAZ,Asia,53.5,66.5,2.7,Low,0,0.0,0.0,0.0
Kazakhstan,KAZ,Asia,54.5,66.5,2.7,Low,0,0.0,0.0,0.0
Russian Federation,RUS,Europe,55.5,66.5,4.0,Medium,0,0.0,0.0,0.0
Russian Federation,RUS,Europe,56.5,66.5,4.0,Medium,0,0.0,0.0,0.0
Russian Federation,RUS,Europe,57.5,66.5,4.0,Medium,0,0.0,0.0,0.0
Russian Federation,RUS,Europe,58.5,66.5,4.0,Medium,0,0.0,0.0,0.0
Russian Federation,RUS,Europe,59.5,66.5,4.0,Medium,0,0.0,0.0,0.0
Russian Federation,RUS,Europe,60.5,66.5,4.0,Medium,0,0.0,0.0,0.0
Russian Federation,RUS,Europe,61.5,66.5,4.0,Medium,0,0.0,0.0,0.0
Russian Federation,RUS,Europe,62.5,66.5,4.0,Medium,0,0.0,0.0,0.0
Russian Federation,RUS,Europe,63.5,66.5,4.0,Medium,0,0.0,0.0,0.0
Russian Federation,RUS,Europe,64.5,66.5,4.0,Medium,0,0.0,0.0,0.0
Russian Federation,RUS,Europe,65.5,66.5,4.0,Medium,0,0.0,0.0,0.0
Russian Federation,RUS,Europe,66.5,66.5,4.0,Medium,0,0.0,0.0,0.0
Russian Federation,RUS,Europe,67.5,66.5,4.0,Medium,0,0.0,0.0,0.0
Russian Federation,RUS,Europe,68.5,66.5,4.0,Medium,0,0.0,0.0,0.0
Russian Federation,RUS,Europe,76.5,66.5,4.0,Medium,0,0.0,0.0,0.0
Pakistan,PAK,Asia,24.5,67.5,6.4,High,0,0.0,0.0,0.0
Pakistan,PAK,Asia,25.5,67.5,6.4,High,2,4.75,5.0,18.7
Pakistan,PAK,Asia,26.5,67.5,6.4,High,1,4.5,4.5,34.3
Pakistan,PAK,Asia,27.5,67.5,6.4,High,2,5.0,5.4,19.84
Pakistan,PAK,Asia,28.5,67.5,6.4,High,1,4.5,4.5,16.68
Pakistan,PAK,Asia,29.5,67.5,6.4,High,10,4.77,5.0,18.356
Pakistan,PAK,Asia,30.5,67.5,6.4,High,52,4.8481,6.4,13.0987
Afghanistan,AFG,Asia,31.5,67.5,7.7,Very High,2,4.75,5.0,21.5
Afghanistan,AFG,Asia,32.5,67.5,7.7,Very High,1,4.5,4.5,35.0
Afghanistan,AFG,Asia,33.5,67.5,7.7,Very High,0,0.0,0.0,0.0
Afghanistan,AFG,Asia,34.5,67.5,7.7,Very High,0,0.0,0.0,0.0
Afghanistan,AFG,Asia,35.5,67.5,7.7,Very High,7,4.8857,5.6,10.3571
Afghanistan,AFG,Asia,36.5,67.5,7.7,Very High,9,4.6556,5.0,26.5811
Uzbekistan,UZB,Asia,37.5,67.5,3.2,Low,1,4.5,4.5,33.0
Uzbekistan,UZB,Asia,38.5,67.5,3.2,Low,2,4.8,5.0,32.55
Uzbekistan,UZB,Asia,39.5,67.5,3.2,Low,7,4.8286,5.7,19.3614
Uzbekistan,UZB,Asia,40.5,67.5,3.2,Low,0,0.0,0.0,0.0
Kazakhstan,KAZ,Asia,41.5,67.5,2.7,Low,1,5.1,5.1,10.0
Kazakhstan,KAZ,Asia,42.5,67.5,2.7,Low,0,0.0,0.0,0.0
Kazakhstan,KAZ,Asia,43.5,67.5,2.7,Low,1,4.7,4.7,10.0
Kazakhstan,KAZ,Asia,44.5,67.5,2.7,Low,0,0.0,0.0,0.0
Kazakhstan,KAZ,Asia,45.5,67.5,2.7,Low,0,0.0,0.0,0.0
Kazakhstan,KAZ,Asia,46.5,67.5,2.7,Low,0,0.0,0.0,0.0
Kazakhstan,KAZ,Asia,47.5,67.5,2.7,Low,0,0.0,0.0,0.0
Kazakhstan,KAZ,Asia,48.5,67.5,2.7,Low,0,0.0,0.0,0.0
Kazakhstan,KAZ,Asia,49.5,67.5,2.7,Low,0,0.0,0.0,0.0
Kazakhstan,KAZ,Asia,50.5,67.5,2.7,Low,0,0.0,0.0,0.0
Kazakhstan,KAZ,Asia,51.5,67.5,2.7,Low,0,0.0,0.0,0.0
Kazakhstan,KAZ,Asia,52.5,67.5,2.7,Low,0,0.0,0.0,0.0
Kazakhstan,KAZ,Asia,53.5,67.5,2.7,Low,0,0.0,0.0,0.0
Kazakhstan,KAZ,Asia,54.5,67.5,2.7,Low,0,0.0,0.0,0.0
Russian Federation,RUS,Europe,55.5,67.5,4.0,Medium,0,0.0,0.0,0.0
Russian Federation,RUS,Europe,56.5,67.5,4.0,Medium,0,0.0,0.0,0.0
Russian Federation,RUS,Europe,57.5,67.5,4.0,Medium,0,0.0,0.0,0.0
Russian Federation,RUS,Europe,58.5,67.5,4.0,Medium,0,0.0,0.0,0.0
Russian Federation,RUS,Europe,59.5,67.5,4.0,Medium,0,0.0,0.0,0.0
Russian Federation,RUS,Europe,60.5,67.5,4.0,Medium,0,0.0,0.0,0.0
Russian Federation,RUS,Europe,61.5,67.5,4.0,Medium,0,0.0,0.0,0.0
Russian Federation,RUS,Europe,62.5,67.5,4.0,Medium,0,0.0,0.0,0.0
Russian Federation,RUS,Europe,63.5,67.5,4.0,Medium,0,0.0,0.0,0.0
Russian Federation,RUS,Europe,64.5,67.5,4.0,Medium,0,0.0,0.0,0.0
Russian Federation,RUS,Europe,65.5,67.5,4.0,Medium,0,0.0,0.0,0.0
Russian Federation,RUS,Europe,66.5,67.5,4.0,Medium,0,0.0,0.0,0.0
Russian Federation,RUS,Europe,67.5,67.5,4.0,Medium,0,0.0,0.0,0.0
Russian Federation,RUS,Europe,69.5,67.5,4.0,Medium,0,0.0,0.0,0.0
Russian Federation,RUS,Europe,70.5,67.5,4.0,Medium,0,0.0,0.0,0.0
Russian Federation,RUS,Europe,76.5,67.5,4.0,Medium,0,0.0,0.0,0.0
India,IND,Asia,23.5,68.5,5.3,High,0,0.0,0.0,0.0
Pakistan,PAK,Asia,24.5,68.5,6.4,High,2,4.7,4.9,15.0
Pakistan,PAK,Asia,25.5,68.5,6.4,High,0,0.0,0.0,0.0
Pakistan,PAK,Asia,26.5,68.5,6.4,High,3,4.5667,4.6,13.36
Pakistan,PAK,Asia,27.5,68.5,6.4,High,0,0.0,0.0,0.0
Pakistan,PAK,Asia,28.5,68.5,6.4,High,2,4.95,5.1,21.5
Pakistan,PAK,Asia,29.5,68.5,6.4,High,12,4.7083,5.1,21.1567
Pakistan,PAK,Asia,30.5,68.5,6.4,High,6,4.7167,5.0,22.1667
Pakistan,PAK,Asia,31.5,68.5,6.4,High,0,0.0,0.0,0.0
Afghanistan,AFG,Asia,32.5,68.5,7.7,Very High,3,4.7,4.8,29.82
Afghanistan,AFG,Asia,33.5,68.5,7.7,Very High,2,4.5,4.5,12.955
Afghanistan,AFG,Asia,34.5,68.5,7.7,Very High,0,0.0,0.0,0.0
Afghanistan,AFG,Asia,35.5,68.5,7.7,Very High,4,4.6,4.9,39.79
Afghanistan,AFG,Asia,36.5,68.5,7.7,Very High,32,4.7094,5.2,29.8543
Tajikistan,TJK,Asia,37.5,68.5,4.0,Medium,14,4.8929,5.6,19.9121
Tajikistan,TJK,Asia,38.5,68.5,4.0,Medium,5,4.78,5.2,20.822
Tajikistan,TJK,Asia,39.5,68.5,4.0,Medium,2,4.85,5.1,13.515
Uzbekistan,UZB,Asia,40.5,68.5,3.2,Low,1,4.6,4.6,35.87
Kazakhstan,KAZ,Asia,41.5,68.5,2.7,Low,4,4.625,4.8,16.9725
Kazakhstan,KAZ,Asia,42.5,68.5,2.7,Low,0,0.0,0.0,0.0
Kazakhstan,KAZ,Asia,43.5,68.5,2.7,Low,0,0.0,0.0,0.0
Kazakhstan,KAZ,Asia,44.5,68.5,2.7,Low,0,0.0,0.0,0.0
Kazakhstan,KAZ,Asia,45.5,68.5,2.7,Low,0,0.0,0.0,0.0
Kazakhstan,KAZ,Asia,46.5,68.5,2.7,Low,0,0.0,0.0,0.0
Kazakhstan,KAZ,Asia,47.5,68.5,2.7,Low,0,0.0,0.0,0.0
Kazakhstan,KAZ,Asia,48.5,68.5,2.7,Low,0,0.0,0.0,0.0
Kazakhstan,KAZ,Asia,49.5,68.5,2.7,Low,0,0.0,0.0,0.0
Kazakhstan,KAZ,Asia,50.5,68.5,2.7,Low,0,0.0,0.0,0.0
Kazakhstan,KAZ,Asia,51.5,68.5,2.7,Low,0,0.0,0.0,0.0
Kazakhstan,KAZ,Asia,52.5,68.5,2.7,Low,0,0.0,0.0,0.0
Kazakhstan,KAZ,Asia,53.5,68.5,2.7,Low,0,0.0,0.0,0.0
Kazakhstan,KAZ,Asia,54.5,68.5,2.7,Low,0,0.0,0.0,0.0
Russian Federation,RUS,Europe,55.5,68.5,4.0,Medium,0,0.0,0.0,0.0
Russian Federation,RUS,Europe,56.5,68.5,4.0,Medium,0,0.0,0.0,0.0
Russian Federation,RUS,Europe,57.5,68.5,4.0,Medium,0,0.0,0.0,0.0
Russian Federation,RUS,Europe,58.5,68.5,4.0,Medium,0,0.0,0.0,0.0
Russian Federation,RUS,Europe,59.5,68.5,4.0,Medium,0,0.0,0.0,0.0
Russian Federation,RUS,Europe,60.5,68.5,4.0,Medium,0,0.0,0.0,0.0
Russian Federation,RUS,Europe,61.5,68.5,4.0,Medium,0,0.0,0.0,0.0
Russian Federation,RUS,Europe,62.5,68.5,4.0,Medium,0,0.0,0.0,0.0
Russian Federation,RUS,Europe,63.5,68.5,4.0,Medium,0,0.0,0.0,0.0
Russian Federation,RUS,Europe,64.5,68.5,4.0,Medium,0,0.0,0.0,0.0
Russian Federation,RUS,Europe,65.5,68.5,4.0,Medium,0,0.0,0.0,0.0
Russian Federation,RUS,Europe,66.5,68.5,4.0,Medium,0,0.0,0.0,0.0
Russian Federation,RUS,Europe,67.5,68.5,4.0,Medium,0,0.0,0.0,0.0
Russian Federation,RUS,Europe,69.5,68.5,4.0,Medium,0,0.0,0.0,0.0
Russian Federation,RUS,Europe,70.5,68.5,4.0,Medium,0,0.0,0.0,0.0
Russian Federation,RUS,Europe,71.5,68.5,4.0,Medium,0,0.0,0.0,0.0
Russian Federation,RUS,Europe,76.5,68.5,4.0,Medium,0,0.0,0.0,0.0
India,IND,Asia,23.5,69.5,5.3,High,8,4.9375,5.5,10.0
Pakistan,PAK,Asia,24.5,69.5,6.4,High,1,4.5,4.5,10.0
Pakistan,PAK,Asia,25.5,69.5,6.4,High,0,0.0,0.0,0.0
Pakistan,PAK,Asia,26.5,69.5,6.4,High,0,0.0,0.0,0.0
Pakistan,PAK,Asia,27.5,69.5,6.4,High,0,0.0,0.0,0.0
Pakistan,PAK,Asia,28.5,69.5,6.4,High,1,4.7,4.7,16.64
Pakistan,PAK,Asia,29.5,69.5,6.4,High,13,4.6692,5.2,17.3062
Pakistan,PAK,Asia,30.5,69.5,6.4,High,19,4.9474,5.8,21.9353
Pakistan,PAK,Asia,31.5,69.5,6.4,High,4,4.6,4.8,32.6875
Pakistan,PAK,Asia,32.5,69.5,6.4,High,11,4.7,5.3,40.1258
Afghanistan,AFG,Asia,33.5,69.5,7.7,Very High,7,5.2,6.0,19.6329
Afghanistan,AFG,Asia,34.5,69.5,7.7,Very High,12,4.6583,5.1,20.0005
Afghanistan,AFG,Asia,35.5,69.5,7.7,Very High,35,4.8,5.9,54.8714
Afghanistan,AFG,Asia,36.5,69.5,7.7,Very High,86,4.7372,6.1,58.8336
Afghanistan,AFG,Asia,37.5,69.5,7.7,Very High,27,4.6148,5.1,24.2967
Tajikistan,TJK,Asia,38.5,69.5,4.0,Medium,26,4.7808,5.7,25.5019
Tajikistan,TJK,Asia,39.5,69.5,4.0,Medium,7,4.7857,5.8,20.2571
Tajikistan,TJK,Asia,40.5,69.5,4.0,Medium,5,4.8,5.3,23.626
Uzbekistan,UZB,Asia,41.5,69.5,3.2,Low,0,0.0,0.0,0.0
Kazakhstan,KAZ,Asia,42.5,69.5,2.7,Low,4,4.55,4.6,18.9948
Kazakhstan,KAZ,Asia,43.5,69.5,2.7,Low,0,0.0,0.0,0.0
Kazakhstan,KAZ,Asia,44.5,69.5,2.7,Low,0,0.0,0.0,0.0
Kazakhstan,KAZ,Asia,45.5,69.5,2.7,Low,0,0.0,0.0,0.0
Kazakhstan,KAZ,Asia,46.5,69.5,2.7,Low,0,0.0,0.0,0.0
Kazakhstan,KAZ,Asia,47.5,69.5,2.7,Low,0,0.0,0.0,0.0
Kazakhstan,KAZ,Asia,48.5,69.5,2.7,Low,0,0.0,0.0,0.0
Kazakhstan,KAZ,Asia,49.5,69.5,2.7,Low,0,0.0,0.0,0.0
Kazakhstan,KAZ,Asia,50.5,69.5,2.7,Low,0,0.0,0.0,0.0
Kazakhstan,KAZ,Asia,51.5,69.5,2.7,Low,0,0.0,0.0,0.0
Kazakhstan,KAZ,Asia,52.5,69.5,2.7,Low,0,0.0,0.0,0.0
Kazakhstan,KAZ,Asia,53.5,69.5,2.7,Low,0,0.0,0.0,0.0
Kazakhstan,KAZ,Asia,54.5,69.5,2.7,Low,0,0.0,0.0,0.0
Russian Federation,RUS,Europe,55.5,69.5,4.0,Medium,0,0.0,0.0,0.0
Russian Federation,RUS,Europe,56.5,69.5,4.0,Medium,0,0.0,0.0,0.0
Russian Federation,RUS,Europe,57.5,69.5,4.0,Medium,0,0.0,0.0,0.0
Russian Federation,RUS,Europe,58.5,69.5,4.0,Medium,0,0.0,0.0,0.0
Russian Federation,RUS,Europe,59.5,69.5,4.0,Medium,0,0.0,0.0,0.0
Russian Federation,RUS,Europe,60.5,69.5,4.0,Medium,0,0.0,0.0,0.0
Russian Federation,RUS,Europe,61.5,69.5,4.0,Medium,0,0.0,0.0,0.0
Russian Federation,RUS,Europe,62.5,69.5,4.0,Medium,0,0.0,0.0,0.0
Russian Federation,RUS,Europe,63.5,69.5,4.0,Medium,0,0.0,0.0,0.0
Russian Federation,RUS,Europe,64.5,69.5,4.0,Medium,0,0.0,0.0,0.0
Russian Federation,RUS,Europe,65.5,69.5,4.0,Medium,0,0.0,0.0,0.0
Russian Federation,RUS,Europe,66.5,69.5,4.0,Medium,0,0.0,0.0,0.0
Russian Federation,RUS,Europe,67.5,69.5,4.0,Medium,0,0.0,0.0,0.0
Russian Federation,RUS,Europe,68.5,69.5,4.0,Medium,0,0.0,0.0,0.0
Russian Federation,RUS,Europe,69.5,69.5,4.0,Medium,0,0.0,0.0,0.0
Russian Federation,RUS,Europe,70.5,69.5,4.0,Medium,0,0.0,0.0,0.0
Russian Federation,RUS,Europe,71.5,69.5,4.0,Medium,0,0.0,0.0,0.0
Russian Federation,RUS,Europe,72.5,69.5,4.0,Medium,0,0.0,0.0,0.0
India,IND,Asia,21.5,70.5,5.3,High,3,5.0333,5.1,10.0
India,IND,Asia,22.5,70.5,5.3,High,0,0.0,0.0,0.0
India,IND,Asia,23.5,70.5,5.3,High,63,4.8365,7.7,10.973
Pakistan,PAK,Asia,24.5,70.5,6.4,High,0,0.0,0.0,0.0
Pakistan,PAK,Asia,25.5,70.5,6.4,High,0,0.0,0.0,0.0
India,IND,Asia,26.5,70.5,5.3,High,0,0.0,0.0,0.0
India,IND,Asia,27.5,70.5,5.3,High,1,5.1,5.1,44.3
Pakistan,PAK,Asia,28.5,70.5,6.4,High,1,4.5,4.5,33.0
Pakistan,PAK,Asia,29.5,70.5,6.4,High,7,4.8143,5.6,17.7671
Pakistan,PAK,Asia,30.5,70.5,6.4,High,10,4.67,5.1,13.22
Pakistan,PAK,Asia,31.5,70.5,6.4,High,6,4.7833,5.4,27.81
Pakistan,PAK,Asia,32.5,70.5,6.4,High,5,4.58,4.7,35.26
Pakistan,PAK,Asia,33.5,70.5,6.4,High,2,5.1,5.4,30.27
Afghanistan,AFG,Asia,34.5,70.5,7.7,Very High,19,4.8368,5.5,32.5486
Afghanistan,AFG,Asia,35.5,70.5,7.7,Very High,32,4.7938,6.3,85.0925
Afghanistan,AFG,Asia,36.5,70.5,7.7,Very High,374,4.8142,7.5,176.9881
Afghanistan,AFG,Asia,37.5,70.5,7.7,Very High,13,4.7077,5.2,41.9511
Tajikistan,TJK,Asia,38.5,70.5,4.0,Medium,62,4.7452,5.7,23.6185
Tajikistan,TJK,Asia,39.5,70.5,4.0,Medium,14,4.8571,6.0,19.1979
Uzbekistan,UZB,Asia,40.5,70.5,3.2,Low,7,4.7429,5.0,21.3229
Kyrgyzstan,KGZ,Asia,41.5,70.5,3.5,Medium,1,4.5,4.5,10.0
Kazakhstan,KAZ,Asia,42.5,70.5,2.7,Low,2,4.55,4.6,12.05
Kazakhstan,KAZ,Asia,43.5,70.5,2.7,Low,0,0.0,0.0,0.0
Kazakhstan,KAZ,Asia,44.5,70.5,2.7,Low,0,0.0,0.0,0.0
Kazakhstan,KAZ,Asia,45.5,70.5,2.7,Low,0,0.0,0.0,0.0
Kazakhstan,KAZ,Asia,46.5,70.5,2.7,Low,0,0.0,0.0,0.0
Kazakhstan,KAZ,Asia,47.5,70.5,2.7,Low,1,5.3,5.3,33.0
Kazakhstan,KAZ,Asia,48.5,70.5,2.7,Low,0,0.0,0.0,0.0
Kazakhstan,KAZ,Asia,49.5,70.5,2.7,Low,0,0.0,0.0,0.0
Kazakhstan,KAZ,Asia,50.5,70.5,2.7,Low,0,0.0,0.0,0.0
Kazakhstan,KAZ,Asia,51.5,70.5,2.7,Low,0,0.0,0.0,0.0
Kazakhstan,KAZ,Asia,52.5,70.5,2.7,Low,0,0.0,0.0,0.0
Kazakhstan,KAZ,Asia,53.5,70.5,2.7,Low,0,0.0,0.0,0.0
Kazakhstan,KAZ,Asia,54.5,70.5,2.7,Low,0,0.0,0.0,0.0
Russian Federation,RUS,Europe,55.5,70.5,4.0,Medium,0,0.0,0.0,0.0
Russian Federation,RUS,Europe,56.5,70.5,4.0,Medium,0,0.0,0.0,0.0
Russian Federation,RUS,Europe,57.5,70.5,4.0,Medium,0,0.0,0.0,0.0
Russian Federation,RUS,Europe,58.5,70.5,4.0,Medium,0,0.0,0.0,0.0
Russian Federation,RUS,Europe,59.5,70.5,4.0,Medium,0,0.0,0.0,0.0
Russian Federation,RUS,Europe,60.5,70.5,4.0,Medium,0,0.0,0.0,0.0
Russian Federation,RUS,Europe,61.5,70.5,4.0,Medium,0,0.0,0.0,0.0
Russian Federation,RUS,Europe,62.5,70.5,4.0,Medium,0,0.0,0.0,0.0
Russian Federation,RUS,Europe,63.5,70.5,4.0,Medium,0,0.0,0.0,0.0
Russian Federation,RUS,Europe,64.5,70.5,4.0,Medium,0,0.0,0.0,0.0
Russian Federation,RUS,Europe,65.5,70.5,4.0,Medium,0,0.0,0.0,0.0
Russian Federation,RUS,Europe,66.5,70.5,4.0,Medium,0,0.0,0.0,0.0
Russian Federation,RUS,Europe,67.5,70.5,4.0,Medium,0,0.0,0.0,0.0
Russian Federation,RUS,Europe,68.5,70.5,4.0,Medium,0,0.0,0.0,0.0
Russian Federation,RUS,Europe,69.5,70.5,4.0,Medium,0,0.0,0.0,0.0
Russian Federation,RUS,Europe,70.5,70.5,4.0,Medium,0,0.0,0.0,0.0
Russian Federation,RUS,Europe,71.5,70.5,4.0,Medium,0,0.0,0.0,0.0
Russian Federation,RUS,Europe,72.5,70.5,4.0,Medium,0,0.0,0.0,0.0
India,IND,Asia,21.5,71.5,5.3,High,1,4.7,4.7,14.3
India,IND,Asia,22.5,71.5,5.3,High,0,0.0,0.0,0.0
India,IND,Asia,23.5,71.5,5.3,High,1,4.7,4.7,10.0
India,IND,Asia,24.5,71.5,5.3,High,0,0.0,0.0,0.0
India,IND,Asia,25.5,71.5,5.3,High,0,0.0,0.0,0.0
India,IND,Asia,26.5,71.5,5.3,High,0,0.0,0.0,0.0
India,IND,Asia,27.5,71.5,5.3,High,0,0.0,0.0,0.0
Pakistan,PAK,Asia,28.5,71.5,6.4,High,0,0.0,0.0,0.0
Pakistan,PAK,Asia,29.5,71.5,6.4,High,0,0.0,0.0,0.0
Pakistan,PAK,Asia,30.5,71.5,6.4,High,0,0.0,0.0,0.0
Pakistan,PAK,Asia,31.5,71.5,6.4,High,0,0.0,0.0,0.0
Pakistan,PAK,Asia,32.5,71.5,6.4,High,3,4.5333,4.6,18.9333
Pakistan,PAK,Asia,33.5,71.5,6.4,High,6,4.6667,5.0,38.9483
Pakistan,PAK,Asia,34.5,71.5,6.4,High,2,4.65,4.7,21.5
Afghanistan,AFG,Asia,35.5,71.5,7.7,Very High,5,4.74,5.1,89.7364
Afghanistan,AFG,Asia,36.5,71.5,7.7,Very High,411,4.7311,6.6,145.0643
Tajikistan,TJK,Asia,37.5,71.5,4.0,Medium,113,4.6735,5.6,112.0352
Tajikistan,TJK,Asia,38.5,71.5,4.0,Medium,18,4.7833,5.4,24.9527
Kyrgyzstan,KGZ,Asia,39.5,71.5,3.5,Medium,64,4.7891,6.0,22.2352
Uzbekistan,UZB,Asia,40.5,71.5,3.2,Low,12,4.7333,6.1,24.4617
Kyrgyzstan,KGZ,Asia,41.5,71.5,3.5,Medium,8,4.6875,4.9,31.9375
Kyrgyzstan,KGZ,Asia,42.5,71.5,3.5,Medium,3,4.6667,5.0,32.8333
Kazakhstan,KAZ,Asia,43.5,71.5,2.7,Low,0,0.0,0.0,0.0
Kazakhstan,KAZ,Asia,44.5,71.5,2.7,Low,0,0.0,0.0,0.0
Kazakhstan,KAZ,Asia,45.5,71.5,2.7,Low,0,0.0,0.0,0.0
Kazakhstan,KAZ,Asia,46.5,71.5,2.7,Low,0,0.0,0.0,0.0
Kazakhstan,KAZ,Asia,47.5,71.5,2.7,Low,0,0.0,0.0,0.0
Kazakhstan,KAZ,Asia,48.5,71.5,2.7,Low,0,0.0,0.0,0.0
Kazakhstan,KAZ,Asia,49.5,71.5,2.7,Low,0,0.0,0.0,0.0
Kazakhstan,KAZ,Asia,50.5,71.5,2.7,Low,0,0.0,0.0,0.0
Kazakhstan,KAZ,Asia,51.5,71.5,2.7,Low,0,0.0,0.0,0.0
Kazakhstan,KAZ,Asia,52.5,71.5,2.7,Low,0,0.0,0.0,0.0
Kazakhstan,KAZ,Asia,53.5,71.5,2.7,Low,0,0.0,0.0,0.0
Russian Federation,RUS,Europe,54.5,71.5,4.0,Medium,0,0.0,0.0,0.0
Russian Federation,RUS,Europe,55.5,71.5,4.0,Medium,0,0.0,0.0,0.0
Russian Federation,RUS,Europe,56.5,71.5,4.0,Medium,0,0.0,0.0,0.0
Russian Federation,RUS,Europe,57.5,71.5,4.0,Medium,0,0.0,0.0,0.0
Russian Federation,RUS,Europe,58.5,71.5,4.0,Medium,0,0.0,0.0,0.0
Russian Federation,RUS,Europe,59.5,71.5,4.0,Medium,0,0.0,0.0,0.0
Russian Federation,RUS,Europe,60.5,71.5,4.0,Medium,0,0.0,0.0,0.0
Russian Federation,RUS,Europe,61.5,71.5,4.0,Medium,0,0.0,0.0,0.0
Russian Federation,RUS,Europe,62.5,71.5,4.0,Medium,0,0.0,0.0,0.0
Russian Federation,RUS,Europe,63.5,71.5,4.0,Medium,0,0.0,0.0,0.0
Russian Federation,RUS,Europe,64.5,71.5,4.0,Medium,0,0.0,0.0,0.0
Russian Federation,RUS,Europe,65.5,71.5,4.0,Medium,0,0.0,0.0,0.0
Russian Federation,RUS,Europe,66.5,71.5,4.0,Medium,0,0.0,0.0,0.0
Russian Federation,RUS,Europe,67.5,71.5,4.0,Medium,0,0.0,0.0,0.0
Russian Federation,RUS,Europe,68.5,71.5,4.0,Medium,0,0.0,0.0,0.0
Russian Federation,RUS,Europe,69.5,71.5,4.0,Medium,0,0.0,0.0,0.0
Russian Federation,RUS,Europe,70.5,71.5,4.0,Medium,0,0.0,0.0,0.0
Russian Federation,RUS,Europe,71.5,71.5,4.0,Medium,0,0.0,0.0,0.0
Russian Federation,RUS,Europe,72.5,71.5,4.0,Medium,0,0.0,0.0,0.0
India,IND,Asia,21.5,72.5,5.3,High,0,0.0,0.0,0.0
India,IND,Asia,22.5,72.5,5.3,High,0,0.0,0.0,0.0
India,IND,Asia,23.5,72.5,5.3,High,0,0.0,0.0,0.0
India,IND,Asia,24.5,72.5,5.3,High,0,0.0,0.0,0.0
India,IND,Asia,25.5,72.5,5.3,High,0,0.0,0.0,0.0
India,IND,Asia,26.5,72.5,5.3,High,0,0.0,0.0,0.0
India,IND,Asia,27.5,72.5,5.3,High,0,0.0,0.0,0.0
India,IND,Asia,28.5,72.5,5.3,High,0,0.0,0.0,0.0
Pakistan,PAK,Asia,29.5,72.5,6.4,High,0,0.0,0.0,0.0
Pakistan,PAK,Asia,30.5,72.5,6.4,High,0,0.0,0.0,0.0
Pakistan,PAK,Asia,31.5,72.5,6.4,High,2,4.5,4.5,21.5
Pakistan,PAK,Asia,32.5,72.5,6.4,High,1,4.6,4.6,47.6
Pakistan,PAK,Asia,33.5,72.5,6.4,High,6,4.6833,5.2,32.2633
Pakistan,PAK,Asia,34.5,72.5,6.4,High,10,4.83,5.2,20.6339
Pakistan,PAK,Asia,35.5,72.5,6.4,High,3,4.7,4.8,41.8
Pakistan,PAK,Asia,36.5,72.5,6.4,High,10,4.64,5.1,69.57
Tajikistan,TJK,Asia,37.5,72.5,4.0,Medium,68,4.6485,5.6,149.0754
Tajikistan,TJK,Asia,38.5,72.5,4.0,Medium,49,4.851,7.2,58.2051
Kyrgyzstan,KGZ,Asia,39.5,72.5,3.5,Medium,32,4.7219,5.5,30.4654
Kyrgyzstan,KGZ,Asia,40.5,72.5,3.5,Medium,10,4.73,5.6,25.999
Kyrgyzstan,KGZ,Asia,41.5,72.5,3.5,Medium,12,4.6833,5.1,25.5475
Kyrgyzstan,KGZ,Asia,42.5,72.5,3.5,Medium,4,5.0,5.5,21.675
Kazakhstan,KAZ,Asia,43.5,72.5,2.7,Low,0,0.0,0.0,0.0
Kazakhstan,KAZ,Asia,44.5,72.5,2.7,Low,0,0.0,0.0,0.0
Kazakhstan,KAZ,Asia,45.5,72.5,2.7,Low,0,0.0,0.0,0.0
Kazakhstan,KAZ,Asia,46.5,72.5,2.7,Low,0,0.0,0.0,0.0
Kazakhstan,KAZ,Asia,47.5,72.5,2.7,Low,0,0.0,0.0,0.0
Kazakhstan,KAZ,Asia,48.5,72.5,2.7,Low,0,0.0,0.0,0.0
Kazakhstan,KAZ,Asia,49.5,72.5,2.7,Low,1,4.8,4.8,14.92
Kazakhstan,KAZ,Asia,50.5,72.5,2.7,Low,0,0.0,0.0,0.0
Kazakhstan,KAZ,Asia,51.5,72.5,2.7,Low,0,0.0,0.0,0.0
Kazakhstan,KAZ,Asia,52.5,72.5,2.7,Low,0,0.0,0.0,0.0
Kazakhstan,KAZ,Asia,53.5,72.5,2.7,Low,0,0.0,0.0,0.0
Russian Federation,RUS,Europe,54.5,72.5,4.0,Medium,0,0.0,0.0,0.0
Russian Federation,RUS,Europe,55.5,72.5,4.0,Medium,0,0.0,0.0,0.0
Russian Federation,RUS,Europe,56.5,72.5,4.0,Medium,0,0.0,0.0,0.0
Russian Federation,RUS,Europe,57.5,72.5,4.0,Medium,0,0.0,0.0,0.0
Russian Federation,RUS,Europe,58.5,72.5,4.0,Medium,0,0.0,0.0,0.0
Russian Federation,RUS,Europe,59.5,72.5,4.0,Medium,0,0.0,0.0,0.0
Russian Federation,RUS,Europe,60.5,72.5,4.0,Medium,0,0.0,0.0,0.0
Russian Federation,RUS,Europe,61.5,72.5,4.0,Medium,0,0.0,0.0,0.0
Russian Federation,RUS,Europe,62.5,72.5,4.0,Medium,0,0.0,0.0,0.0
Russian Federation,RUS,Europe,63.5,72.5,4.0,Medium,0,0.0,0.0,0.0
Russian Federation,RUS,Europe,64.5,72.5,4.0,Medium,0,0.0,0.0,0.0
Russian Federation,RUS,Europe,65.5,72.5,4.0,Medium,0,0.0,0.0,0.0
Russian Federation,RUS,Europe,67.5,72.5,4.0,Medium,0,0.0,0.0,0.0
Russian Federation,RUS,Europe,68.5,72.5,4.0,Medium,0,0.0,0.0,0.0
Russian Federation,RUS,Europe,69.5,72.5,4.0,Medium,0,0.0,0.0,0.0
Russian Federation,RUS,Europe,70.5,72.5,4.0,Medium,0,0.0,0.0,0.0
Russian Federation,RUS,Europe,72.5,72.5,4.0,Medium,0,0.0,0.0,0.0
India,IND,Asia,16.5,73.5,5.3,High,1,4.8,4.8,10.0
India,IND,Asia,17.5,73.5,5.3,High,9,4.8889,5.2,12.5556
India,IND,Asia,18.5,73.5,5.3,High,0,0.0,0.0,0.0
India,IND,Asia,19.5,73.5,5.3,High,0,0.0,0.0,0.0
India,IND,Asia,20.5,73.5,5.3,High,0,0.0,0.0,0.0
India,IND,Asia,21.5,73.5,5.3,High,0,0.0,0.0,0.0
India,IND,Asia,22.5,73.5,5.3,High,0,0.0,0.0,0.0
India,IND,Asia,23.5,73.5,5.3,High,0,0.0,0.0,0.0
India,IND,Asia,24.5,73.5,5.3,High,0,0.0,0.0,0.0
India,IND,Asia,25.5,73.5,5.3,High,1,4.6,4.6,13.5
India,IND,Asia,26.5,73.5,5.3,High,0,0.0,0.0,0.0
India,IND,Asia,27.5,73.5,5.3,High,0,0.0,0.0,0.0
India,IND,Asia,28.5,73.5,5.3,High,0,0.0,0.0,0.0
India,IND,Asia,29.5,73.5,5.3,High,0,0.0,0.0,0.0
Pakistan,PAK,Asia,30.5,73.5,6.4,High,0,0.0,0.0,0.0
Pakistan,PAK,Asia,31.5,73.5,6.4,High,2,4.75,4.9,40.35
Pakistan,PAK,Asia,32.5,73.5,6.4,High,2,4.6,4.7,28.235
Pakistan,PAK,Asia,33.5,73.5,6.4,High,11,4.8182,5.4,19.0582
Pakistan,PAK,Asia,34.5,73.5,6.4,High,226,4.8513,7.6,12.5057
Pakistan,PAK,Asia,35.5,73.5,6.4,High,6,4.6333,4.9,59.4517
Pakistan,PAK,Asia,36.5,73.5,6.4,High,15,4.72,5.6,40.194
Tajikistan,TJK,Asia,37.5,73.5,4.0,Medium,14,4.5929,4.9,56.4754
Tajikistan,TJK,Asia,38.5,73.5,4.0,Medium,79,4.8139,6.9,75.8763
Kyrgyzstan,KGZ,Asia,39.5,73.5,3.5,Medium,117,4.7675,6.7,26.3644
Kyrgyzstan,KGZ,Asia,40.5,73.5,3.5,Medium,15,4.72,5.6,33.1373
Kyrgyzstan,KGZ,Asia,41.5,73.5,3.5,Medium,10,4.64,5.1,27.907
Kyrgyzstan,KGZ,Asia,42.5,73.5,3.5,Medium,2,4.7,4.9,8.25
Kazakhstan,KAZ,Asia,43.5,73.5,2.7,Low,0,0.0,0.0,0.0
Kazakhstan,KAZ,Asia,44.5,73.5,2.7,Low,0,0.0,0.0,0.0
Kazakhstan,KAZ,Asia,45.5,73.5,2.7,Low,0,0.0,0.0,0.0
Kazakhstan,KAZ,Asia,46.5,73.5,2.7,Low,0,0.0,0.0,0.0
Kazakhstan,KAZ,Asia,47.5,73.5,2.7,Low,0,0.0,0.0,0.0
Kazakhstan,KAZ,Asia,48.5,73.5,2.7,Low,0,0.0,0.0,0.0
Kazakhstan,KAZ,Asia,49.5,73.5,2.7,Low,0,0.0,0.0,0.0
Kazakhstan,KAZ,Asia,50.5,73.5,2.7,Low,0,0.0,0.0,0.0
Kazakhstan,KAZ,Asia,51.5,73.5,2.7,Low,0,0.0,0.0,0.0
Kazakhstan,KAZ,Asia,52.5,73.5,2.7,Low,0,0.0,0.0,0.0
Russian Federation,RUS,Europe,53.5,73.5,4.0,Medium,0,0.0,0.0,0.0
Russian Federation,RUS,Europe,54.5,73.5,4.0,Medium,0,0.0,0.0,0.0
Russian Federation,RUS,Europe,55.5,73.5,4.0,Medium,0,0.0,0.0,0.0
Russian Federation,RUS,Europe,56.5,73.5,4.0,Medium,0,0.0,0.0,0.0
Russian Federation,RUS,Europe,57.5,73.5,4.0,Medium,0,0.0,0.0,0.0
Russian Federation,RUS,Europe,58.5,73.5,4.0,Medium,0,0.0,0.0,0.0
Russian Federation,RUS,Europe,59.5,73.5,4.0,Medium,0,0.0,0.0,0.0
Russian Federation,RUS,Europe,60.5,73.5,4.0,Medium,0,0.0,0.0,0.0
Russian Federation,RUS,Europe,61.5,73.5,4.0,Medium,0,0.0,0.0,0.0
Russian Federation,RUS,Europe,62.5,73.5,4.0,Medium,0,0.0,0.0,0.0
Russian Federation,RUS,Europe,63.5,73.5,4.0,Medium,0,0.0,0.0,0.0
Russian Federation,RUS,Europe,64.5,73.5,4.0,Medium,0,0.0,0.0,0.0
Russian Federation,RUS,Europe,65.5,73.5,4.0,Medium,0,0.0,0.0,0.0
Russian Federation,RUS,Europe,66.5,73.5,4.0,Medium,0,0.0,0.0,0.0
Russian Federation,RUS,Europe,68.5,73.5,4.0,Medium,0,0.0,0.0,0.0
Russian Federation,RUS,Europe,71.5,73.5,4.0,Medium,0,0.0,0.0,0.0
India,IND,Asia,14.5,74.5,5.3,High,0,0.0,0.0,0.0
India,IND,Asia,15.5,74.5,5.3,High,0,0.0,0.0,0.0
India,IND,Asia,16.5,74.5,5.3,High,0,0.0,0.0,0.0
India,IND,Asia,17.5,74.5,5.3,High,1,4.5,4.5,45.0
India,IND,Asia,18.5,74.5,5.3,High,0,0.0,0.0,0.0
India,IND,Asia,19.5,74.5,5.3,High,0,0.0,0.0,0.0
India,IND,Asia,20.5,74.5,5.3,High,0,0.0,0.0,0.0
India,IND,Asia,21.5,74.5,5.3,High,0,0.0,0.0,0.0
India,IND,Asia,22.5,74.5,5.3,High,0,0.0,0.0,0.0
India,IND,Asia,23.5,74.5,5.3,High,0,0.0,0.0,0.0
India,IND,Asia,24.5,74.5,5.3,High,0,0.0,0.0,0.0
India,IND,Asia,25.5,74.5,5.3,High,0,0.0,0.0,0.0
India,IND,Asia,26.5,74.5,5.3,High,0,0.0,0.0,0.0
India,IND,Asia,27.5,74.5,5.3,High,0,0.0,0.0,0.0
India,IND,Asia,28.5,74.5,5.3,High,0,0.0,0.0,0.0
India,IND,Asia,29.5,74.5,5.3,High,0,0.0,0.0,0.0
India,IND,Asia,30.5,74.5,5.3,High,0,0.0,0.0,0.0
India,IND,Asia,31.5,74.5,5.3,High,1,4.5,4.5,60.73
Pakistan,PAK,Asia,32.5,74.5,6.4,High,0,0.0,0.0,0.0
India,IND,Asia,33.5,74.5,5.3,High,0,0.0,0.0,0.0
India,IND,Asia,34.5,74.5,5.3,High,4,4.725,5.2,23.765
Pakistan,PAK,Asia,35.5,74.5,6.4,High,54,4.7907,6.3,28.9276
Pakistan,PAK,Asia,36.5,74.5,6.4,High,2,4.6,4.7,56.255
Tajikistan,TJK,Asia,37.5,74.5,4.0,Medium,12,4.725,5.6,40.2862
Tajikistan,TJK,Asia,38.5,74.5,4.0,Medium,23,4.6,5.2,148.8724
China,CHN,Asia,39.5,74.5,2.9,Low,58,4.6793,5.2,27.6005
Kyrgyzstan,KGZ,Asia,40.5,74.5,3.5,Medium,0,0.0,0.0,0.0
Kyrgyzstan,KGZ,Asia,41.5,74.5,3.5,Medium,4,5.025,5.5,13.1825
Kyrgyzstan,KGZ,Asia,42.5,74.5,3.5,Medium,3,4.8667,4.9,17.95
Kazakhstan,KAZ,Asia,43.5,74.5,2.7,Low,0,0.0,0.0,0.0
Kazakhstan,KAZ,Asia,44.5,74.5,2.7,Low,0,0.0,0.0,0.0
Kazakhstan,KAZ,Asia,45.5,74.5,2.7,Low,0,0.0,0.0,0.0
Kazakhstan,KAZ,Asia,46.5,74.5,2.7,Low,0,0.0,0.0,0.0
Kazakhstan,KAZ,Asia,47.5,74.5,2.7,Low,0,0.0,0.0,0.0
Kazakhstan,KAZ,Asia,48.5,74.5,2.7,Low,0,0.0,0.0,0.0
Kazakhstan,KAZ,Asia,49.5,74.5,2.7,Low,0,0.0,0.0,0.0
Kazakhstan,KAZ,Asia,50.5,74.5,2.7,Low,0,0.0,0.0,0.0
Kazakhstan,KAZ,Asia,51.5,74.5,2.7,Low,0,0.0,0.0,0.0
Kazakhstan,KAZ,Asia,52.5,74.5,2.7,Low,0,0.0,0.0,0.0
Kazakhstan,KAZ,Asia,53.5,74.5,2.7,Low,0,0.0,0.0,0.0
Russian Federation,RUS,Europe,54.5,74.5,4.0,Medium,0,0.0,0.0,0.0
Russian Federation,RUS,Europe,55.5,74.5,4.0,Medium,0,0.0,0.0,0.0
Russian Federation,RUS,Europe,56.5,74.5,4.0,Medium,0,0.0,0.0,0.0
Russian Federation,RUS,Europe,57.5,74.5,4.0,Medium,0,0.0,0.0,0.0
Russian Federation,RUS,Europe,58.5,74.5,4.0,Medium,0,0.0,0.0,0.0
Russian Federation,RUS,Europe,59.5,74.5,4.0,Medium,0,0.0,0.0,0.0
Russian Federation,RUS,Europe,60.5,74.5,4.0,Medium,0,0.0,0.0,0.0
Russian Federation,RUS,Europe,61.5,74.5,4.0,Medium,0,0.0,0.0,0.0
Russian Federation,RUS,Europe,62.5,74.5,4.0,Medium,0,0.0,0.0,0.0
Russian Federation,RUS,Europe,63.5,74.5,4.0,Medium,0,0.0,0.0,0.0
Russian Federation,RUS,Europe,64.5,74.5,4.0,Medium,0,0.0,0.0,0.0
Russian Federation,RUS,Europe,65.5,74.5,4.0,Medium,0,0.0,0.0,0.0
Russian Federation,RUS,Europe,66.5,74.5,4.0,Medium,0,0.0,0.0,0.0
Russian Federation,RUS,Europe,69.5,74.5,4.0,Medium,0,0.0,0.0,0.0
Russian Federation,RUS,Europe,70.5,74.5,4.0,Medium,0,0.0,0.0,0.0
Russian Federation,RUS,Europe,71.5,74.5,4.0,Medium,0,0.0,0.0,0.0
India,IND,Asia,12.5,75.5,5.3,High,0,0.0,0.0,0.0
India,IND,Asia,13.5,75.5,5.3,High,0,0.0,0.0,0.0
India,IND,Asia,14.5,75.5,5.3,High,0,0.0,0.0,0.0
India,IND,Asia,15.5,75.5,5.3,High,0,0.0,0.0,0.0
India,IND,Asia,16.5,75.5,5.3,High,1,4.5,4.5,10.0
India,IND,Asia,17.5,75.5,5.3,High,0,0.0,0.0,0.0
India,IND,Asia,18.5,75.5,5.3,High,0,0.0,0.0,0.0
India,IND,Asia,19.5,75.5,5.3,High,0,0.0,0.0,0.0
India,IND,Asia,20.5,75.5,5.3,High,0,0.0,0.0,0.0
India,IND,Asia,21.5,75.5,5.3,High,0,0.0,0.0,0.0
India,IND,Asia,22.5,75.5,5.3,High,0,0.0,0.0,0.0
India,IND,Asia,23.5,75.5,5.3,High,0,0.0,0.0,0.0
India,IND,Asia,24.5,75.5,5.3,High,0,0.0,0.0,0.0
India,IND,Asia,25.5,75.5,5.3,High,0,0.0,0.0,0.0
India,IND,Asia,26.5,75.5,5.3,High,0,0.0,0.0,0.0
India,IND,Asia,27.5,75.5,5.3,High,1,4.5,4.5,10.0
India,IND,Asia,28.5,75.5,5.3,High,0,0.0,0.0,0.0
India,IND,Asia,29.5,75.5,5.3,High,0,0.0,0.0,0.0
India,IND,Asia,30.5,75.5,5.3,High,0,0.0,0.0,0.0
India,IND,Asia,31.5,75.5,5.3,High,0,0.0,0.0,0.0
India,IND,Asia,32.5,75.5,5.3,High,1,4.6,4.6,10.0
India,IND,Asia,33.5,75.5,5.3,High,28,4.7929,5.7,28.4523
India,IND,Asia,34.5,75.5,5.3,High,2,4.7,4.7,33.3
Pakistan,PAK,Asia,35.5,75.5,6.4,High,5,4.6,4.9,32.4
Pakistan,PAK,Asia,36.5,75.5,6.4,High,3,4.5,4.5,28.8667
China,CHN,Asia,37.5,75.5,2.9,Low,9,4.7111,5.4,49.7044
China,CHN,Asia,38.5,75.5,2.9,Low,16,4.7438,5.7,74.1588
China,CHN,Asia,39.5,75.5,2.9,Low,23,4.7783,5.7,34.4791
China,CHN,Asia,40.5,75.5,2.9,Low,3,4.6,4.7,28.69
Kyrgyzstan,KGZ,Asia,41.5,75.5,3.5,Medium,4,4.575,4.8,18.3475
Kyrgyzstan,KGZ,Asia,42.5,75.5,3.5,Medium,6,4.8667,5.1,14.76
Kazakhstan,KAZ,Asia,43.5,75.5,2.7,Low,1,4.5,4.5,11.54
Kazakhstan,KAZ,Asia,44.5,75.5,2.7,Low,1,4.9,4.9,10.0
Kazakhstan,KAZ,Asia,45.5,75.5,2.7,Low,0,0.0,0.0,0.0
Kazakhstan,KAZ,Asia,46.5,75.5,2.7,Low,0,0.0,0.0,0.0
Kazakhstan,KAZ,Asia,47.5,75.5,2.7,Low,0,0.0,0.0,0.0
Kazakhstan,KAZ,Asia,48.5,75.5,2.7,Low,0,0.0,0.0,0.0
Kazakhstan,KAZ,Asia,49.5,75.5,2.7,Low,0,0.0,0.0,0.0
Kazakhstan,KAZ,Asia,50.5,75.5,2.7,Low,0,0.0,0.0,0.0
Kazakhstan,KAZ,Asia,51.5,75.5,2.7,Low,1,4.6,4.6,10.0
Kazakhstan,KAZ,Asia,52.5,75.5,2.7,Low,0,0.0,0.0,0.0
Kazakhstan,KAZ,Asia,53.5,75.5,2.7,Low,0,0.0,0.0,0.0
Russian Federation,RUS,Europe,54.5,75.5,4.0,Medium,0,0.0,0.0,0.0
Russian Federation,RUS,Europe,55.5,75.5,4.0,Medium,0,0.0,0.0,0.0
Russian Federation,RUS,Europe,56.5,75.5,4.0,Medium,0,0.0,0.0,0.0
Russian Federation,RUS,Europe,57.5,75.5,4.0,Medium,0,0.0,0.0,0.0
Russian Federation,RUS,Europe,58.5,75.5,4.0,Medium,0,0.0,0.0,0.0
Russian Federation,RUS,Europe,59.5,75.5,4.0,Medium,0,0.0,0.0,0.0
Russian Federation,RUS,Europe,60.5,75.5,4.0,Medium,0,0.0,0.0,0.0
Russian Federation,RUS,Europe,61.5,75.5,4.0,Medium,0,0.0,0.0,0.0
Russian Federation,RUS,Europe,62.5,75.5,4.0,Medium,0,0.0,0.0,0.0
Russian Federation,RUS,Europe,63.5,75.5,4.0,Medium,0,0.0,0.0,0.0
Russian Federation,RUS,Europe,64.5,75.5,4.0,Medium,0,0.0,0.0,0.0
Russian Federation,RUS,Europe,65.5,75.5,4.0,Medium,0,0.0,0.0,0.0
Russian Federation,RUS,Europe,66.5,75.5,4.0,Medium,0,0.0,0.0,0.0
Russian Federation,RUS,Europe,67.5,75.5,4.0,Medium,0,0.0,0.0,0.0
Russian Federation,RUS,Europe,68.5,75.5,4.0,Medium,0,0.0,0.0,0.0
Russian Federation,RUS,Europe,69.5,75.5,4.0,Medium,0,0.0,0.0,0.0
Russian Federation,RUS,Europe,70.5,75.5,4.0,Medium,0,0.0,0.0,0.0
India,IND,Asia,9.5,76.5,5.3,High,0,0.0,0.0,0.0
India,IND,Asia,10.5,76.5,5.3,High,0,0.0,0.0,0.0
India,IND,Asia,11.5,76.5,5.3,High,0,0.0,0.0,0.0
India,IND,Asia,12.5,76.5,5.3,High,0,0.0,0.0,0.0
India,IND,Asia,13.5,76.5,5.3,High,0,0.0,0.0,0.0
India,IND,Asia,14.5,76.5,5.3,High,0,0.0,0.0,0.0
India,IND,Asia,15.5,76.5,5.3,High,0,0.0,0.0,0.0
India,IND,Asia,16.5,76.5,5.3,High,0,0.0,0.0,0.0
India,IND,Asia,17.5,76.5,5.3,High,0,0.0,0.0,0.0
India,IND,Asia,18.5,76.5,5.3,High,0,0.0,0.0,0.0
India,IND,Asia,19.5,76.5,5.3,High,0,0.0,0.0,0.0
India,IND,Asia,20.5,76.5,5.3,High,0,0.0,0.0,0.0
India,IND,Asia,21.5,76.5,5.3,High,0,0.0,0.0,0.0
India,IND,Asia,22.5,76.5,5.3,High,0,0.0,0.0,0.0
India,IND,Asia,23.5,76.5,5.3,High,0,0.0,0.0,0.0
India,IND,Asia,24.5,76.5,5.3,High,0,0.0,0.0,0.0
India,IND,Asia,25.5,76.5,5.3,High,0,0.0,0.0,0.0
India,IND,Asia,26.5,76.5,5.3,High,0,0.0,0.0,0.0
India,IND,Asia,27.5,76.5,5.3,High,0,0.0,0.0,0.0
India,IND,Asia,28.5,76.5,5.3,High,3,4.8,5.1,10.0
India,IND,Asia,29.5,76.5,5.3,High,1,4.5,4.5,10.0
India,IND,Asia,30.5,76.5,5.3,High,1,4.6,4.6,16.02
India,IND,Asia,31.5,76.5,5.3,High,2,4.5,4.5,32.53
India,IND,Asia,32.5,76.5,5.3,High,17,4.7353,5.0,21.3335
India,IND,Asia,33.5,76.5,5.3,High,13,4.7154,5.1,28.2146
India,IND,Asia,34.5,76.5,5.3,High,2,4.65,4.7,41.3775
Pakistan,PAK,Asia,35.5,76.5,6.4,High,7,4.6429,5.2,38.4714
China,CHN,Asia,36.5,76.5,2.9,Low,10,4.69,5.0,79.986
China,CHN,Asia,37.5,76.5,2.9,Low,1,4.7,4.7,122.5
China,CHN,Asia,38.5,76.5,2.9,Low,4,4.825,5.3,33.154
China,CHN,Asia,39.5,76.5,2.9,Low,8,4.8,5.5,39.89
Kyrgyzstan,KGZ,Asia,40.5,76.5,3.5,Medium,8,4.625,5.0,34.7575
Kyrgyzstan,KGZ,Asia,41.5,76.5,3.5,Medium,0,0.0,0.0,0.0
Kyrgyzstan,KGZ,Asia,42.5,76.5,3.5,Medium,3,5.1333,5.8,18.2
Kazakhstan,KAZ,Asia,43.5,76.5,2.7,Low,2,4.65,4.8,24.055
Kazakhstan,KAZ,Asia,44.5,76.5,2.7,Low,0,0.0,0.0,0.0
Kazakhstan,KAZ,Asia,45.5,76.5,2.7,Low,0,0.0,0.0,0.0
Kazakhstan,KAZ,Asia,46.5,76.5,2.7,Low,0,0.0,0.0,0.0
Kazakhstan,KAZ,Asia,47.5,76.5,2.7,Low,0,0.0,0.0,0.0
Kazakhstan,KAZ,Asia,48.5,76.5,2.7,Low,0,0.0,0.0,0.0
Kazakhstan,KAZ,Asia,49.5,76.5,2.7,Low,0,0.0,0.0,0.0
Kazakhstan,KAZ,Asia,50.5,76.5,2.7,Low,0,0.0,0.0,0.0
Kazakhstan,KAZ,Asia,51.5,76.5,2.7,Low,0,0.0,0.0,0.0
Kazakhstan,KAZ,Asia,52.5,76.5,2.7,Low,0,0.0,0.0,0.0
Kazakhstan,KAZ,Asia,53.5,76.5,2.7,Low,0,0.0,0.0,0.0
Russian Federation,RUS,Europe,54.5,76.5,4.0,Medium,0,0.0,0.0,0.0
Russian Federation,RUS,Europe,55.5,76.5,4.0,Medium,0,0.0,0.0,0.0
Russian Federation,RUS,Europe,56.5,76.5,4.0,Medium,0,0.0,0.0,0.0
Russian Federation,RUS,Europe,57.5,76.5,4.0,Medium,0,0.0,0.0,0.0
Russian Federation,RUS,Europe,58.5,76.5,4.0,Medium,0,0.0,0.0,0.0
Russian Federation,RUS,Europe,59.5,76.5,4.0,Medium,0,0.0,0.0,0.0
Russian Federation,RUS,Europe,60.5,76.5,4.0,Medium,0,0.0,0.0,0.0
Russian Federation,RUS,Europe,61.5,76.5,4.0,Medium,0,0.0,0.0,0.0
Russian Federation,RUS,Europe,62.5,76.5,4.0,Medium,0,0.0,0.0,0.0
Russian Federation,RUS,Europe,63.5,76.5,4.0,Medium,0,0.0,0.0,0.0
Russian Federation,RUS,Europe,64.5,76.5,4.0,Medium,0,0.0,0.0,0.0
Russian Federation,RUS,Europe,65.5,76.5,4.0,Medium,0,0.0,0.0,0.0
Russian Federation,RUS,Europe,66.5,76.5,4.0,Medium,0,0.0,0.0,0.0
Russian Federation,RUS,Europe,67.5,76.5,4.0,Medium,0,0.0,0.0,0.0
Russian Federation,RUS,Europe,68.5,76.5,4.0,Medium,0,0.0,0.0,0.0
Russian Federation,RUS,Europe,69.5,76.5,4.0,Medium,0,0.0,0.0,0.0
Russian Federation,RUS,Europe,70.5,76.5,4.0,Medium,0,0.0,0.0,0.0
Russian Federation,RUS,Europe,71.5,76.5,4.0,Medium,0,0.0,0.0,0.0
India,IND,Asia,8.5,77.5,5.3,High,0,0.0,0.0,0.0
India,IND,Asia,9.5,77.5,5.3,High,0,0.0,0.0,0.0
India,IND,Asia,10.5,77.5,5.3,High,0,0.0,0.0,0.0
India,IND,Asia,11.5,77.5,5.3,High,0,0.0,0.0,0.0
India,IND,Asia,12.5,77.5,5.3,High,0,0.0,0.0,0.0
India,IND,Asia,13.5,77.5,5.3,High,0,0.0,0.0,0.0
India,IND,Asia,14.5,77.5,5.3,High,0,0.0,0.0,0.0
India,IND,Asia,15.5,77.5,5.3,High,0,0.0,0.0,0.0
India,IND,Asia,16.5,77.5,5.3,High,0,0.0,0.0,0.0
India,IND,Asia,17.5,77.5,5.3,High,0,0.0,0.0,0.0
India,IND,Asia,18.5,77.5,5.3,High,0,0.0,0.0,0.0
India,IND,Asia,19.5,77.5,5.3,High,0,0.0,0.0,0.0
India,IND,Asia,20.5,77.5,5.3,High,0,0.0,0.0,0.0
India,IND,Asia,21.5,77.5,5.3,High,0,0.0,0.0,0.0
India,IND,Asia,22.5,77.5,5.3,High,0,0.0,0.0,0.0
India,IND,Asia,23.5,77.5,5.3,High,0,0.0,0.0,0.0
India,IND,Asia,24.5,77.5,5.3,High,0,0.0,0.0,0.0
India,IND,Asia,25.5,77.5,5.3,High,0,0.0,0.0,0.0
India,IND,Asia,26.5,77.5,5.3,High,0,0.0,0.0,0.0
India,IND,Asia,27.5,77.5,5.3,High,1,4.7,4.7,10.0
India,IND,Asia,28.5,77.5,5.3,High,1,4.7,4.7,10.0
India,IND,Asia,29.5,77.5,5.3,High,0,0.0,0.0,0.0
India,IND,Asia,30.5,77.5,5.3,High,0,0.0,0.0,0.0
India,IND,Asia,31.5,77.5,5.3,High,5,4.62,5.0,17.78
India,IND,Asia,32.5,77.5,5.3,High,0,0.0,0.0,0.0
India,IND,Asia,33.5,77.5,5.3,High,0,0.0,0.0,0.0
India,IND,Asia,34.5,77.5,5.3,High,1,5.1,5.1,15.5
Pakistan,PAK,Asia,35.5,77.5,6.4,High,14,4.9286,5.4,43.4757
China,CHN,Asia,36.5,77.5,2.9,Low,9,4.6778,5.1,73.1627
China,CHN,Asia,37.5,77.5,2.9,Low,18,4.6278,5.1,17.3461
China,CHN,Asia,38.5,77.5,2.9,Low,0,0.0,0.0,0.0
China,CHN,Asia,39.5,77.5,2.9,Low,54,4.8241,6.3,14.2639
China,CHN,Asia,40.5,77.5,2.9,Low,35,4.7857,5.4,19.6355
Kyrgyzstan,KGZ,Asia,41.5,77.5,3.5,Medium,5,4.66,4.9,21.324
Kyrgyzstan,KGZ,Asia,42.5,77.5,3.5,Medium,7,4.8429,5.2,21.6657
Kazakhstan,KAZ,Asia,43.5,77.5,2.7,Low,6,4.75,5.1,24.0517
Kazakhstan,KAZ,Asia,44.5,77.5,2.7,Low,0,0.0,0.0,0.0
Kazakhstan,KAZ,Asia,45.5,77.5,2.7,Low,1,4.8,4.8,37.2
Kazakhstan,KAZ,Asia,46.5,77.5,2.7,Low,0,0.0,0.0,0.0
Kazakhstan,KAZ,Asia,47.5,77.5,2.7,Low,0,0.0,0.0,0.0
Kazakhstan,KAZ,Asia,48.5,77.5,2.7,Low,0,0.0,0.0,0.0
Kazakhstan,KAZ,Asia,49.5,77.5,2.7,Low,0,0.0,0.0,0.0
Kazakhstan,KAZ,Asia,50.5,77.5,2.7,Low,0,0.0,0.0,0.0
Kazakhstan,KAZ,Asia,51.5,77.5,2.7,Low,0,0.0,0.0,0.0
Kazakhstan,KAZ,Asia,52.5,77.5,2.7,Low,0,0.0,0.0,0.0
Kazakhstan,KAZ,Asia,53.5,77.5,2.7,Low,0,0.0,0.0,0.0
Russian Federation,RUS,Europe,54.5,77.5,4.0,Medium,0,0.0,0.0,0.0
Russian Federation,RUS,Europe,55.5,77.5,4.0,Medium,0,0.0,0.0,0.0
Russian Federation,RUS,Europe,56.5,77.5,4.0,Medium,0,0.0,0.0,0.0
Russian Federation,RUS,Europe,57.5,77.5,4.0,Medium,0,0.0,0.0,0.0
Russian Federation,RUS,Europe,58.5,77.5,4.0,Medium,0,0.0,0.0,0.0
Russian Federation,RUS,Europe,59.5,77.5,4.0,Medium,0,0.0,0.0,0.0
Russian Federation,RUS,Europe,60.5,77.5,4.0,Medium,0,0.0,0.0,0.0
Russian Federation,RUS,Europe,61.5,77.5,4.0,Medium,0,0.0,0.0,0.0
Russian Federation,RUS,Europe,62.5,77.5,4.0,Medium,0,0.0,0.0,0.0
Russian Federation,RUS,Europe,63.5,77.5,4.0,Medium,0,0.0,0.0,0.0
Russian Federation,RUS,Europe,64.5,77.5,4.0,Medium,0,0.0,0.0,0.0
Russian Federation,RUS,Europe,65.5,77.5,4.0,Medium,0,0.0,0.0,0.0
Russian Federation,RUS,Europe,66.5,77.5,4.0,Medium,0,0.0,0.0,0.0
Russian Federation,RUS,Europe,67.5,77.5,4.0,Medium,0,0.0,0.0,0.0
Russian Federation,RUS,Europe,68.5,77.5,4.0,Medium,0,0.0,0.0,0.0
Russian Federation,RUS,Europe,69.5,77.5,4.0,Medium,0,0.0,0.0,0.0
Russian Federation,RUS,Europe,70.5,77.5,4.0,Medium,0,0.0,0.0,0.0
Russian Federation,RUS,Europe,71.5,77.5,4.0,Medium,0,0.0,0.0,0.0
India,IND,Asia,9.5,78.5,5.3,High,0,0.0,0.0,0.0
India,IND,Asia,10.5,78.5,5.3,High,0,0.0,0.0,0.0
India,IND,Asia,11.5,78.5,5.3,High,0,0.0,0.0,0.0
India,IND,Asia,12.5,78.5,5.3,High,0,0.0,0.0,0.0
India,IND,Asia,13.5,78.5,5.3,High,0,0.0,0.0,0.0
India,IND,Asia,14.5,78.5,5.3,High,0,0.0,0.0,0.0
India,IND,Asia,15.5,78.5,5.3,High,0,0.0,0.0,0.0
India,IND,Asia,16.5,78.5,5.3,High,0,0.0,0.0,0.0
India,IND,Asia,17.5,78.5,5.3,High,0,0.0,0.0,0.0
India,IND,Asia,18.5,78.5,5.3,High,0,0.0,0.0,0.0
India,IND,Asia,19.5,78.5,5.3,High,0,0.0,0.0,0.0
India,IND,Asia,20.5,78.5,5.3,High,0,0.0,0.0,0.0
India,IND,Asia,21.5,78.5,5.3,High,0,0.0,0.0,0.0
India,IND,Asia,22.5,78.5,5.3,High,0,0.0,0.0,0.0
India,IND,Asia,23.5,78.5,5.3,High,0,0.0,0.0,0.0
India,IND,Asia,24.5,78.5,5.3,High,0,0.0,0.0,0.0
India,IND,Asia,25.5,78.5,5.3,High,0,0.0,0.0,0.0
India,IND,Asia,26.5,78.5,5.3,High,0,0.0,0.0,0.0
India,IND,Asia,27.5,78.5,5.3,High,0,0.0,0.0,0.0
India,IND,Asia,28.5,78.5,5.3,High,0,0.0,0.0,0.0
India,IND,Asia,29.5,78.5,5.3,High,0,0.0,0.0,0.0
India,IND,Asia,30.5,78.5,5.3,High,7,4.7,5.1,17.3889
India,IND,Asia,31.5,78.5,5.3,High,6,4.6333,4.9,19.15
China,CHN,Asia,32.5,78.5,2.9,Low,11,4.6909,5.0,27.2216
India,IND,Asia,33.5,78.5,5.3,High,0,0.0,0.0,0.0
India,IND,Asia,34.5,78.5,5.3,High,11,4.7273,5.3,16.8873
China,CHN,Asia,35.5,78.5,2.9,Low,6,4.85,5.5,15.7017
China,CHN,Asia,36.5,78.5,2.9,Low,8,4.6625,5.0,38.0212
China,CHN,Asia,37.5,78.5,2.9,Low,18,4.7556,6.4,22.2839
China,CHN,Asia,38.5,78.5,2.9,Low,1,4.8,4.8,10.0
China,CHN,Asia,39.5,78.5,2.9,Low,7,4.7714,5.1,13.4686
China,CHN,Asia,40.5,78.5,2.9,Low,17,4.8,5.3,27.5676
China,CHN,Asia,41.5,78.5,2.9,Low,6,4.8333,5.4,21.0217
Kyrgyzstan,KGZ,Asia,42.5,78.5,3.5,Medium,5,4.58,4.7,16.928
Kazakhstan,KAZ,Asia,43.5,78.5,2.7,Low,1,5.4,5.4,17.2
Kazakhstan,KAZ,Asia,44.5,78.5,2.7,Low,4,4.9,5.4,17.825
Kazakhstan,KAZ,Asia,45.5,78.5,2.7,Low,1,4.5,4.5,17.44
Kazakhstan,KAZ,Asia,46.5,78.5,2.7,Low,0,0.0,0.0,0.0
Kazakhstan,KAZ,Asia,47.5,78.5,2.7,Low,0,0.0,0.0,0.0
Kazakhstan,KAZ,Asia,48.5,78.5,2.7,Low,0,0.0,0.0,0.0
Kazakhstan,KAZ,Asia,49.5,78.5,2.7,Low,1,4.9,4.9,10.0
Kazakhstan,KAZ,Asia,50.5,78.5,2.7,Low,0,0.0,0.0,0.0
Kazakhstan,KAZ,Asia,51.5,78.5,2.7,Low,0,0.0,0.0,0.0
Kazakhstan,KAZ,Asia,52.5,78.5,2.7,Low,0,0.0,0.0,0.0
Russian Federation,RUS,Europe,53.5,78.5,4.0,Medium,0,0.0,0.0,0.0
Russian Federation,RUS,Europe,54.5,78.5,4.0,Medium,0,0.0,0.0,0.0
Russian Federation,RUS,Europe,55.5,78.5,4.0,Medium,0,0.0,0.0,0.0
Russian Federation,RUS,Europe,56.5,78.5,4.0,Medium,0,0.0,0.0,0.0
Russian Federation,RUS,Europe,57.5,78.5,4.0,Medium,0,0.0,0.0,0.0
Russian Federation,RUS,Europe,58.5,78.5,4.0,Medium,0,0.0,0.0,0.0
Russian Federation,RUS,Europe,59.5,78.5,4.0,Medium,0,0.0,0.0,0.0
Russian Federation,RUS,Europe,60.5,78.5,4.0,Medium,0,0.0,0.0,0.0
Russian Federation,RUS,Europe,61.5,78.5,4.0,Medium,0,0.0,0.0,0.0
Russian Federation,RUS,Europe,62.5,78.5,4.0,Medium,0,0.0,0.0,0.0
Russian Federation,RUS,Europe,63.5,78.5,4.0,Medium,0,0.0,0.0,0.0
Russian Federation,RUS,Europe,64.5,78.5,4.0,Medium,0,0.0,0.0,0.0
Russian Federation,RUS,Europe,65.5,78.5,4.0,Medium,0,0.0,0.0,0.0
Russian Federation,RUS,Europe,66.5,78.5,4.0,Medium,0,0.0,0.0,0.0
Russian Federation,RUS,Europe,67.5,78.5,4.0,Medium,0,0.0,0.0,0.0
Russian Federation,RUS,Europe,68.5,78.5,4.0,Medium,0,0.0,0.0,0.0
Russian Federation,RUS,Europe,69.5,78.5,4.0,Medium,0,0.0,0.0,0.0
Russian Federation,RUS,Europe,70.5,78.5,4.0,Medium,0,0.0,0.0,0.0
Russian Federation,RUS,Europe,71.5,78.5,4.0,Medium,0,0.0,0.0,0.0
India,IND,Asia,10.5,79.5,5.3,High,0,0.0,0.0,0.0
India,IND,Asia,11.5,79.5,5.3,High,0,0.0,0.0,0.0
India,IND,Asia,12.5,79.5,5.3,High,0,0.0,0.0,0.0
India,IND,Asia,13.5,79.5,5.3,High,0,0.0,0.0,0.0
India,IND,Asia,14.5,79.5,5.3,High,0,0.0,0.0,0.0
India,IND,Asia,15.5,79.5,5.3,High,0,0.0,0.0,0.0
India,IND,Asia,16.5,79.5,5.3,High,1,4.5,4.5,10.0
India,IND,Asia,17.5,79.5,5.3,High,0,0.0,0.0,0.0
India,IND,Asia,18.5,79.5,5.3,High,0,0.0,0.0,0.0
India,IND,Asia,19.5,79.5,5.3,High,0,0.0,0.0,0.0
India,IND,Asia,20.5,79.5,5.3,High,0,0.0,0.0,0.0
India,IND,Asia,21.5,79.5,5.3,High,0,0.0,0.0,0.0
India,IND,Asia,22.5,79.5,5.3,High,0,0.0,0.0,0.0
India,IND,Asia,23.5,79.5,5.3,High,0,0.0,0.0,0.0
India,IND,Asia,24.5,79.5,5.3,High,0,0.0,0.0,0.0
India,IND,Asia,25.5,79.5,5.3,High,0,0.0,0.0,0.0
India,IND,Asia,26.5,79.5,5.3,High,0,0.0,0.0,0.0
India,IND,Asia,27.5,79.5,5.3,High,0,0.0,0.0,0.0
India,IND,Asia,28.5,79.5,5.3,High,0,0.0,0.0,0.0
India,IND,Asia,29.5,79.5,5.3,High,2,4.7,4.8,34.55
India,IND,Asia,30.5,79.5,5.3,High,13,4.8154,5.1,21.1177
China,CHN,Asia,31.5,79.5,2.9,Low,1,4.5,4.5,10.0
China,CHN,Asia,32.5,79.5,2.9,Low,0,0.0,0.0,0.0
China,CHN,Asia,33.5,79.5,2.9,Low,1,4.7,4.7,33.0
China,CHN,Asia,34.5,79.5,2.9,Low,8,4.6625,5.0,24.625
China,CHN,Asia,35.5,79.5,2.9,Low,7,4.8143,5.0,10.5391
China,CHN,Asia,36.5,79.5,2.9,Low,5,4.76,5.4,16.18
China,CHN,Asia,37.5,79.5,2.9,Low,2,4.65,4.8,15.6
China,CHN,Asia,38.5,79.5,2.9,Low,0,0.0,0.0,0.0
China,CHN,Asia,39.5,79.5,2.9,Low,1,5.0,5.0,40.5
China,CHN,Asia,40.5,79.5,2.9,Low,5,4.66,4.9,28.53
China,CHN,Asia,41.5,79.5,2.9,Low,11,5.0273,6.1,23.9545
Kyrgyzstan,KGZ,Asia,42.5,79.5,3.5,Medium,7,4.8571,6.1,17.3529
Kazakhstan,KAZ,Asia,43.5,79.5,2.7,Low,1,4.7,4.7,26.7
Kazakhstan,KAZ,Asia,44.5,79.5,2.7,Low,2,4.6,4.7,31.115
Kazakhstan,KAZ,Asia,45.5,79.5,2.7,Low,1,4.5,4.5,16.38
Kazakhstan,KAZ,Asia,46.5,79.5,2.7,Low,0,0.0,0.0,0.0
Kazakhstan,KAZ,Asia,47.5,79.5,2.7,Low,0,0.0,0.0,0.0
Kazakhstan,KAZ,Asia,48.5,79.5,2.7,Low,0,0.0,0.0,0.0
Kazakhstan,KAZ,Asia,49.5,79.5,2.7,Low,0,0.0,0.0,0.0
Kazakhstan,KAZ,Asia,50.5,79.5,2.7,Low,0,0.0,0.0,0.0
Russian Federation,RUS,Europe,51.5,79.5,4.0,Medium,0,0.0,0.0,0.0
Russian Federation,RUS,Europe,52.5,79.5,4.0,Medium,0,0.0,0.0,0.0
Russian Federation,RUS,Europe,53.5,79.5,4.0,Medium,0,0.0,0.0,0.0
Russian Federation,RUS,Europe,54.5,79.5,4.0,Medium,0,0.0,0.0,0.0
Russian Federation,RUS,Europe,55.5,79.5,4.0,Medium,0,0.0,0.0,0.0
Russian Federation,RUS,Europe,56.5,79.5,4.0,Medium,0,0.0,0.0,0.0
Russian Federation,RUS,Europe,57.5,79.5,4.0,Medium,0,0.0,0.0,0.0
Russian Federation,RUS,Europe,58.5,79.5,4.0,Medium,0,0.0,0.0,0.0
Russian Federation,RUS,Europe,59.5,79.5,4.0,Medium,0,0.0,0.0,0.0
Russian Federation,RUS,Europe,60.5,79.5,4.0,Medium,0,0.0,0.0,0.0
Russian Federation,RUS,Europe,61.5,79.5,4.0,Medium,0,0.0,0.0,0.0
Russian Federation,RUS,Europe,62.5,79.5,4.0,Medium,0,0.0,0.0,0.0
Russian Federation,RUS,Europe,63.5,79.5,4.0,Medium,0,0.0,0.0,0.0
Russian Federation,RUS,Europe,64.5,79.5,4.0,Medium,0,0.0,0.0,0.0
Russian Federation,RUS,Europe,65.5,79.5,4.0,Medium,0,0.0,0.0,0.0
Russian Federation,RUS,Europe,66.5,79.5,4.0,Medium,0,0.0,0.0,0.0
Russian Federation,RUS,Europe,67.5,79.5,4.0,Medium,0,0.0,0.0,0.0
Russian Federation,RUS,Europe,68.5,79.5,4.0,Medium,0,0.0,0.0,0.0
Russian Federation,RUS,Europe,69.5,79.5,4.0,Medium,0,0.0,0.0,0.0
Russian Federation,RUS,Europe,70.5,79.5,4.0,Medium,0,0.0,0.0,0.0
Russian Federation,RUS,Europe,71.5,79.5,4.0,Medium,0,0.0,0.0,0.0
Sri Lanka,LKA,Asia,6.5,80.5,3.3,Low,0,0.0,0.0,0.0
Sri Lanka,LKA,Asia,7.5,80.5,3.3,Low,0,0.0,0.0,0.0
Sri Lanka,LKA,Asia,8.5,80.5,3.3,Low,0,0.0,0.0,0.0
Sri Lanka,LKA,Asia,9.5,80.5,3.3,Low,0,0.0,0.0,0.0
India,IND,Asia,16.5,80.5,5.3,High,0,0.0,0.0,0.0
India,IND,Asia,17.5,80.5,5.3,High,0,0.0,0.0,0.0
India,IND,Asia,18.5,80.5,5.3,High,0,0.0,0.0,0.0
India,IND,Asia,19.5,80.5,5.3,High,0,0.0,0.0,0.0
India,IND,Asia,20.5,80.5,5.3,High,0,0.0,0.0,0.0
India,IND,Asia,21.5,80.5,5.3,High,0,0.0,0.0,0.0
India,IND,Asia,22.5,80.5,5.3,High,0,0.0,0.0,0.0
India,IND,Asia,23.5,80.5,5.3,High,1,4.7,4.7,33.0
India,IND,Asia,24.5,80.5,5.3,High,0,0.0,0.0,0.0
India,IND,Asia,25.5,80.5,5.3,High,0,0.0,0.0,0.0
India,IND,Asia,26.5,80.5,5.3,High,0,0.0,0.0,0.0
India,IND,Asia,27.5,80.5,5.3,High,0,0.0,0.0,0.0
India,IND,Asia,28.5,80.5,5.3,High,0,0.0,0.0,0.0
Nepal,NPL,Asia,29.5,80.5,4.4,Medium,17,4.7824,5.3,18.9718
China,CHN,Asia,30.5,80.5,2.9,Low,9,4.6889,5.0,35.4
China,CHN,Asia,31.5,80.5,2.9,Low,2,4.65,4.8,10.0
China,CHN,Asia,32.5,80.5,2.9,Low,0,0.0,0.0,0.0
China,CHN,Asia,33.5,80.5,2.9,Low,0,0.0,0.0,0.0
China,CHN,Asia,34.5,80.5,2.9,Low,16,4.6875,5.0,24.0456
China,CHN,Asia,35.5,80.5,2.9,Low,2,4.9,5.0,41.6
China,CHN,Asia,36.5,80.5,2.9,Low,1,4.9,4.9,43.1
China,CHN,Asia,37.5,80.5,2.9,Low,0,0.0,0.0,0.0
China,CHN,Asia,38.5,80.5,2.9,Low,0,0.0,0.0,0.0
China,CHN,Asia,39.5,80.5,2.9,Low,0,0.0,0.0,0.0
China,CHN,Asia,40.5,80.5,2.9,Low,0,0.0,0.0,0.0
China,CHN,Asia,41.5,80.5,2.9,Low,5,4.68,4.9,21.036
China,CHN,Asia,42.5,80.5,2.9,Low,6,4.9667,6.0,16.8357
Kazakhstan,KAZ,Asia,43.5,80.5,2.7,Low,5,4.8,5.1,24.58
China,CHN,Asia,44.5,80.5,2.9,Low,4,4.65,4.8,16.25
Kazakhstan,KAZ,Asia,45.5,80.5,2.7,Low,4,4.725,5.3,16.85
Kazakhstan,KAZ,Asia,46.5,80.5,2.7,Low,0,0.0,0.0,0.0
Kazakhstan,KAZ,Asia,47.5,80.5,2.7,Low,2,4.5,4.5,17.359
Kazakhstan,KAZ,Asia,48.5,80.5,2.7,Low,0,0.0,0.0,0.0
Kazakhstan,KAZ,Asia,49.5,80.5,2.7,Low,0,0.0,0.0,0.0
Kazakhstan,KAZ,Asia,50.5,80.5,2.7,Low,0,0.0,0.0,0.0
Russian Federation,RUS,Europe,51.5,80.5,4.0,Medium,0,0.0,0.0,0.0
Russian Federation,RUS,Europe,52.5,80.5,4.0,Medium,0,0.0,0.0,0.0
Russian Federation,RUS,Europe,53.5,80.5,4.0,Medium,0,0.0,0.0,0.0
Russian Federation,RUS,Europe,54.5,80.5,4.0,Medium,0,0.0,0.0,0.0
Russian Federation,RUS,Europe,55.5,80.5,4.0,Medium,0,0.0,0.0,0.0
Russian Federation,RUS,Europe,56.5,80.5,4.0,Medium,0,0.0,0.0,0.0
Russian Federation,RUS,Europe,57.5,80.5,4.0,Medium,0,0.0,0.0,0.0
Russian Federation,RUS,Europe,58.5,80.5,4.0,Medium,0,0.0,0.0,0.0
Russian Federation,RUS,Europe,59.5,80.5,4.0,Medium,0,0.0,0.0,0.0
Russian Federation,RUS,Europe,60.5,80.5,4.0,Medium,0,0.0,0.0,0.0
Russian Federation,RUS,Europe,61.5,80.5,4.0,Medium,0,0.0,0.0,0.0
Russian Federation,RUS,Europe,62.5,80.5,4.0,Medium,0,0.0,0.0,0.0
Russian Federation,RUS,Europe,63.5,80.5,4.0,Medium,0,0.0,0.0,0.0
Russian Federation,RUS,Europe,64.5,80.5,4.0,Medium,0,0.0,0.0,0.0
Russian Federation,RUS,Europe,65.5,80.5,4.0,Medium,0,0.0,0.0,0.0
Russian Federation,RUS,Europe,66.5,80.5,4.0,Medium,0,0.0,0.0,0.0
Russian Federation,RUS,Europe,67.5,80.5,4.0,Medium,0,0.0,0.0,0.0
Russian Federation,RUS,Europe,68.5,80.5,4.0,Medium,0,0.0,0.0,0.0
Russian Federation,RUS,Europe,69.5,80.5,4.0,Medium,0,0.0,0.0,0.0
Russian Federation,RUS,Europe,70.5,80.5,4.0,Medium,0,0.0,0.0,0.0
Russian Federation,RUS,Europe,71.5,80.5,4.0,Medium,0,0.0,0.0,0.0
Sri Lanka,LKA,Asia,6.5,81.5,3.3,Low,0,0.0,0.0,0.0
Sri Lanka,LKA,Asia,7.5,81.5,3.3,Low,0,0.0,0.0,0.0
India,IND,Asia,16.5,81.5,5.3,High,0,0.0,0.0,0.0
India,IND,Asia,17.5,81.5,5.3,High,0,0.0,0.0,0.0
India,IND,Asia,18.5,81.5,5.3,High,0,0.0,0.0,0.0
India,IND,Asia,19.5,81.5,5.3,High,0,0.0,0.0,0.0
India,IND,Asia,20.5,81.5,5.3,High,0,0.0,0.0,0.0
India,IND,Asia,21.5,81.5,5.3,High,0,0.0,0.0,0.0
India,IND,Asia,22.5,81.5,5.3,High,0,0.0,0.0,0.0
India,IND,Asia,23.5,81.5,5.3,High,1,5.0,5.0,10.0
India,IND,Asia,24.5,81.5,5.3,High,0,0.0,0.0,0.0
India,IND,Asia,25.5,81.5,5.3,High,0,0.0,0.0,0.0
India,IND,Asia,26.5,81.5,5.3,High,0,0.0,0.0,0.0
India,IND,Asia,27.5,81.5,5.3,High,0,0.0,0.0,0.0
Nepal,NPL,Asia,28.5,81.5,4.4,Medium,2,4.7,4.9,20.64
Nepal,NPL,Asia,29.5,81.5,4.4,Medium,45,4.84,5.7,20.9617
China,CHN,Asia,30.5,81.5,2.9,Low,7,4.8714,5.6,31.9
China,CHN,Asia,31.5,81.5,2.9,Low,2,5.2,5.6,10.05
China,CHN,Asia,32.5,81.5,2.9,Low,2,4.8,5.0,8.6
China,CHN,Asia,33.5,81.5,2.9,Low,8,4.6,4.9,15.6162
China,CHN,Asia,34.5,81.5,2.9,Low,19,4.7842,6.1,15.1918
China,CHN,Asia,35.5,81.5,2.9,Low,49,4.9,7.2,12.3182
China,CHN,Asia,36.5,81.5,2.9,Low,0,0.0,0.0,0.0
China,CHN,Asia,37.5,81.5,2.9,Low,0,0.0,0.0,0.0
China,CHN,Asia,38.5,81.5,2.9,Low,0,0.0,0.0,0.0
China,CHN,Asia,39.5,81.5,2.9,Low,3,5.0333,5.9,21.29
China,CHN,Asia,40.5,81.5,2.9,Low,0,0.0,0.0,0.0
China,CHN,Asia,41.5,81.5,2.9,Low,20,4.715,5.3,19.668
China,CHN,Asia,42.5,81.5,2.9,Low,4,4.725,5.0,26.05
China,CHN,Asia,43.5,81.5,2.9,Low,4,4.625,4.7,13.985
China,CHN,Asia,44.5,81.5,2.9,Low,9,4.7667,5.2,33.0178
Kazakhstan,KAZ,Asia,45.5,81.5,2.7,Low,2,4.7,4.7,27.6
Kazakhstan,KAZ,Asia,46.5,81.5,2.7,Low,1,4.6,4.6,36.86
Kazakhstan,KAZ,Asia,47.5,81.5,2.7,Low,1,4.5,4.5,9.8
Kazakhstan,KAZ,Asia,48.5,81.5,2.7,Low,0,0.0,0.0,0.0
Kazakhstan,KAZ,Asia,49.5,81.5,2.7,Low,0,0.0,0.0,0.0
Kazakhstan,KAZ,Asia,50.5,81.5,2.7,Low,0,0.0,0.0,0.0
Russian Federation,RUS,Europe,51.5,81.5,4.0,Medium,0,0.0,0.0,0.0
Russian Federation,RUS,Europe,52.5,81.5,4.0,Medium,0,0.0,0.0,0.0
Russian Federation,RUS,Europe,53.5,81.5,4.0,Medium,0,0.0,0.0,0.0
Russian Federation,RUS,Europe,54.5,81.5,4.0,Medium,0,0.0,0.0,0.0
Russian Federation,RUS,Europe,55.5,81.5,4.0,Medium,0,0.0,0.0,0.0
Russian Federation,RUS,Europe,56.5,81.5,4.0,Medium,0,0.0,0.0,0.0
Russian Federation,RUS,Europe,57.5,81.5,4.0,Medium,0,0.0,0.0,0.0
Russian Federation,RUS,Europe,58.5,81.5,4.0,Medium,0,0.0,0.0,0.0
Russian Federation,RUS,Europe,59.5,81.5,4.0,Medium,0,0.0,0.0,0.0
Russian Federation,RUS,Europe,60.5,81.5,4.0,Medium,0,0.0,0.0,0.0
Russian Federation,RUS,Europe,61.5,81.5,4.0,Medium,0,0.0,0.0,0.0
Russian Federation,RUS,Europe,62.5,81.5,4.0,Medium,0,0.0,0.0,0.0
Russian Federation,RUS,Europe,63.5,81.5,4.0,Medium,0,0.0,0.0,0.0
Russian Federation,RUS,Europe,64.5,81.5,4.0,Medium,0,0.0,0.0,0.0
Russian Federation,RUS,Europe,65.5,81.5,4.0,Medium,0,0.0,0.0,0.0
Russian Federation,RUS,Europe,66.5,81.5,4.0,Medium,0,0.0,0.0,0.0
Russian Federation,RUS,Europe,67.5,81.5,4.0,Medium,0,0.0,0.0,0.0
Russian Federation,RUS,Europe,68.5,81.5,4.0,Medium,0,0.0,0.0,0.0
Russian Federation,RUS,Europe,69.5,81.5,4.0,Medium,0,0.0,0.0,0.0
Russian Federation,RUS,Europe,70.5,81.5,4.0,Medium,0,0.0,0.0,0.0
Russian Federation,RUS,Europe,71.5,81.5,4.0,Medium,0,0.0,0.0,0.0
Russian Federation,RUS,Europe,72.5,81.5,4.0,Medium,0,0.0,0.0,0.0
Russian Federation,RUS,Europe,73.5,81.5,4.0,Medium,0,0.0,0.0,0.0
India,IND,Asia,17.5,82.5,5.3,High,0,0.0,0.0,0.0
India,IND,Asia,18.5,82.5,5.3,High,0,0.0,0.0,0.0
India,IND,Asia,19.5,82.5,5.3,High,0,0.0,0.0,0.0
India,IND,Asia,20.5,82.5,5.3,High,0,0.0,0.0,0.0
India,IND,Asia,21.5,82.5,5.3,High,0,0.0,0.0,0.0
India,IND,Asia,22.5,82.5,5.3,High,0,0.0,0.0,0.0
India,IND,Asia,23.5,82.5,5.3,High,5,4.68,4.9,14.5914
India,IND,Asia,24.5,82.5,5.3,High,1,4.6,4.6,10.0
India,IND,Asia,25.5,82.5,5.3,High,0,0.0,0.0,0.0
India,IND,Asia,26.5,82.5,5.3,High,0,0.0,0.0,0.0
India,IND,Asia,27.5,82.5,5.3,High,0,0.0,0.0,0.0
Nepal,NPL,Asia,28.5,82.5,4.4,Medium,10,4.94,5.7,15.82
Nepal,NPL,Asia,29.5,82.5,4.4,Medium,4,4.775,5.3,22.65
China,CHN,Asia,30.5,82.5,2.9,Low,3,4.7,4.9,39.8433
China,CHN,Asia,31.5,82.5,2.9,Low,1,4.6,4.6,10.0
China,CHN,Asia,32.5,82.5,2.9,Low,2,5.0,5.2,15.95
China,CHN,Asia,33.5,82.5,2.9,Low,6,4.6833,5.0,21.15
China,CHN,Asia,34.5,82.5,2.9,Low,9,4.6667,4.8,21.5444
China,CHN,Asia,35.5,82.5,2.9,Low,23,4.9783,6.9,11.3413
China,CHN,Asia,36.5,82.5,2.9,Low,6,4.7167,5.3,10.5783
China,CHN,Asia,37.5,82.5,2.9,Low,1,4.7,4.7,23.8
China,CHN,Asia,38.5,82.5,2.9,Low,0,0.0,0.0,0.0
China,CHN,Asia,39.5,82.5,2.9,Low,2,4.65,4.8,12.49
China,CHN,Asia,40.5,82.5,2.9,Low,2,5.1,5.7,19.0
China,CHN,Asia,41.5,82.5,2.9,Low,26,4.6846,4.9,15.7646
China,CHN,Asia,42.5,82.5,2.9,Low,7,4.8143,5.6,33.2857
China,CHN,Asia,43.5,82.5,2.9,Low,11,4.7545,5.6,14.4873
China,CHN,Asia,44.5,82.5,2.9,Low,11,4.9727,6.3,19.1055
China,CHN,Asia,45.5,82.5,2.9,Low,1,4.9,4.9,25.2
Kazakhstan,KAZ,Asia,46.5,82.5,2.7,Low,1,4.9,4.9,23.3
Kazakhstan,KAZ,Asia,47.5,82.5,2.7,Low,3,4.6667,4.8,23.9333
Kazakhstan,KAZ,Asia,48.5,82.5,2.7,Low,0,0.0,0.0,0.0
Kazakhstan,KAZ,Asia,49.5,82.5,2.7,Low,1,4.5,4.5,16.77
Kazakhstan,KAZ,Asia,50.5,82.5,2.7,Low,0,0.0,0.0,0.0
Russian Federation,RUS,Europe,51.5,82.5,4.0,Medium,2,4.55,4.6,22.655
Russian Federation,RUS,Europe,52.5,82.5,4.0,Medium,0,0.0,0.0,0.0
Russian Federation,RUS,Europe,53.5,82.5,4.0,Medium,0,0.0,0.0,0.0
Russian Federation,RUS,Europe,54.5,82.5,4.0,Medium,0,0.0,0.0,0.0
Russian Federation,RUS,Europe,55.5,82.5,4.0,Medium,0,0.0,0.0,0.0
Russian Federation,RUS,Europe,56.5,82.5,4.0,Medium,0,0.0,0.0,0.0
Russian Federation,RUS,Europe,57.5,82.5,4.0,Medium,0,0.0,0.0,0.0
Russian Federation,RUS,Europe,58.5,82.5,4.0,Medium,0,0.0,0.0,0.0
Russian Federation,RUS,Europe,59.5,82.5,4.0,Medium,0,0.0,0.0,0.0
Russian Federation,RUS,Europe,60.5,82.5,4.0,Medium,0,0.0,0.0,0.0
Russian Federation,RUS,Europe,61.5,82.5,4.0,Medium,0,0.0,0.0,0.0
Russian Federation,RUS,Europe,62.5,82.5,4.0,Medium,0,0.0,0.0,0.0
Russian Federation,RUS,Europe,63.5,82.5,4.0,Medium,0,0.0,0.0,0.0
Russian Federation,RUS,Europe,64.5,82.5,4.0,Medium,0,0.0,0.0,0.0
Russian Federation,RUS,Europe,65.5,82.5,4.0,Medium,0,0.0,0.0,0.0
Russian Federation,RUS,Europe,66.5,82.5,4.0,Medium,0,0.0,0.0,0.0
Russian Federation,RUS,Europe,67.5,82.5,4.0,Medium,0,0.0,0.0,0.0
Russian Federation,RUS,Europe,68.5,82.5,4.0,Medium,0,0.0,0.0,0.0
Russian Federation,RUS,Europe,69.5,82.5,4.0,Medium,0,0.0,0.0,0.0
Russian Federation,RUS,Europe,70.5,82.5,4.0,Medium,0,0.0,0.0,0.0
Russian Federation,RUS,Europe,71.5,82.5,4.0,Medium,0,0.0,0.0,0.0
Russian Federation,RUS,Europe,72.5,82.5,4.0,Medium,0,0.0,0.0,0.0
Russian Federation,RUS,Europe,73.5,82.5,4.0,Medium,0,0.0,0.0,0.0
India,IND,Asia,18.5,83.5,5.3,High,0,0.0,0.0,0.0
India,IND,Asia,19.5,83.5,5.3,High,0,0.0,0.0,0.0
India,IND,Asia,20.5,83.5,5.3,High,0,0.0,0.0,0.0
India,IND,Asia,21.5,83.5,5.3,High,0,0.0,0.0,0.0
India,IND,Asia,22.5,83.5,5.3,High,1,4.8,4.8,33.0
India,IND,Asia,23.5,83.5,5.3,High,0,0.0,0.0,0.0
India,IND,Asia,24.5,83.5,5.3,High,0,0.0,0.0,0.0
India,IND,Asia,25.5,83.5,5.3,High,0,0.0,0.0,0.0
India,IND,Asia,26.5,83.5,5.3,High,0,0.0,0.0,0.0
Nepal,NPL,Asia,27.5,83.5,4.4,Medium,0,0.0,0.0,0.0
Nepal,NPL,Asia,28.5,83.5,4.4,Medium,4,4.625,4.8,17.7518
China,CHN,Asia,29.5,83.5,2.9,Low,1,4.5,4.5,10.0
China,CHN,Asia,30.5,83.5,2.9,Low,45,4.9756,6.7,16.2
China,CHN,Asia,31.5,83.5,2.9,Low,3,4.9,5.1,16.5667
China,CHN,Asia,32.5,83.5,2.9,Low,4,4.85,5.1,22.7275
China,CHN,Asia,33.5,83.5,2.9,Low,1,4.8,4.8,10.4
China,CHN,Asia,34.5,83.5,2.9,Low,7,4.6571,5.2,11.7143
China,CHN,Asia,35.5,83.5,2.9,Low,0,0.0,0.0,0.0
China,CHN,Asia,36.5,83.5,2.9,Low,4,4.575,4.7,10.0
China,CHN,Asia,37.5,83.5,2.9,Low,0,0.0,0.0,0.0
China,CHN,Asia,38.5,83.5,2.9,Low,0,0.0,0.0,0.0
China,CHN,Asia,39.5,83.5,2.9,Low,0,0.0,0.0,0.0
China,CHN,Asia,40.5,83.5,2.9,Low,8,4.625,4.9,10.0885
China,CHN,Asia,41.5,83.5,2.9,Low,9,4.6,5.2,14.9989
China,CHN,Asia,42.5,83.5,2.9,Low,14,4.6857,5.4,18.3286
China,CHN,Asia,43.5,83.5,2.9,Low,3,4.5667,4.7,28.5367
China,CHN,Asia,44.5,83.5,2.9,Low,13,4.6923,5.1,27.1069
China,CHN,Asia,45.5,83.5,2.9,Low,0,0.0,0.0,0.0
China,CHN,Asia,46.5,83.5,2.9,Low,2,4.9,5.3,12.515
Kazakhstan,KAZ,Asia,47.5,83.5,2.7,Low,0,0.0,0.0,0.0
Kazakhstan,KAZ,Asia,48.5,83.5,2.7,Low,0,0.0,0.0,0.0
Kazakhstan,KAZ,Asia,49.5,83.5,2.7,Low,1,4.9,4.9,29.7
Kazakhstan,KAZ,Asia,50.5,83.5,2.7,Low,0,0.0,0.0,0.0
Russian Federation,RUS,Europe,51.5,83.5,4.0,Medium,0,0.0,0.0,0.0
Russian Federation,RUS,Europe,52.5,83.5,4.0,Medium,0,0.0,0.0,0.0
Russian Federation,RUS,Europe,53.5,83.5,4.0,Medium,0,0.0,0.0,0.0
Russian Federation,RUS,Europe,54.5,83.5,4.0,Medium,2,4.65,4.8,10.0
Russian Federation,RUS,Europe,55.5,83.5,4.0,Medium,0,0.0,0.0,0.0
Russian Federation,RUS,Europe,56.5,83.5,4.0,Medium,0,0.0,0.0,0.0
Russian Federation,RUS,Europe,57.5,83.5,4.0,Medium,0,0.0,0.0,0.0
Russian Federation,RUS,Europe,58.5,83.5,4.0,Medium,0,0.0,0.0,0.0
Russian Federation,RUS,Europe,59.5,83.5,4.0,Medium,0,0.0,0.0,0.0
Russian Federation,RUS,Europe,60.5,83.5,4.0,Medium,0,0.0,0.0,0.0
Russian Federation,RUS,Europe,61.5,83.5,4.0,Medium,0,0.0,0.0,0.0
Russian Federation,RUS,Europe,62.5,83.5,4.0,Medium,0,0.0,0.0,0.0
Russian Federation,RUS,Europe,63.5,83.5,4.0,Medium,0,0.0,0.0,0.0
Russian Federation,RUS,Europe,64.5,83.5,4.0,Medium,0,0.0,0.0,0.0
Russian Federation,RUS,Europe,65.5,83.5,4.0,Medium,0,0.0,0.0,0.0
Russian Federation,RUS,Europe,66.5,83.5,4.0,Medium,0,0.0,0.0,0.0
Russian Federation,RUS,Europe,67.5,83.5,4.0,Medium,0,0.0,0.0,0.0
Russian Federation,RUS,Europe,68.5,83.5,4.0,Medium,0,0.0,0.0,0.0
Russian Federation,RUS,Europe,69.5,83.5,4.0,Medium,0,0.0,0.0,0.0
Russian Federation,RUS,Europe,70.5,83.5,4.0,Medium,0,0.0,0.0,0.0
Russian Federation,RUS,Europe,71.5,83.5,4.0,Medium,0,0.0,0.0,0.0
Russian Federation,RUS,Europe,72.5,83.5,4.0,Medium,0,0.0,0.0,0.0
Russian Federation,RUS,Europe,73.5,83.5,4.0,Medium,0,0.0,0.0,0.0
India,IND,Asia,19.5,84.5,5.3,High,0,0.0,0.0,0.0
India,IND,Asia,20.5,84.5,5.3,High,0,0.0,0.0,0.0
India,IND,Asia,21.5,84.5,5.3,High,0,0.0,0.0,0.0
India,IND,Asia,22.5,84.5,5.3,High,0,0.0,0.0,0.0
India,IND,Asia,23.5,84.5,5.3,High,0,0.0,0.0,0.0
India,IND,Asia,24.5,84.5,5.3,High,0,0.0,0.0,0.0
India,IND,Asia,25.5,84.5,5.3,High,0,0.0,0.0,0.0
India,IND,Asia,26.5,84.5,5.3,High,0,0.0,0.0,0.0
Nepal,NPL,Asia,27.5,84.5,4.4,Medium,13,4.8462,5.2,11.5097
Nepal,NPL,Asia,28.5,84.5,4.4,Medium,16,5.0938,7.8,13.2181
China,CHN,Asia,29.5,84.5,2.9,Low,1,4.6,4.6,70.0
China,CHN,Asia,30.5,84.5,2.9,Low,1,4.6,4.6,15.1
China,CHN,Asia,31.5,84.5,2.9,Low,2,4.5,4.5,21.5
China,CHN,Asia,32.5,84.5,2.9,Low,0,0.0,0.0,0.0
China,CHN,Asia,33.5,84.5,2.9,Low,2,4.6,4.6,11.192
China,CHN,Asia,34.5,84.5,2.9,Low,1,4.6,4.6,10.0
China,CHN,Asia,35.5,84.5,2.9,Low,0,0.0,0.0,0.0
China,CHN,Asia,36.5,84.5,2.9,Low,3,4.7667,5.0,22.2967
China,CHN,Asia,37.5,84.5,2.9,Low,1,5.6,5.6,10.0
China,CHN,Asia,38.5,84.5,2.9,Low,0,0.0,0.0,0.0
China,CHN,Asia,39.5,84.5,2.9,Low,0,0.0,0.0,0.0
China,CHN,Asia,40.5,84.5,2.9,Low,1,4.5,4.5,10.0
China,CHN,Asia,41.5,84.5,2.9,Low,3,4.8333,5.2,17.6667
China,CHN,Asia,42.5,84.5,2.9,Low,18,4.7278,5.2,25.7161
China,CHN,Asia,43.5,84.5,2.9,Low,15,4.8133,6.3,25.7109
China,CHN,Asia,44.5,84.5,2.9,Low,3,4.6333,4.7,10.0667
China,CHN,Asia,45.5,84.5,2.9,Low,1,4.5,4.5,35.0
China,CHN,Asia,46.5,84.5,2.9,Low,1,5.0,5.0,10.7
Kazakhstan,KAZ,Asia,47.5,84.5,2.7,Low,1,4.6,4.6,33.03
Kazakhstan,KAZ,Asia,48.5,84.5,2.7,Low,1,4.5,4.5,15.54
Kazakhstan,KAZ,Asia,49.5,84.5,2.7,Low,0,0.0,0.0,0.0
Russian Federation,RUS,Europe,50.5,84.5,4.0,Medium,0,0.0,0.0,0.0
Russian Federation,RUS,Europe,51.5,84.5,4.0,Medium,0,0.0,0.0,0.0
Russian Federation,RUS,Europe,52.5,84.5,4.0,Medium,0,0.0,0.0,0.0
Russian Federation,RUS,Europe,53.5,84.5,4.0,Medium,0,0.0,0.0,0.0
Russian Federation,RUS,Europe,54.5,84.5,4.0,Medium,0,0.0,0.0,0.0
Russian Federation,RUS,Europe,55.5,84.5,4.0,Medium,0,0.0,0.0,0.0
Russian Federation,RUS,Europe,56.5,84.5,4.0,Medium,0,0.0,0.0,0.0
Russian Federation,RUS,Europe,57.5,84.5,4.0,Medium,0,0.0,0.0,0.0
Russian Federation,RUS,Europe,58.5,84.5,4.0,Medium,0,0.0,0.0,0.0
Russian Federation,RUS,Europe,59.5,84.5,4.0,Medium,0,0.0,0.0,0.0
Russian Federation,RUS,Europe,60.5,84.5,4.0,Medium,0,0.0,0.0,0.0
Russian Federation,RUS,Europe,61.5,84.5,4.0,Medium,0,0.0,0.0,0.0
Russian Federation,RUS,Europe,62.5,84.5,4.0,Medium,0,0.0,0.0,0.0
Russian Federation,RUS,Europe,63.5,84.5,4.0,Medium,0,0.0,0.0,0.0
Russian Federation,RUS,Europe,64.5,84.5,4.0,Medium,0,0.0,0.0,0.0
Russian Federation,RUS,Europe,65.5,84.5,4.0,Medium,0,0.0,0.0,0.0
Russian Federation,RUS,Europe,66.5,84.5,4.0,Medium,0,0.0,0.0,0.0
Russian Federation,RUS,Europe,67.5,84.5,4.0,Medium,0,0.0,0.0,0.0
Russian Federation,RUS,Europe,68.5,84.5,4.0,Medium,0,0.0,0.0,0.0
Russian Federation,RUS,Europe,69.5,84.5,4.0,Medium,0,0.0,0.0,0.0
Russian Federation,RUS,Europe,70.5,84.5,4.0,Medium,0,0.0,0.0,0.0
Russian Federation,RUS,Europe,71.5,84.5,4.0,Medium,0,0.0,0.0,0.0
Russian Federation,RUS,Europe,72.5,84.5,4.0,Medium,0,0.0,0.0,0.0
Russian Federation,RUS,Europe,73.5,84.5,4.0,Medium,0,0.0,0.0,0.0
India,IND,Asia,20.5,85.5,5.3,High,0,0.0,0.0,0.0
India,IND,Asia,21.5,85.5,5.3,High,0,0.0,0.0,0.0
India,IND,Asia,22.5,85.5,5.3,High,0,0.0,0.0,0.0
India,IND,Asia,23.5,85.5,5.3,High,0,0.0,0.0,0.0
India,IND,Asia,24.5,85.5,5.3,High,0,0.0,0.0,0.0
India,IND,Asia,25.5,85.5,5.3,High,0,0.0,0.0,0.0
India,IND,Asia,26.5,85.5,5.3,High,0,0.0,0.0,0.0
Nepal,NPL,Asia,27.5,85.5,4.4,Medium,61,4.8075,6.1,12.1441
China,CHN,Asia,28.5,85.5,2.9,Low,7,4.7429,5.1,22.1086
China,CHN,Asia,29.5,85.5,2.9,Low,2,4.85,5.2,10.0
China,CHN,Asia,30.5,85.5,2.9,Low,2,4.55,4.6,39.45
China,CHN,Asia,31.5,85.5,2.9,Low,3,4.9667,5.8,41.0333
China,CHN,Asia,32.5,85.5,2.9,Low,26,4.9385,6.4,13.0192
China,CHN,Asia,33.5,85.5,2.9,Low,0,0.0,0.0,0.0
China,CHN,Asia,34.5,85.5,2.9,Low,7,4.7857,5.4,10.0
China,CHN,Asia,35.5,85.5,2.9,Low,0,0.0,0.0,0.0
China,CHN,Asia,36.5,85.5,2.9,Low,0,0.0,0.0,0.0
China,CHN,Asia,37.5,85.5,2.9,Low,1,4.5,4.5,10.0
China,CHN,Asia,38.5,85.5,2.9,Low,0,0.0,0.0,0.0
China,CHN,Asia,39.5,85.5,2.9,Low,0,0.0,0.0,0.0
China,CHN,Asia,40.5,85.5,2.9,Low,0,0.0,0.0,0.0
China,CHN,Asia,41.5,85.5,2.9,Low,0,0.0,0.0,0.0
China,CHN,Asia,42.5,85.5,2.9,Low,6,4.55,4.6,26.8533
China,CHN,Asia,43.5,85.5,2.9,Low,8,4.85,5.3,23.1
China,CHN,Asia,44.5,85.5,2.9,Low,2,4.85,5.1,22.46
China,CHN,Asia,45.5,85.5,2.9,Low,0,0.0,0.0,0.0
China,CHN,Asia,46.5,85.5,2.9,Low,0,0.0,0.0,0.0
Kazakhstan,KAZ,Asia,47.5,85.5,2.7,Low,2,4.9,5.1,32.033
Kazakhstan,KAZ,Asia,48.5,85.5,2.7,Low,1,4.6,4.6,24.8
Kazakhstan,KAZ,Asia,49.5,85.5,2.7,Low,0,0.0,0.0,0.0
Russian Federation,RUS,Europe,50.5,85.5,4.0,Medium,1,4.6,4.6,50.37
Russian Federation,RUS,Europe,51.5,85.5,4.0,Medium,0,0.0,0.0,0.0
Russian Federation,RUS,Europe,52.5,85.5,4.0,Medium,0,0.0,0.0,0.0
Russian Federation,RUS,Europe,53.5,85.5,4.0,Medium,0,0.0,0.0,0.0
Russian Federation,RUS,Europe,54.5,85.5,4.0,Medium,0,0.0,0.0,0.0
Russian Federation,RUS,Europe,55.5,85.5,4.0,Medium,0,0.0,0.0,0.0
Russian Federation,RUS,Europe,56.5,85.5,4.0,Medium,0,0.0,0.0,0.0
Russian Federation,RUS,Europe,57.5,85.5,4.0,Medium,0,0.0,0.0,0.0
Russian Federation,RUS,Europe,58.5,85.5,4.0,Medium,0,0.0,0.0,0.0
Russian Federation,RUS,Europe,59.5,85.5,4.0,Medium,0,0.0,0.0,0.0
Russian Federation,RUS,Europe,60.5,85.5,4.0,Medium,0,0.0,0.0,0.0
Russian Federation,RUS,Europe,61.5,85.5,4.0,Medium,0,0.0,0.0,0.0
Russian Federation,RUS,Europe,62.5,85.5,4.0,Medium,0,0.0,0.0,0.0
Russian Federation,RUS,Europe,63.5,85.5,4.0,Medium,0,0.0,0.0,0.0
Russian Federation,RUS,Europe,64.5,85.5,4.0,Medium,0,0.0,0.0,0.0
Russian Federation,RUS,Europe,65.5,85.5,4.0,Medium,0,0.0,0.0,0.0
Russian Federation,RUS,Europe,66.5,85.5,4.0,Medium,0,0.0,0.0,0.0
Russian Federation,RUS,Europe,67.5,85.5,4.0,Medium,0,0.0,0.0,0.0
Russian Federation,RUS,Europe,68.5,85.5,4.0,Medium,0,0.0,0.0,0.0
Russian Federation,RUS,Europe,69.5,85.5,4.0,Medium,0,0.0,0.0,0.0
Russian Federation,RUS,Europe,70.5,85.5,4.0,Medium,0,0.0,0.0,0.0
Russian Federation,RUS,Europe,71.5,85.5,4.0,Medium,0,0.0,0.0,0.0
Russian Federation,RUS,Europe,72.5,85.5,4.0,Medium,0,0.0,0.0,0.0
Russian Federation,RUS,Europe,73.5,85.5,4.0,Medium,0,0.0,0.0,0.0
India,IND,Asia,20.5,86.5,5.3,High,0,0.0,0.0,0.0
India,IND,Asia,21.5,86.5,5.3,High,0,0.0,0.0,0.0
India,IND,Asia,22.5,86.5,5.3,High,1,4.5,4.5,10.0
India,IND,Asia,23.5,86.5,5.3,High,2,4.6,4.7,12.395
India,IND,Asia,24.5,86.5,5.3,High,0,0.0,0.0,0.0
India,IND,Asia,25.5,86.5,5.3,High,0,0.0,0.0,0.0
India,IND,Asia,26.5,86.5,5.3,High,0,0.0,0.0,0.0
Nepal,NPL,Asia,27.5,86.5,4.4,Medium,52,4.9269,7.3,12.3451
China,CHN,Asia,28.5,86.5,2.9,Low,11,4.6455,5.1,37.5173
China,CHN,Asia,29.5,86.5,2.9,Low,2,5.05,5.5,24.0
China,CHN,Asia,30.5,86.5,2.9,Low,8,4.7875,5.1,21.4912
China,CHN,Asia,31.5,86.5,2.9,Low,10,4.93,5.3,23.078
China,CHN,Asia,32.5,86.5,2.9,Low,3,4.8667,4.9,10.0
China,CHN,Asia,33.5,86.5,2.9,Low,6,5.0333,6.3,10.0
China,CHN,Asia,34.5,86.5,2.9,Low,10,4.83,5.9,20.1
China,CHN,Asia,35.5,86.5,2.9,Low,1,4.7,4.7,14.73
China,CHN,Asia,36.5,86.5,2.9,Low,2,5.25,5.4,8.59
China,CHN,Asia,37.5,86.5,2.9,Low,0,0.0,0.0,0.0
China,CHN,Asia,38.5,86.5,2.9,Low,2,4.75,4.8,22.45
China,CHN,Asia,39.5,86.5,2.9,Low,0,0.0,0.0,0.0
China,CHN,Asia,40.5,86.5,2.9,Low,0,0.0,0.0,0.0
China,CHN,Asia,41.5,86.5,2.9,Low,0,0.0,0.0,0.0
China,CHN,Asia,42.5,86.5,2.9,Low,1,4.7,4.7,24.8
China,CHN,Asia,43.5,86.5,2.9,Low,20,4.8,6.0,27.7285
China,CHN,Asia,44.5,86.5,2.9,Low,1,4.6,4.6,10.0
China,CHN,Asia,45.5,86.5,2.9,Low,0,0.0,0.0,0.0
China,CHN,Asia,46.5,86.5,2.9,Low,0,0.0,0.0,0.0
China,CHN,Asia,47.5,86.5,2.9,Low,3,4.7,4.9,20.1
China,CHN,Asia,48.5,86.5,2.9,Low,0,0.0,0.0,0.0
Kazakhstan,KAZ,Asia,49.5,86.5,2.7,Low,0,0.0,0.0,0.0
Russian Federation,RUS,Europe,50.5,86.5,4.0,Medium,0,0.0,0.0,0.0
Russian Federation,RUS,Europe,51.5,86.5,4.0,Medium,0,0.0,0.0,0.0
Russian Federation,RUS,Europe,52.5,86.5,4.0,Medium,0,0.0,0.0,0.0
Russian Federation,RUS,Europe,53.5,86.5,4.0,Medium,0,0.0,0.0,0.0
Russian Federation,RUS,Europe,54.5,86.5,4.0,Medium,2,5.1,5.6,9.95
Russian Federation,RUS,Europe,55.5,86.5,4.0,Medium,0,0.0,0.0,0.0
Russian Federation,RUS,Europe,56.5,86.5,4.0,Medium,0,0.0,0.0,0.0
Russian Federation,RUS,Europe,57.5,86.5,4.0,Medium,0,0.0,0.0,0.0
Russian Federation,RUS,Europe,58.5,86.5,4.0,Medium,0,0.0,0.0,0.0
Russian Federation,RUS,Europe,59.5,86.5,4.0,Medium,0,0.0,0.0,0.0
Russian Federation,RUS,Europe,60.5,86.5,4.0,Medium,0,0.0,0.0,0.0
Russian Federation,RUS,Europe,61.5,86.5,4.0,Medium,0,0.0,0.0,0.0
Russian Federation,RUS,Europe,62.5,86.5,4.0,Medium,0,0.0,0.0,0.0
Russian Federation,RUS,Europe,63.5,86.5,4.0,Medium,0,0.0,0.0,0.0
Russian Federation,RUS,Europe,64.5,86.5,4.0,Medium,0,0.0,0.0,0.0
Russian Federation,RUS,Europe,65.5,86.5,4.0,Medium,0,0.0,0.0,0.0
Russian Federation,RUS,Europe,66.5,86.5,4.0,Medium,0,0.0,0.0,0.0
Russian Federation,RUS,Europe,67.5,86.5,4.0,Medium,0,0.0,0.0,0.0
Russian Federation,RUS,Europe,68.5,86.5,4.0,Medium,0,0.0,0.0,0.0
Russian Federation,RUS,Europe,69.5,86.5,4.0,Medium,0,0.0,0.0,0.0
Russian Federation,RUS,Europe,70.5,86.5,4.0,Medium,0,0.0,0.0,0.0
Russian Federation,RUS,Europe,71.5,86.5,4.0,Medium,0,0.0,0.0,0.0
Russian Federation,RUS,Europe,72.5,86.5,4.0,Medium,0,0.0,0.0,0.0
Russian Federation,RUS,Europe,73.5,86.5,4.0,Medium,0,0.0,0.0,0.0
Russian Federation,RUS,Europe,74.5,86.5,4.0,Medium,0,0.0,0.0,0.0
India,IND,Asia,22.5,87.5,5.3,High,1,4.5,4.5,10.0
India,IND,Asia,23.5,87.5,5.3,High,0,0.0,0.0,0.0
India,IND,Asia,24.5,87.5,5.3,High,0,0.0,0.0,0.0
India,IND,Asia,25.5,87.5,5.3,High,0,0.0,0.0,0.0
Nepal,NPL,Asia,26.5,87.5,4.4,Medium,1,5.0,5.0,28.8
Nepal,NPL,Asia,27.5,87.5,4.4,Medium,6,4.7,5.0,33.2633
China,CHN,Asia,28.5,87.5,2.9,Low,19,4.9316,5.7,30.1852
China,CHN,Asia,29.5,87.5,2.9,Low,6,4.7,5.0,33.1
China,CHN,Asia,30.5,87.5,2.9,Low,15,4.8533,5.8,10.4207
China,CHN,Asia,31.5,87.5,2.9,Low,2,5.0,5.5,19.885
China,CHN,Asia,32.5,87.5,2.9,Low,1,4.8,4.8,50.8
China,CHN,Asia,33.5,87.5,2.9,Low,4,4.8,5.3,11.3968
China,CHN,Asia,34.5,87.5,2.9,Low,2,5.2,5.5,9.0
China,CHN,Asia,35.5,87.5,2.9,Low,2,4.7,4.8,21.5
China,CHN,Asia,36.5,87.5,2.9,Low,2,4.85,5.2,21.5
China,CHN,Asia,37.5,87.5,2.9,Low,3,4.6333,4.9,10.0
China,CHN,Asia,38.5,87.5,2.9,Low,2,4.7,4.9,14.2
China,CHN,Asia,39.5,87.5,2.9,Low,0,0.0,0.0,0.0
China,CHN,Asia,40.5,87.5,2.9,Low,0,0.0,0.0,0.0
China,CHN,Asia,41.5,87.5,2.9,Low,3,4.9333,5.2,15.67
China,CHN,Asia,42.5,87.5,2.9,Low,6,4.85,5.0,17.8
China,CHN,Asia,43.5,87.5,2.9,Low,13,4.7231,5.3,19.0554
China,CHN,Asia,44.5,87.5,2.9,Low,3,4.6667,4.8,25.3333
China,CHN,Asia,45.5,87.5,2.9,Low,0,0.0,0.0,0.0
China,CHN,Asia,46.5,87.5,2.9,Low,0,0.0,0.0,0.0
China,CHN,Asia,47.5,87.5,2.9,Low,0,0.0,0.0,0.0
China,CHN,Asia,48.5,87.5,2.9,Low,0,0.0,0.0,0.0
Russian Federation,RUS,Europe,49.5,87.5,4.0,Medium,9,4.7667,5.3,18.6922
Russian Federation,RUS,Europe,50.5,87.5,4.0,Medium,45,4.92,7.3,11.2958
Russian Federation,RUS,Europe,51.5,87.5,4.0,Medium,0,0.0,0.0,0.0
Russian Federation,RUS,Europe,52.5,87.5,4.0,Medium,0,0.0,0.0,0.0
Russian Federation,RUS,Europe,53.5,87.5,4.0,Medium,0,0.0,0.0,0.0
Russian Federation,RUS,Europe,54.5,87.5,4.0,Medium,1,5.0,5.0,10.0
Russian Federation,RUS,Europe,55.5,87.5,4.0,Medium,0,0.0,0.0,0.0
Russian Federation,RUS,Europe,56.5,87.5,4.0,Medium,0,0.0,0.0,0.0
Russian Federation,RUS,Europe,57.5,87.5,4.0,Medium,0,0.0,0.0,0.0
Russian Federation,RUS,Europe,58.5,87.5,4.0,Medium,0,0.0,0.0,0.0
Russian Federation,RUS,Europe,59.5,87.5,4.0,Medium,0,0.0,0.0,0.0
Russian Federation,RUS,Europe,60.5,87.5,4.0,Medium,0,0.0,0.0,0.0
Russian Federation,RUS,Europe,61.5,87.5,4.0,Medium,0,0.0,0.0,0.0
Russian Federation,RUS,Europe,62.5,87.5,4.0,Medium,0,0.0,0.0,0.0
Russian Federation,RUS,Europe,63.5,87.5,4.0,Medium,0,0.0,0.0,0.0
Russian Federation,RUS,Europe,64.5,87.5,4.0,Medium,0,0.0,0.0,0.0
Russian Federation,RUS,Europe,65.5,87.5,4.0,Medium,0,0.0,0.0,0.0
Russian Federation,RUS,Europe,66.5,87.5,4.0,Medium,0,0.0,0.0,0.0
Russian Federation,RUS,Europe,67.5,87.5,4.0,Medium,0,0.0,0.0,0.0
Russian Federation,RUS,Europe,68.5,87.5,4.0,Medium,0,0.0,0.0,0.0
Russian Federation,RUS,Europe,69.5,87.5,4.0,Medium,0,0.0,0.0,0.0
Russian Federation,RUS,Europe,70.5,87.5,4.0,Medium,0,0.0,0.0,0.0
Russian Federation,RUS,Europe,71.5,87.5,4.0,Medium,0,0.0,0.0,0.0
Russian Federation,RUS,Europe,72.5,87.5,4.0,Medium,0,0.0,0.0,0.0
Russian Federation,RUS,Europe,73.5,87.5,4.0,Medium,0,0.0,0.0,0.0
Russian Federation,RUS,Europe,74.5,87.5,4.0,Medium,0,0.0,0.0,0.0
India,IND,Asia,22.5,88.5,5.3,High,0,0.0,0.0,0.0
India,IND,Asia,23.5,88.5,5.3,High,1,4.5,4.5,35.88
Bangladesh,BGD,Asia,24.5,88.5,6.1,High,0,0.0,0.0,0.0
India,IND,Asia,25.5,88.5,5.3,High,1,4.5,4.5,39.8
India,IND,Asia,26.5,88.5,5.3,High,1,5.1,5.1,31.71
India,IND,Asia,27.5,88.5,5.3,High,18,4.9556,6.9,30.1144
China,CHN,Asia,28.5,88.5,2.9,Low,0,0.0,0.0,0.0
China,CHN,Asia,29.5,88.5,2.9,Low,6,4.7667,5.1,22.45
China,CHN,Asia,30.5,88.5,2.9,Low,4,4.65,4.8,22.3
China,CHN,Asia,31.5,88.5,2.9,Low,4,4.725,4.9,44.0
China,CHN,Asia,32.5,88.5,2.9,Low,1,4.5,4.5,38.6
China,CHN,Asia,33.5,88.5,2.9,Low,6,4.6667,4.8,29.82
China,CHN,Asia,34.5,88.5,2.9,Low,3,4.5,4.5,17.6667
China,CHN,Asia,35.5,88.5,2.9,Low,8,4.8625,5.5,13.2388
China,CHN,Asia,36.5,88.5,2.9,Low,0,0.0,0.0,0.0
China,CHN,Asia,37.5,88.5,2.9,Low,1,4.9,4.9,13.75
China,CHN,Asia,38.5,88.5,2.9,Low,7,4.8429,5.4,17.2857
China,CHN,Asia,39.5,88.5,2.9,Low,0,0.0,0.0,0.0
China,CHN,Asia,40.5,88.5,2.9,Low,0,0.0,0.0,0.0
China,CHN,Asia,41.5,88.5,2.9,Low,6,4.7167,5.0,30.29
China,CHN,Asia,42.5,88.5,2.9,Low,1,4.5,4.5,10.0
China,CHN,Asia,43.5,88.5,2.9,Low,10,4.7,5.1,25.292
China,CHN,Asia,44.5,88.5,2.9,Low,0,0.0,0.0,0.0
China,CHN,Asia,45.5,88.5,2.9,Low,0,0.0,0.0,0.0
China,CHN,Asia,46.5,88.5,2.9,Low,0,0.0,0.0,0.0
China,CHN,Asia,47.5,88.5,2.9,Low,1,4.7,4.7,10.1
Mongolia,MNG,Asia,48.5,88.5,2.7,Low,1,4.5,4.5,8.4
Russian Federation,RUS,Europe,49.5,88.5,4.0,Medium,23,4.7,5.3,11.1996
Russian Federation,RUS,Europe,50.5,88.5,4.0,Medium,13,4.6,4.9,10.1077
Russian Federation,RUS,Europe,51.5,88.5,4.0,Medium,0,0.0,0.0,0.0
Russian Federation,RUS,Europe,52.5,88.5,4.0,Medium,0,0.0,0.0,0.0
Russian Federation,RUS,Europe,53.5,88.5,4.0,Medium,0,0.0,0.0,0.0
Russian Federation,RUS,Europe,54.5,88.5,4.0,Medium,1,4.6,4.6,10.0
Russian Federation,RUS,Europe,55.5,88.5,4.0,Medium,0,0.0,0.0,0.0
Russian Federation,RUS,Europe,56.5,88.5,4.0,Medium,0,0.0,0.0,0.0
Russian Federation,RUS,Europe,57.5,88.5,4.0,Medium,0,0.0,0.0,0.0
Russian Federation,RUS,Europe,58.5,88.5,4.0,Medium,0,0.0,0.0,0.0
Russian Federation,RUS,Europe,59.5,88.5,4.0,Medium,0,0.0,0.0,0.0
Russian Federation,RUS,Europe,60.5,88.5,4.0,Medium,0,0.0,0.0,0.0
Russian Federation,RUS,Europe,61.5,88.5,4.0,Medium,0,0.0,0.0,0.0
Russian Federation,RUS,Europe,62.5,88.5,4.0,Medium,0,0.0,0.0,0.0
Russian Federation,RUS,Europe,63.5,88.5,4.0,Medium,0,0.0,0.0,0.0
Russian Federation,RUS,Europe,64.5,88.5,4.0,Medium,0,0.0,0.0,0.0
Russian Federation,RUS,Europe,65.5,88.5,4.0,Medium,0,0.0,0.0,0.0
Russian Federation,RUS,Europe,66.5,88.5,4.0,Medium,0,0.0,0.0,0.0
Russian Federation,RUS,Europe,67.5,88.5,4.0,Medium,0,0.0,0.0,0.0
Russian Federation,RUS,Europe,68.5,88.5,4.0,Medium,0,0.0,0.0,0.0
Russian Federation,RUS,Europe,69.5,88.5,4.0,Medium,0,0.0,0.0,0.0
Russian Federation,RUS,Europe,70.5,88.5,4.0,Medium,0,0.0,0.0,0.0
Russian Federation,RUS,Europe,71.5,88.5,4.0,Medium,0,0.0,0.0,0.0
Russian Federation,RUS,Europe,72.5,88.5,4.0,Medium,0,0.0,0.0,0.0
Russian Federation,RUS,Europe,73.5,88.5,4.0,Medium,0,0.0,0.0,0.0
Russian Federation,RUS,Europe,74.5,88.5,4.0,Medium,0,0.0,0.0,0.0
Bangladesh,BGD,Asia,22.5,89.5,6.1,High,0,0.0,0.0,0.0
Bangladesh,BGD,Asia,23.5,89.5,6.1,High,0,0.0,0.0,0.0
Bangladesh,BGD,Asia,24.5,89.5,6.1,High,0,0.0,0.0,0.0
Bangladesh,BGD,Asia,25.5,89.5,6.1,High,0,0.0,0.0,0.0
India,IND,Asia,26.5,89.5,5.3,High,3,4.5667,4.7,11.69
Bhutan,BTN,Asia,27.5,89.5,2.7,Low,1,5.5,5.5,47.1
China,CHN,Asia,28.5,89.5,2.9,Low,0,0.0,0.0,0.0
China,CHN,Asia,29.5,89.5,2.9,Low,2,4.6,4.7,43.71
China,CHN,Asia,30.5,89.5,2.9,Low,2,4.75,4.8,12.55
China,CHN,Asia,31.5,89.5,2.9,Low,0,0.0,0.0,0.0
China,CHN,Asia,32.5,89.5,2.9,Low,2,4.65,4.8,30.9
China,CHN,Asia,33.5,89.5,2.9,Low,15,4.9267,6.0,14.7033
China,CHN,Asia,34.5,89.5,2.9,Low,22,4.8455,5.8,14.7686
China,CHN,Asia,35.5,89.5,2.9,Low,19,4.8,5.6,24.6511
China,CHN,Asia,36.5,89.5,2.9,Low,0,0.0,0.0,0.0
China,CHN,Asia,37.5,89.5,2.9,Low,1,4.9,4.9,10.0
China,CHN,Asia,38.5,89.5,2.9,Low,2,4.65,4.8,12.275
China,CHN,Asia,39.5,89.5,2.9,Low,1,4.7,4.7,10.0
China,CHN,Asia,40.5,89.5,2.9,Low,1,4.7,4.7,10.0
China,CHN,Asia,41.5,89.5,2.9,Low,2,4.8,4.8,27.03
China,CHN,Asia,42.5,89.5,2.9,Low,1,4.5,4.5,10.0
China,CHN,Asia,43.5,89.5,2.9,Low,4,4.7,4.9,17.9325
China,CHN,Asia,44.5,89.5,2.9,Low,0,0.0,0.0,0.0
China,CHN,Asia,45.5,89.5,2.9,Low,0,0.0,0.0,0.0
China,CHN,Asia,46.5,89.5,2.9,Low,1,4.6,4.6,24.2
China,CHN,Asia,47.5,89.5,2.9,Low,2,4.65,4.7,8.95
Mongolia,MNG,Asia,48.5,89.5,2.7,Low,3,4.9333,5.2,17.6667
Mongolia,MNG,Asia,49.5,89.5,2.7,Low,2,4.7,4.8,10.0
Russian Federation,RUS,Europe,50.5,89.5,4.0,Medium,1,4.5,4.5,33.0
Russian Federation,RUS,Europe,51.5,89.5,4.0,Medium,2,4.75,4.8,22.5
Russian Federation,RUS,Europe,52.5,89.5,4.0,Medium,1,4.5,4.5,14.69
Russian Federation,RUS,Europe,53.5,89.5,4.0,Medium,0,0.0,0.0,0.0
Russian Federation,RUS,Europe,54.5,89.5,4.0,Medium,0,0.0,0.0,0.0
Russian Federation,RUS,Europe,55.5,89.5,4.0,Medium,0,0.0,0.0,0.0
Russian Federation,RUS,Europe,56.5,89.5,4.0,Medium,0,0.0,0.0,0.0
Russian Federation,RUS,Europe,57.5,89.5,4.0,Medium,1,4.6,4.6,10.0
Russian Federation,RUS,Europe,58.5,89.5,4.0,Medium,0,0.0,0.0,0.0
Russian Federation,RUS,Europe,59.5,89.5,4.0,Medium,0,0.0,0.0,0.0
Russian Federation,RUS,Europe,60.5,89.5,4.0,Medium,0,0.0,0.0,0.0
Russian Federation,RUS,Europe,61.5,89.5,4.0,Medium,0,0.0,0.0,0.0
Russian Federation,RUS,Europe,62.5,89.5,4.0,Medium,0,0.0,0.0,0.0
Russian Federation,RUS,Europe,63.5,89.5,4.0,Medium,0,0.0,0.0,0.0
Russian Federation,RUS,Europe,64.5,89.5,4.0,Medium,0,0.0,0.0,0.0
Russian Federation,RUS,Europe,65.5,89.5,4.0,Medium,0,0.0,0.0,0.0
Russian Federation,RUS,Europe,66.5,89.5,4.0,Medium,0,0.0,0.0,0.0
Russian Federation,RUS,Europe,67.5,89.5,4.0,Medium,0,0.0,0.0,0.0
Russian Federation,RUS,Europe,68.5,89.5,4.0,Medium,0,0.0,0.0,0.0
Russian Federation,RUS,Europe,69.5,89.5,4.0,Medium,0,0.0,0.0,0.0
Russian Federation,RUS,Europe,70.5,89.5,4.0,Medium,0,0.0,0.0,0.0
Russian Federation,RUS,Europe,71.5,89.5,4.0,Medium,0,0.0,0.0,0.0
Russian Federation,RUS,Europe,72.5,89.5,4.0,Medium,0,0.0,0.0,0.0
Russian Federation,RUS,Europe,73.5,89.5,4.0,Medium,0,0.0,0.0,0.0
Russian Federation,RUS,Europe,74.5,89.5,4.0,Medium,0,0.0,0.0,0.0
Bangladesh,BGD,Asia,22.5,90.5,6.1,High,0,0.0,0.0,0.0
Bangladesh,BGD,Asia,23.5,90.5,6.1,High,6,4.7667,5.5,26.9262
Bangladesh,BGD,Asia,24.5,90.5,6.1,High,1,4.8,4.8,17.5
India,IND,Asia,25.5,90.5,5.3,High,6,4.8,5.3,15.8833
India,IND,Asia,26.5,90.5,5.3,High,6,4.95,5.3,20.1517
Bhutan,BTN,Asia,27.5,90.5,2.7,Low,2,4.6,4.7,39.45
China,CHN,Asia,28.5,90.5,2.9,Low,0,0.0,0.0,0.0
China,CHN,Asia,29.5,90.5,2.9,Low,20,4.91,6.3,10.05
China,CHN,Asia,30.5,90.5,2.9,Low,1,4.6,4.6,97.7
China,CHN,Asia,31.5,90.5,2.9,Low,4,4.925,5.7,33.6225
China,CHN,Asia,32.5,90.5,2.9,Low,3,4.7,4.7,33.3167
China,CHN,Asia,33.5,90.5,2.9,Low,7,4.8571,5.3,31.3286
China,CHN,Asia,34.5,90.5,2.9,Low,2,4.65,4.8,21.5
China,CHN,Asia,35.5,90.5,2.9,Low,7,5.2143,7.8,13.2857
China,CHN,Asia,36.5,90.5,2.9,Low,2,4.75,4.9,11.89
China,CHN,Asia,37.5,90.5,2.9,Low,0,0.0,0.0,0.0
China,CHN,Asia,38.5,90.5,2.9,Low,9,4.6889,5.1,11.5222
China,CHN,Asia,39.5,90.5,2.9,Low,0,0.0,0.0,0.0
China,CHN,Asia,40.5,90.5,2.9,Low,1,5.0,5.0,10.0
China,CHN,Asia,41.5,90.5,2.9,Low,2,4.7,4.9,23.645
China,CHN,Asia,42.5,90.5,2.9,Low,0,0.0,0.0,0.0
China,CHN,Asia,43.5,90.5,2.9,Low,0,0.0,0.0,0.0
China,CHN,Asia,44.5,90.5,2.9,Low,0,0.0,0.0,0.0
China,CHN,Asia,45.5,90.5,2.9,Low,1,4.9,4.9,10.0
China,CHN,Asia,46.5,90.5,2.9,Low,1,5.0,5.0,16.8
Mongolia,MNG,Asia,47.5,90.5,2.7,Low,0,0.0,0.0,0.0
Mongolia,MNG,Asia,48.5,90.5,2.7,Low,0,0.0,0.0,0.0
Mongolia,MNG,Asia,49.5,90.5,2.7,Low,0,0.0,0.0,0.0
Russian Federation,RUS,Europe,50.5,90.5,4.0,Medium,4,4.85,5.5,9.25
Russian Federation,RUS,Europe,51.5,90.5,4.0,Medium,1,4.8,4.8,10.0
Russian Federation,RUS,Europe,52.5,90.5,4.0,Medium,0,0.0,0.0,0.0
Russian Federation,RUS,Europe,53.5,90.5,4.0,Medium,0,0.0,0.0,0.0
Russian Federation,RUS,Europe,54.5,90.5,4.0,Medium,0,0.0,0.0,0.0
Russian Federation,RUS,Europe,55.5,90.5,4.0,Medium,0,0.0,0.0,0.0
Russian Federation,RUS,Europe,56.5,90.5,4.0,Medium,0,0.0,0.0,0.0
Russian Federation,RUS,Europe,57.5,90.5,4.0,Medium,0,0.0,0.0,0.0
Russian Federation,RUS,Europe,58.5,90.5,4.0,Medium,0,0.0,0.0,0.0
Russian Federation,RUS,Europe,59.5,90.5,4.0,Medium,0,0.0,0.0,0.0
Russian Federation,RUS,Europe,60.5,90.5,4.0,Medium,0,0.0,0.0,0.0
Russian Federation,RUS,Europe,61.5,90.5,4.0,Medium,0,0.0,0.0,0.0
Russian Federation,RUS,Europe,62.5,90.5,4.0,Medium,0,0.0,0.0,0.0
Russian Federation,RUS,Europe,63.5,90.5,4.0,Medium,0,0.0,0.0,0.0
Russian Federation,RUS,Europe,64.5,90.5,4.0,Medium,0,0.0,0.0,0.0
Russian Federation,RUS,Europe,65.5,90.5,4.0,Medium,0,0.0,0.0,0.0
Russian Federation,RUS,Europe,66.5,90.5,4.0,Medium,0,0.0,0.0,0.0
Russian Federation,RUS,Europe,67.5,90.5,4.0,Medium,0,0.0,0.0,0.0
Russian Federation,RUS,Europe,68.5,90.5,4.0,Medium,0,0.0,0.0,0.0
Russian Federation,RUS,Europe,69.5,90.5,4.0,Medium,0,0.0,0.0,0.0
Russian Federation,RUS,Europe,70.5,90.5,4.0,Medium,0,0.0,0.0,0.0
Russian Federation,RUS,Europe,71.5,90.5,4.0,Medium,0,0.0,0.0,0.0
Russian Federation,RUS,Europe,72.5,90.5,4.0,Medium,0,0.0,0.0,0.0
Russian Federation,RUS,Europe,73.5,90.5,4.0,Medium,0,0.0,0.0,0.0
Russian Federation,RUS,Europe,74.5,90.5,4.0,Medium,0,0.0,0.0,0.0
Russian Federation,RUS,Europe,75.5,90.5,4.0,Medium,0,0.0,0.0,0.0
India,IND,Asia,23.5,91.5,5.3,High,2,4.55,4.6,33.8
Bangladesh,BGD,Asia,24.5,91.5,6.1,High,3,4.7667,4.9,24.17
India,IND,Asia,25.5,91.5,5.3,High,3,4.5,4.5,29.72
India,IND,Asia,26.5,91.5,5.3,High,3,5.1667,5.8,21.8333
Bhutan,BTN,Asia,27.5,91.5,2.7,Low,10,4.84,6.1,28.656
China,CHN,Asia,28.5,91.5,2.9,Low,3,4.5667,4.7,17.6667
China,CHN,Asia,29.5,91.5,2.9,Low,3,4.6333,4.8,30.8333
China,CHN,Asia,30.5,91.5,2.9,Low,0,0.0,0.0,0.0
China,CHN,Asia,31.5,91.5,2.9,Low,4,5.025,5.6,12.88
China,CHN,Asia,32.5,91.5,2.9,Low,4,4.875,5.2,16.25
China,CHN,Asia,33.5,91.5,2.9,Low,9,4.9444,5.4,15.9444
China,CHN,Asia,34.5,91.5,2.9,Low,0,0.0,0.0,0.0
China,CHN,Asia,35.5,91.5,2.9,Low,4,4.95,5.4,9.7
China,CHN,Asia,36.5,91.5,2.9,Low,2,4.9,5.2,10.0
China,CHN,Asia,37.5,91.5,2.9,Low,3,4.9333,5.4,17.6667
China,CHN,Asia,38.5,91.5,2.9,Low,2,4.7,4.8,21.5
China,CHN,Asia,39.5,91.5,2.9,Low,1,4.7,4.7,10.0
China,CHN,Asia,40.5,91.5,2.9,Low,0,0.0,0.0,0.0
China,CHN,Asia,41.5,91.5,2.9,Low,1,4.5,4.5,3.5
China,CHN,Asia,42.5,91.5,2.9,Low,0,0.0,0.0,0.0
China,CHN,Asia,43.5,91.5,2.9,Low,0,0.0,0.0,0.0
China,CHN,Asia,44.5,91.5,2.9,Low,0,0.0,0.0,0.0
Mongolia,MNG,Asia,45.5,91.5,2.7,Low,2,4.8,4.8,10.0
Mongolia,MNG,Asia,46.5,91.5,2.7,Low,0,0.0,0.0,0.0
Mongolia,MNG,Asia,47.5,91.5,2.7,Low,0,0.0,0.0,0.0
Mongolia,MNG,Asia,48.5,91.5,2.7,Low,1,5.1,5.1,10.0
Mongolia,MNG,Asia,49.5,91.5,2.7,Low,2,4.85,5.1,23.3
Mongolia,MNG,Asia,50.5,91.5,2.7,Low,1,4.5,4.5,10.0
Russian Federation,RUS,Europe,51.5,91.5,4.0,Medium,2,4.75,5.0,10.0
Russian Federation,RUS,Europe,52.5,91.5,4.0,Medium,1,5.3,5.3,10.0
Russian Federation,RUS,Europe,53.5,91.5,4.0,Medium,1,5.0,5.0,31.38
Russian Federation,RUS,Europe,54.5,91.5,4.0,Medium,0,0.0,0.0,0.0
Russian Federation,RUS,Europe,55.5,91.5,4.0,Medium,0,0.0,0.0,0.0
Russian Federation,RUS,Europe,56.5,91.5,4.0,Medium,0,0.0,0.0,0.0
Russian Federation,RUS,Europe,57.5,91.5,4.0,Medium,0,0.0,0.0,0.0
Russian Federation,RUS,Europe,58.5,91.5,4.0,Medium,0,0.0,0.0,0.0
Russian Federation,RUS,Europe,59.5,91.5,4.0,Medium,0,0.0,0.0,0.0
Russian Federation,RUS,Europe,60.5,91.5,4.0,Medium,0,0.0,0.0,0.0
Russian Federation,RUS,Europe,61.5,91.5,4.0,Medium,0,0.0,0.0,0.0
Russian Federation,RUS,Europe,62.5,91.5,4.0,Medium,0,0.0,0.0,0.0
Russian Federation,RUS,Europe,63.5,91.5,4.0,Medium,0,0.0,0.0,0.0
Russian Federation,RUS,Europe,64.5,91.5,4.0,Medium,0,0.0,0.0,0.0
Russian Federation,RUS,Europe,65.5,91.5,4.0,Medium,0,0.0,0.0,0.0
Russian Federation,RUS,Europe,66.5,91.5,4.0,Medium,0,0.0,0.0,0.0
Russian Federation,RUS,Europe,67.5,91.5,4.0,Medium,0,0.0,0.0,0.0
Russian Federation,RUS,Europe,68.5,91.5,4.0,Medium,0,0.0,0.0,0.0
Russian Federation,RUS,Europe,69.5,91.5,4.0,Medium,0,0.0,0.0,0.0
Russian Federation,RUS,Europe,70.5,91.5,4.0,Medium,0,0.0,0.0,0.0
Russian Federation,RUS,Europe,71.5,91.5,4.0,Medium,0,0.0,0.0,0.0
Russian Federation,RUS,Europe,72.5,91.5,4.0,Medium,0,0.0,0.0,0.0
Russian Federation,RUS,Europe,73.5,91.5,4.0,Medium,0,0.0,0.0,0.0
Russian Federation,RUS,Europe,74.5,91.5,4.0,Medium,0,0.0,0.0,0.0
Russian Federation,RUS,Europe,75.5,91.5,4.0,Medium,0,0.0,0.0,0.0
Bangladesh,BGD,Asia,21.5,92.5,6.1,High,1,5.5,5.5,33.0
Bangladesh,BGD,Asia,22.5,92.5,6.1,High,14,4.9214,5.7,23.8
India,IND,Asia,23.5,92.5,5.3,High,3,4.7,4.9,40.9867
India,IND,Asia,24.5,92.5,5.3,High,12,5.025,5.7,35.1702
India,IND,Asia,25.5,92.5,5.3,High,0,0.0,0.0,0.0
India,IND,Asia,26.5,92.5,5.3,High,24,4.7958,6.0,36.8417
India,IND,Asia,27.5,92.5,5.3,High,12,4.8333,5.5,27.1008
China,CHN,Asia,28.5,92.5,2.9,Low,3,4.6667,4.8,51.72
China,CHN,Asia,29.5,92.5,2.9,Low,3,4.6,4.8,28.2667
China,CHN,Asia,30.5,92.5,2.9,Low,0,0.0,0.0,0.0
China,CHN,Asia,31.5,92.5,2.9,Low,8,4.8625,5.7,12.1
China,CHN,Asia,32.5,92.5,2.9,Low,23,5.0348,5.7,25.9826
China,CHN,Asia,33.5,92.5,2.9,Low,18,4.9222,5.7,21.3222
China,CHN,Asia,34.5,92.5,2.9,Low,2,5.0,5.2,14.37
China,CHN,Asia,35.5,92.5,2.9,Low,7,4.8286,5.3,13.8
China,CHN,Asia,36.5,92.5,2.9,Low,0,0.0,0.0,0.0
China,CHN,Asia,37.5,92.5,2.9,Low,3,4.9333,5.3,19.1943
China,CHN,Asia,38.5,92.5,2.9,Low,4,5.1,5.4,12.89
China,CHN,Asia,39.5,92.5,2.9,Low,0,0.0,0.0,0.0
China,CHN,Asia,40.5,92.5,2.9,Low,0,0.0,0.0,0.0
China,CHN,Asia,41.5,92.5,2.9,Low,1,4.9,4.9,10.0
China,CHN,Asia,42.5,92.5,2.9,Low,0,0.0,0.0,0.0
China,CHN,Asia,43.5,92.5,2.9,Low,0,0.0,0.0,0.0
China,CHN,Asia,44.5,92.5,2.9,Low,2,4.85,5.1,10.0
Mongolia,MNG,Asia,45.5,92.5,2.7,Low,2,4.6,4.7,10.0
Mongolia,MNG,Asia,46.5,92.5,2.7,Low,0,0.0,0.0,0.0
Mongolia,MNG,Asia,47.5,92.5,2.7,Low,1,4.5,4.5,33.0
Mongolia,MNG,Asia,48.5,92.5,2.7,Low,1,4.5,4.5,10.0
Mongolia,MNG,Asia,49.5,92.5,2.7,Low,0,0.0,0.0,0.0
Mongolia,MNG,Asia,50.5,92.5,2.7,Low,1,4.5,4.5,10.0
Russian Federation,RUS,Europe,51.5,92.5,4.0,Medium,1,5.3,5.3,16.6
Russian Federation,RUS,Europe,52.5,92.5,4.0,Medium,1,4.6,4.6,10.0
Russian Federation,RUS,Europe,53.5,92.5,4.0,Medium,0,0.0,0.0,0.0
Russian Federation,RUS,Europe,54.5,92.5,4.0,Medium,0,0.0,0.0,0.0
Russian Federation,RUS,Europe,55.5,92.5,4.0,Medium,0,0.0,0.0,0.0
Russian Federation,RUS,Europe,56.5,92.5,4.0,Medium,0,0.0,0.0,0.0
Russian Federation,RUS,Europe,57.5,92.5,4.0,Medium,0,0.0,0.0,0.0
Russian Federation,RUS,Europe,58.5,92.5,4.0,Medium,0,0.0,0.0,0.0
Russian Federation,RUS,Europe,59.5,92.5,4.0,Medium,0,0.0,0.0,0.0
Russian Federation,RUS,Europe,60.5,92.5,4.0,Medium,0,0.0,0.0,0.0
Russian Federation,RUS,Europe,61.5,92.5,4.0,Medium,0,0.0,0.0,0.0
Russian Federation,RUS,Europe,62.5,92.5,4.0,Medium,0,0.0,0.0,0.0
Russian Federation,RUS,Europe,63.5,92.5,4.0,Medium,0,0.0,0.0,0.0
Russian Federation,RUS,Europe,64.5,92.5,4.0,Medium,0,0.0,0.0,0.0
Russian Federation,RUS,Europe,65.5,92.5,4.0,Medium,0,0.0,0.0,0.0
Russian Federation,RUS,Europe,66.5,92.5,4.0,Medium,0,0.0,0.0,0.0
Russian Federation,RUS,Europe,67.5,92.5,4.0,Medium,0,0.0,0.0,0.0
Russian Federation,RUS,Europe,68.5,92.5,4.0,Medium,0,0.0,0.0,0.0
Russian Federation,RUS,Europe,69.5,92.5,4.0,Medium,0,0.0,0.0,0.0
Russian Federation,RUS,Europe,70.5,92.5,4.0,Medium,0,0.0,0.0,0.0
Russian Federation,RUS,Europe,71.5,92.5,4.0,Medium,0,0.0,0.0,0.0
Russian Federation,RUS,Europe,72.5,92.5,4.0,Medium,0,0.0,0.0,0.0
Russian Federation,RUS,Europe,73.5,92.5,4.0,Medium,0,0.0,0.0,0.0
Russian Federation,RUS,Europe,74.5,92.5,4.0,Medium,0,0.0,0.0,0.0
Russian Federation,RUS,Europe,75.5,92.5,4.0,Medium,0,0.0,0.0,0.0
Russian Federation,RUS,Europe,80.5,92.5,4.0,Medium,0,0.0,0.0,0.0
Myanmar,MMR,Asia,20.5,93.5,6.9,Very High,7,4.6571,4.9,44.2929
Myanmar,MMR,Asia,21.5,93.5,6.9,Very High,10,4.7,5.1,57.8263
Myanmar,MMR,Asia,22.5,93.5,6.9,Very High,20,4.755,6.2,57.6265
Myanmar,MMR,Asia,23.5,93.5,6.9,Very High,39,4.8,5.6,44.3767
India,IND,Asia,24.5,93.5,5.3,High,19,4.8789,6.7,52.6163
India,IND,Asia,25.5,93.5,5.3,High,3,4.6,4.7,40.6
India,IND,Asia,26.5,93.5,5.3,High,8,4.7625,5.4,40.78
India,IND,Asia,27.5,93.5,5.3,High,0,0.0,0.0,0.0
India,IND,Asia,28.5,93.5,5.3,High,1,4.6,4.6,10.0
China,CHN,Asia,29.5,93.5,2.9,Low,1,4.7,4.7,10.0
China,CHN,Asia,30.5,93.5,2.9,Low,0,0.0,0.0,0.0
China,CHN,Asia,31.5,93.5,2.9,Low,3,4.6,4.7,17.9987
China,CHN,Asia,32.5,93.5,2.9,Low,9,4.7444,5.2,33.9844
China,CHN,Asia,33.5,93.5,2.9,Low,2,4.8,5.1,37.95
China,CHN,Asia,34.5,93.5,2.9,Low,0,0.0,0.0,0.0
China,CHN,Asia,35.5,93.5,2.9,Low,20,5.04,5.6,12.875
China,CHN,Asia,36.5,93.5,2.9,Low,1,4.7,4.7,10.0
China,CHN,Asia,37.5,93.5,2.9,Low,1,5.0,5.0,10.0
China,CHN,Asia,38.5,93.5,2.9,Low,5,4.86,5.5,11.422
China,CHN,Asia,39.5,93.5,2.9,Low,0,0.0,0.0,0.0
China,CHN,Asia,40.5,93.5,2.9,Low,0,0.0,0.0,0.0
China,CHN,Asia,41.5,93.5,2.9,Low,0,0.0,0.0,0.0
China,CHN,Asia,42.5,93.5,2.9,Low,0,0.0,0.0,0.0
China,CHN,Asia,43.5,93.5,2.9,Low,0,0.0,0.0,0.0
China,CHN,Asia,44.5,93.5,2.9,Low,0,0.0,0.0,0.0
Mongolia,MNG,Asia,45.5,93.5,2.7,Low,3,4.8,5.0,16.2333
Mongolia,MNG,Asia,46.5,93.5,2.7,Low,4,4.975,5.5,14.2775
Mongolia,MNG,Asia,47.5,93.5,2.7,Low,0,0.0,0.0,0.0
Mongolia,MNG,Asia,48.5,93.5,2.7,Low,0,0.0,0.0,0.0
Mongolia,MNG,Asia,49.5,93.5,2.7,Low,0,0.0,0.0,0.0
Russian Federation,RUS,Europe,50.5,93.5,4.0,Medium,0,0.0,0.0,0.0
Russian Federation,RUS,Europe,51.5,93.5,4.0,Medium,2,4.85,4.9,18.75
Russian Federation,RUS,Europe,52.5,93.5,4.0,Medium,0,0.0,0.0,0.0
Russian Federation,RUS,Europe,53.5,93.5,4.0,Medium,0,0.0,0.0,0.0
Russian Federation,RUS,Europe,54.5,93.5,4.0,Medium,1,4.5,4.5,10.0
Russian Federation,RUS,Europe,55.5,93.5,4.0,Medium,0,0.0,0.0,0.0
Russian Federation,RUS,Europe,56.5,93.5,4.0,Medium,0,0.0,0.0,0.0
Russian Federation,RUS,Europe,57.5,93.5,4.0,Medium,0,0.0,0.0,0.0
Russian Federation,RUS,Europe,58.5,93.5,4.0,Medium,0,0.0,0.0,0.0
Russian Federation,RUS,Europe,59.5,93.5,4.0,Medium,0,0.0,0.0,0.0
Russian Federation,RUS,Europe,60.5,93.5,4.0,Medium,0,0.0,0.0,0.0
Russian Federation,RUS,Europe,61.5,93.5,4.0,Medium,0,0.0,0.0,0.0
Russian Federation,RUS,Europe,62.5,93.5,4.0,Medium,0,0.0,0.0,0.0
Russian Federation,RUS,Europe,63.5,93.5,4.0,Medium,0,0.0,0.0,0.0
Russian Federation,RUS,Europe,64.5,93.5,4.0,Medium,0,0.0,0.0,0.0
Russian Federation,RUS,Europe,65.5,93.5,4.0,Medium,0,0.0,0.0,0.0
Russian Federation,RUS,Europe,66.5,93.5,4.0,Medium,0,0.0,0.0,0.0
Russian Federation,RUS,Europe,67.5,93.5,4.0,Medium,0,0.0,0.0,0.0
Russian Federation,RUS,Europe,68.5,93.5,4.0,Medium,0,0.0,0.0,0.0
Russian Federation,RUS,Europe,69.5,93.5,4.0,Medium,0,0.0,0.0,0.0
Russian Federation,RUS,Europe,70.5,93.5,4.0,Medium,0,0.0,0.0,0.0
Russian Federation,RUS,Europe,71.5,93.5,4.0,Medium,0,0.0,0.0,0.0
Russian Federation,RUS,Europe,72.5,93.5,4.0,Medium,0,0.0,0.0,0.0
Russian Federation,RUS,Europe,73.5,93.5,4.0,Medium,0,0.0,0.0,0.0
Russian Federation,RUS,Europe,74.5,93.5,4.0,Medium,0,0.0,0.0,0.0
Russian Federation,RUS,Europe,75.5,93.5,4.0,Medium,0,0.0,0.0,0.0
Russian Federation,RUS,Europe,79.5,93.5,4.0,Medium,0,0.0,0.0,0.0
Russian Federation,RUS,Europe,80.5,93.5,4.0,Medium,0,0.0,0.0,0.0
Myanmar,MMR,Asia,16.5,94.5,6.9,Very High,4,4.7,4.9,25.75
Myanmar,MMR,Asia,17.5,94.5,6.9,Very High,6,4.7667,5.2,23.35
Myanmar,MMR,Asia,18.5,94.5,6.9,Very High,5,4.86,5.2,31.626
Myanmar,MMR,Asia,19.5,94.5,6.9,Very High,8,4.8625,5.6,54.355
Myanmar,MMR,Asia,20.5,94.5,6.9,Very High,10,4.99,6.8,81.7475
Myanmar,MMR,Asia,21.5,94.5,6.9,Very High,19,4.6895,5.2,98.1222
Myanmar,MMR,Asia,22.5,94.5,6.9,Very High,44,4.7477,5.9,91.6621
Myanmar,MMR,Asia,23.5,94.5,6.9,Very High,74,4.7689,6.9,87.3583
Myanmar,MMR,Asia,24.5,94.5,6.9,Very High,58,4.8069,6.2,74.0355
India,IND,Asia,25.5,94.5,5.3,High,16,4.8188,5.6,54.9244
India,IND,Asia,26.5,94.5,5.3,High,2,4.8,4.8,31.15
India,IND,Asia,27.5,94.5,5.3,High,1,4.6,4.6,15.94
India,IND,Asia,28.5,94.5,5.3,High,6,5.15,5.9,24.0
China,CHN,Asia,29.5,94.5,2.9,Low,5,5.18,6.4,14.6
China,CHN,Asia,30.5,94.5,2.9,Low,73,4.8137,5.1,18.5302
China,CHN,Asia,31.5,94.5,2.9,Low,4,4.525,4.6,48.075
China,CHN,Asia,32.5,94.5,2.9,Low,8,4.85,5.9,25.6075
China,CHN,Asia,33.5,94.5,2.9,Low,1,4.6,4.6,11.54
China,CHN,Asia,34.5,94.5,2.9,Low,2,5.2,5.6,21.5
China,CHN,Asia,35.5,94.5,2.9,Low,7,4.8571,5.3,10.0
China,CHN,Asia,36.5,94.5,2.9,Low,2,4.8,5.0,10.0
China,CHN,Asia,37.5,94.5,2.9,Low,3,4.8333,5.1,12.1567
China,CHN,Asia,38.5,94.5,2.9,Low,3,4.8,5.0,10.0
China,CHN,Asia,39.5,94.5,2.9,Low,3,4.6667,4.7,13.5933
China,CHN,Asia,40.5,94.5,2.9,Low,0,0.0,0.0,0.0
China,CHN,Asia,41.5,94.5,2.9,Low,1,5.4,5.4,10.0
China,CHN,Asia,42.5,94.5,2.9,Low,0,0.0,0.0,0.0
China,CHN,Asia,43.5,94.5,2.9,Low,4,4.825,5.3,13.35
Mongolia,MNG,Asia,44.5,94.5,2.7,Low,0,0.0,0.0,0.0
Mongolia,MNG,Asia,45.5,94.5,2.7,Low,0,0.0,0.0,0.0
Mongolia,MNG,Asia,46.5,94.5,2.7,Low,2,5.1,5.1,21.5
Mongolia,MNG,Asia,47.5,94.5,2.7,Low,0,0.0,0.0,0.0
Mongolia,MNG,Asia,48.5,94.5,2.7,Low,0,0.0,0.0,0.0
Mongolia,MNG,Asia,49.5,94.5,2.7,Low,0,0.0,0.0,0.0
Russian Federation,RUS,Europe,50.5,94.5,4.0,Medium,1,4.5,4.5,33.0
Russian Federation,RUS,Europe,51.5,94.5,4.0,Medium,1,4.5,4.5,10.0
Russian Federation,RUS,Europe,52.5,94.5,4.0,Medium,0,0.0,0.0,0.0
Russian Federation,RUS,Europe,53.5,94.5,4.0,Medium,0,0.0,0.0,0.0
Russian Federation,RUS,Europe,54.5,94.5,4.0,Medium,1,5.5,5.5,33.0
Russian Federation,RUS,Europe,55.5,94.5,4.0,Medium,0,0.0,0.0,0.0
Russian Federation,RUS,Europe,56.5,94.5,4.0,Medium,0,0.0,0.0,0.0
Russian Federation,RUS,Europe,57.5,94.5,4.0,Medium,0,0.0,0.0,0.0
Russian Federation,RUS,Europe,58.5,94.5,4.0,Medium,0,0.0,0.0,0.0
Russian Federation,RUS,Europe,59.5,94.5,4.0,Medium,0,0.0,0.0,0.0
Russian Federation,RUS,Europe,60.5,94.5,4.0,Medium,0,0.0,0.0,0.0
Russian Federation,RUS,Europe,61.5,94.5,4.0,Medium,0,0.0,0.0,0.0
Russian Federation,RUS,Europe,62.5,94.5,4.0,Medium,0,0.0,0.0,0.0
Russian Federation,RUS,Europe,63.5,94.5,4.0,Medium,0,0.0,0.0,0.0
Russian Federation,RUS,Europe,64.5,94.5,4.0,Medium,0,0.0,0.0,0.0
Russian Federation,RUS,Europe,65.5,94.5,4.0,Medium,0,0.0,0.0,0.0
Russian Federation,RUS,Europe,66.5,94.5,4.0,Medium,0,0.0,0.0,0.0
Russian Federation,RUS,Europe,67.5,94.5,4.0,Medium,0,0.0,0.0,0.0
Russian Federation,RUS,Europe,68.5,94.5,4.0,Medium,0,0.0,0.0,0.0
Russian Federation,RUS,Europe,69.5,94.5,4.0,Medium,0,0.0,0.0,0.0
Russian Federation,RUS,Europe,70.5,94.5,4.0,Medium,0,0.0,0.0,0.0
Russian Federation,RUS,Europe,71.5,94.5,4.0,Medium,0,0.0,0.0,0.0
Russian Federation,RUS,Europe,72.5,94.5,4.0,Medium,0,0.0,0.0,0.0
Russian Federation,RUS,Europe,73.5,94.5,4.0,Medium,0,0.0,0.0,0.0
Russian Federation,RUS,Europe,74.5,94.5,4.0,Medium,0,0.0,0.0,0.0
Russian Federation,RUS,Europe,75.5,94.5,4.0,Medium,0,0.0,0.0,0.0
Russian Federation,RUS,Europe,79.5,94.5,4.0,Medium,0,0.0,0.0,0.0
Russian Federation,RUS,Europe,80.5,94.5,4.0,Medium,0,0.0,0.0,0.0
Myanmar,MMR,Asia,16.5,95.5,6.9,Very High,3,4.7,4.8,14.1467
Myanmar,MMR,Asia,17.5,95.5,6.9,Very High,4,4.75,5.1,16.25
Myanmar,MMR,Asia,18.5,95.5,6.9,Very High,8,4.65,5.2,34.91
Myanmar,MMR,Asia,19.5,95.5,6.9,Very High,50,4.838,6.6,26.0732
Myanmar,MMR,Asia,20.5,95.5,6.9,Very High,4,4.6,4.8,36.0225
Myanmar,MMR,Asia,21.5,95.5,6.9,Very High,3,4.6333,4.8,22.3273
Myanmar,MMR,Asia,22.5,95.5,6.9,Very High,21,4.9857,5.8,12.7671
Myanmar,MMR,Asia,23.5,95.5,6.9,Very High,8,5.1,6.8,38.4512
Myanmar,MMR,Asia,24.5,95.5,6.9,Very High,23,4.7087,5.7,113.1796
Myanmar,MMR,Asia,25.5,95.5,6.9,Very High,29,4.6793,5.8,95.9498
Myanmar,MMR,Asia,26.5,95.5,6.9,Very High,11,4.7364,5.2,79.754
India,IND,Asia,27.5,95.5,5.3,High,0,0.0,0.0,0.0
India,IND,Asia,28.5,95.5,5.3,High,6,4.8667,5.2,23.8083
China,CHN,Asia,29.5,95.5,2.9,Low,13,4.7615,5.5,24.5023
China,CHN,Asia,30.5,95.5,2.9,Low,5,4.68,5.2,29.31
China,CHN,Asia,31.5,95.5,2.9,Low,6,4.8167,5.2,22.6867
China,CHN,Asia,32.5,95.5,2.9,Low,10,4.91,5.3,19.81
China,CHN,Asia,33.5,95.5,2.9,Low,7,4.6857,5.5,22.0714
China,CHN,Asia,34.5,95.5,2.9,Low,2,4.9,5.0,32.55
China,CHN,Asia,35.5,95.5,2.9,Low,3,4.9667,5.3,25.1667
China,CHN,Asia,36.5,95.5,2.9,Low,3,4.7333,5.0,10.0
China,CHN,Asia,37.5,95.5,2.9,Low,38,5.0026,6.3,10.3395
China,CHN,Asia,38.5,95.5,2.9,Low,1,5.3,5.3,10.0
China,CHN,Asia,39.5,95.5,2.9,Low,4,4.575,4.7,17.025
China,CHN,Asia,40.5,95.5,2.9,Low,0,0.0,0.0,0.0
China,CHN,Asia,41.5,95.5,2.9,Low,0,0.0,0.0,0.0
China,CHN,Asia,42.5,95.5,2.9,Low,0,0.0,0.0,0.0
China,CHN,Asia,43.5,95.5,2.9,Low,0,0.0,0.0,0.0
Mongolia,MNG,Asia,44.5,95.5,2.7,Low,1,5.0,5.0,10.0
Mongolia,MNG,Asia,45.5,95.5,2.7,Low,1,4.5,4.5,10.0
Mongolia,MNG,Asia,46.5,95.5,2.7,Low,0,0.0,0.0,0.0
Mongolia,MNG,Asia,47.5,95.5,2.7,Low,0,0.0,0.0,0.0
Mongolia,MNG,Asia,48.5,95.5,2.7,Low,0,0.0,0.0,0.0
Mongolia,MNG,Asia,49.5,95.5,2.7,Low,0,0.0,0.0,0.0
Russian Federation,RUS,Europe,50.5,95.5,4.0,Medium,0,0.0,0.0,0.0
Russian Federation,RUS,Europe,51.5,95.5,4.0,Medium,25,4.812,6.7,11.42
Russian Federation,RUS,Europe,52.5,95.5,4.0,Medium,1,4.9,4.9,10.0
Russian Federation,RUS,Europe,53.5,95.5,4.0,Medium,0,0.0,0.0,0.0
Russian Federation,RUS,Europe,54.5,95.5,4.0,Medium,1,4.8,4.8,19.3
Russian Federation,RUS,Europe,55.5,95.5,4.0,Medium,0,0.0,0.0,0.0
Russian Federation,RUS,Europe,56.5,95.5,4.0,Medium,0,0.0,0.0,0.0
Russian Federation,RUS,Europe,57.5,95.5,4.0,Medium,0,0.0,0.0,0.0
Russian Federation,RUS,Europe,58.5,95.5,4.0,Medium,0,0.0,0.0,0.0
Russian Federation,RUS,Europe,59.5,95.5,4.0,Medium,0,0.0,0.0,0.0
Russian Federation,RUS,Europe,60.5,95.5,4.0,Medium,0,0.0,0.0,0.0
Russian Federation,RUS,Europe,61.5,95.5,4.0,Medium,0,0.0,0.0,0.0
Russian Federation,RUS,Europe,62.5,95.5,4.0,Medium,0,0.0,0.0,0.0
Russian Federation,RUS,Europe,63.5,95.5,4.0,Medium,0,0.0,0.0,0.0
Russian Federation,RUS,Europe,64.5,95.5,4.0,Medium,0,0.0,0.0,0.0
Russian Federation,RUS,Europe,65.5,95.5,4.0,Medium,0,0.0,0.0,0.0
Russian Federation,RUS,Europe,66.5,95.5,4.0,Medium,0,0.0,0.0,0.0
Russian Federation,RUS,Europe,67.5,95.5,4.0,Medium,0,0.0,0.0,0.0
Russian Federation,RUS,Europe,68.5,95.5,4.0,Medium,0,0.0,0.0,0.0
Russian Federation,RUS,Europe,69.5,95.5,4.0,Medium,0,0.0,0.0,0.0
Russian Federation,RUS,Europe,70.5,95.5,4.0,Medium,0,0.0,0.0,0.0
Russian Federation,RUS,Europe,71.5,95.5,4.0,Medium,0,0.0,0.0,0.0
Russian Federation,RUS,Europe,72.5,95.5,4.0,Medium,0,0.0,0.0,0.0
Russian Federation,RUS,Europe,73.5,95.5,4.0,Medium,0,0.0,0.0,0.0
Russian Federation,RUS,Europe,74.5,95.5,4.0,Medium,0,0.0,0.0,0.0
Russian Federation,RUS,Europe,75.5,95.5,4.0,Medium,0,0.0,0.0,0.0
Russian Federation,RUS,Europe,79.5,95.5,4.0,Medium,0,0.0,0.0,0.0
Russian Federation,RUS,Europe,80.5,95.5,4.0,Medium,0,0.0,0.0,0.0
Indonesia,IDN,Asia,4.5,96.5,4.5,Medium,109,4.7734,6.1,40.7827
Myanmar,MMR,Asia,16.5,96.5,6.9,Very High,0,0.0,0.0,0.0
Myanmar,MMR,Asia,17.5,96.5,6.9,Very High,4,4.7,4.8,17.2975
Myanmar,MMR,Asia,18.5,96.5,6.9,Very High,25,4.832,6.0,11.3112
Myanmar,MMR,Asia,19.5,96.5,6.9,Very High,4,4.7,5.0,14.13
Myanmar,MMR,Asia,20.5,96.5,6.9,Very High,2,4.65,4.7,10.0
Myanmar,MMR,Asia,21.5,96.5,6.9,Very High,0,0.0,0.0,0.0
Myanmar,MMR,Asia,22.5,96.5,6.9,Very High,3,4.5,4.5,10.0
Myanmar,MMR,Asia,23.5,96.5,6.9,Very High,6,4.75,5.2,13.8333
Myanmar,MMR,Asia,24.5,96.5,6.9,Very High,8,4.7,5.1,35.3088
Myanmar,MMR,Asia,25.5,96.5,6.9,Very High,21,4.7952,5.9,31.5067
Myanmar,MMR,Asia,26.5,96.5,6.9,Very High,28,4.65,5.1,62.1386
India,IND,Asia,27.5,96.5,5.3,High,10,4.73,5.4,24.227
China,CHN,Asia,28.5,96.5,2.9,Low,3,4.6667,4.7,33.0667
China,CHN,Asia,29.5,96.5,2.9,Low,1,4.7,4.7,35.0
China,CHN,Asia,30.5,96.5,2.9,Low,5,4.62,5.0,18.352
China,CHN,Asia,31.5,96.5,2.9,Low,2,4.6,4.7,20.8
China,CHN,Asia,32.5,96.5,2.9,Low,5,5.2,5.5,13.7
China,CHN,Asia,33.5,96.5,2.9,Low,16,5.1812,6.9,18.775
China,CHN,Asia,34.5,96.5,2.9,Low,2,4.85,5.0,14.125
China,CHN,Asia,35.5,96.5,2.9,Low,1,5.4,5.4,33.0
China,CHN,Asia,36.5,96.5,2.9,Low,4,4.75,5.1,19.55
China,CHN,Asia,37.5,96.5,2.9,Low,23,4.9304,6.4,12.8304
China,CHN,Asia,38.5,96.5,2.9,Low,0,0.0,0.0,0.0
China,CHN,Asia,39.5,96.5,2.9,Low,1,5.0,5.0,10.0
China,CHN,Asia,40.5,96.5,2.9,Low,0,0.0,0.0,0.0
China,CHN,Asia,41.5,96.5,2.9,Low,1,4.8,4.8,21.9
China,CHN,Asia,42.5,96.5,2.9,Low,1,4.5,4.5,11.84
Mongolia,MNG,Asia,43.5,96.5,2.7,Low,1,4.7,4.7,19.8
Mongolia,MNG,Asia,44.5,96.5,2.7,Low,0,0.0,0.0,0.0
Mongolia,MNG,Asia,45.5,96.5,2.7,Low,4,4.75,4.9,20.65
Mongolia,MNG,Asia,46.5,96.5,2.7,Low,1,4.7,4.7,25.0
Mongolia,MNG,Asia,47.5,96.5,2.7,Low,0,0.0,0.0,0.0
Mongolia,MNG,Asia,48.5,96.5,2.7,Low,0,0.0,0.0,0.0
Mongolia,MNG,Asia,49.5,96.5,2.7,Low,0,0.0,0.0,0.0
Russian Federation,RUS,Europe,50.5,96.5,4.0,Medium,1,5.3,5.3,10.0
Russian Federation,RUS,Europe,51.5,96.5,4.0,Medium,21,4.7,5.1,10.6619
Russian Federation,RUS,Europe,52.5,96.5,4.0,Medium,0,0.0,0.0,0.0
Russian Federation,RUS,Europe,53.5,96.5,4.0,Medium,0,0.0,0.0,0.0
Russian Federation,RUS,Europe,54.5,96.5,4.0,Medium,0,0.0,0.0,0.0
Russian Federation,RUS,Europe,55.5,96.5,4.0,Medium,0,0.0,0.0,0.0
Russian Federation,RUS,Europe,56.5,96.5,4.0,Medium,0,0.0,0.0,0.0
Russian Federation,RUS,Europe,57.5,96.5,4.0,Medium,0,0.0,0.0,0.0
Russian Federation,RUS,Europe,58.5,96.5,4.0,Medium,0,0.0,0.0,0.0
Russian Federation,RUS,Europe,59.5,96.5,4.0,Medium,0,0.0,0.0,0.0
Russian Federation,RUS,Europe,60.5,96.5,4.0,Medium,0,0.0,0.0,0.0
Russian Federation,RUS,Europe,61.5,96.5,4.0,Medium,0,0.0,0.0,0.0
Russian Federation,RUS,Europe,62.5,96.5,4.0,Medium,0,0.0,0.0,0.0
Russian Federation,RUS,Europe,63.5,96.5,4.0,Medium,0,0.0,0.0,0.0
Russian Federation,RUS,Europe,64.5,96.5,4.0,Medium,0,0.0,0.0,0.0
Russian Federation,RUS,Europe,65.5,96.5,4.0,Medium,0,0.0,0.0,0.0
Russian Federation,RUS,Europe,66.5,96.5,4.0,Medium,0,0.0,0.0,0.0
Russian Federation,RUS,Europe,67.5,96.5,4.0,Medium,0,0.0,0.0,0.0
Russian Federation,RUS,Europe,68.5,96.5,4.0,Medium,0,0.0,0.0,0.0
Russian Federation,RUS,Europe,69.5,96.5,4.0,Medium,0,0.0,0.0,0.0
Russian Federation,RUS,Europe,70.5,96.5,4.0,Medium,0,0.0,0.0,0.0
Russian Federation,RUS,Europe,71.5,96.5,4.0,Medium,0,0.0,0.0,0.0
Russian Federation,RUS,Europe,72.5,96.5,4.0,Medium,0,0.0,0.0,0.0
Russian Federation,RUS,Europe,73.5,96.5,4.0,Medium,0,0.0,0.0,0.0
Russian Federation,RUS,Europe,74.5,96.5,4.0,Medium,0,0.0,0.0,0.0
Russian Federation,RUS,Europe,75.5,96.5,4.0,Medium,0,0.0,0.0,0.0
Russian Federation,RUS,Europe,79.5,96.5,4.0,Medium,0,0.0,0.0,0.0
Russian Federation,RUS,Europe,80.5,96.5,4.0,Medium,0,0.0,0.0,0.0
Indonesia,IDN,Asia,3.5,97.5,4.5,Medium,29,4.7897,6.1,81.1762
Indonesia,IDN,Asia,4.5,97.5,4.5,Medium,19,4.8421,5.7,43.2474
Myanmar,MMR,Asia,16.5,97.5,6.9,Very High,0,0.0,0.0,0.0
Myanmar,MMR,Asia,17.5,97.5,6.9,Very High,0,0.0,0.0,0.0
Myanmar,MMR,Asia,18.5,97.5,6.9,Very High,1,4.6,4.6,10.0
Myanmar,MMR,Asia,19.5,97.5,6.9,Very High,0,0.0,0.0,0.0
Myanmar,MMR,Asia,20.5,97.5,6.9,Very High,4,5.05,5.8,19.65
Myanmar,MMR,Asia,21.5,97.5,6.9,Very High,1,4.5,4.5,11.66
Myanmar,MMR,Asia,22.5,97.5,6.9,Very High,0,0.0,0.0,0.0
Myanmar,MMR,Asia,23.5,97.5,6.9,Very High,1,4.8,4.8,35.0
Myanmar,MMR,Asia,24.5,97.5,6.9,Very High,13,5.0846,5.9,19.2615
Myanmar,MMR,Asia,25.5,97.5,6.9,Very High,3,5.4,6.0,30.2667
Myanmar,MMR,Asia,26.5,97.5,6.9,Very High,7,5.0714,6.3,24.0886
Myanmar,MMR,Asia,27.5,97.5,6.9,Very High,3,4.7667,5.0,18.3333
China,CHN,Asia,28.5,97.5,2.9,Low,0,0.0,0.0,0.0
China,CHN,Asia,29.5,97.5,2.9,Low,2,4.7,4.9,29.85
China,CHN,Asia,30.5,97.5,2.9,Low,8,4.8875,5.7,22.0412
China,CHN,Asia,31.5,97.5,2.9,Low,1,5.5,5.5,12.1
China,CHN,Asia,32.5,97.5,2.9,Low,1,4.5,4.5,10.0
China,CHN,Asia,33.5,97.5,2.9,Low,2,4.8,4.9,15.4
China,CHN,Asia,34.5,97.5,2.9,Low,9,4.8111,5.4,10.4989
China,CHN,Asia,35.5,97.5,2.9,Low,0,0.0,0.0,0.0
China,CHN,Asia,36.5,97.5,2.9,Low,2,4.95,5.1,13.3
China,CHN,Asia,37.5,97.5,2.9,Low,2,4.7,4.9,13.205
China,CHN,Asia,38.5,97.5,2.9,Low,10,5.07,5.7,10.463
China,CHN,Asia,39.5,97.5,2.9,Low,12,4.9,5.6,17.9758
China,CHN,Asia,40.5,97.5,2.9,Low,0,0.0,0.0,0.0
China,CHN,Asia,41.5,97.5,2.9,Low,0,0.0,0.0,0.0
China,CHN,Asia,42.5,97.5,2.9,Low,0,0.0,0.0,0.0
Mongolia,MNG,Asia,43.5,97.5,2.7,Low,0,0.0,0.0,0.0
Mongolia,MNG,Asia,44.5,97.5,2.7,Low,1,4.5,4.5,10.0
Mongolia,MNG,Asia,45.5,97.5,2.7,Low,4,4.975,5.8,10.7
Mongolia,MNG,Asia,46.5,97.5,2.7,Low,1,4.7,4.7,10.0
Mongolia,MNG,Asia,47.5,97.5,2.7,Low,1,4.6,4.6,33.0
Mongolia,MNG,Asia,48.5,97.5,2.7,Low,0,0.0,0.0,0.0
Mongolia,MNG,Asia,49.5,97.5,2.7,Low,1,4.6,4.6,28.9
Russian Federation,RUS,Europe,50.5,97.5,4.0,Medium,0,0.0,0.0,0.0
Russian Federation,RUS,Europe,51.5,97.5,4.0,Medium,0,0.0,0.0,0.0
Russian Federation,RUS,Europe,52.5,97.5,4.0,Medium,2,5.0,5.1,10.0
Russian Federation,RUS,Europe,53.5,97.5,4.0,Medium,0,0.0,0.0,0.0
Russian Federation,RUS,Europe,54.5,97.5,4.0,Medium,0,0.0,0.0,0.0
Russian Federation,RUS,Europe,55.5,97.5,4.0,Medium,0,0.0,0.0,0.0
Russian Federation,RUS,Europe,56.5,97.5,4.0,Medium,0,0.0,0.0,0.0
Russian Federation,RUS,Europe,57.5,97.5,4.0,Medium,0,0.0,0.0,0.0
Russian Federation,RUS,Europe,58.5,97.5,4.0,Medium,0,0.0,0.0,0.0
Russian Federation,RUS,Europe,59.5,97.5,4.0,Medium,0,0.0,0.0,0.0
Russian Federation,RUS,Europe,60.5,97.5,4.0,Medium,0,0.0,0.0,0.0
Russian Federation,RUS,Europe,61.5,97.5,4.0,Medium,0,0.0,0.0,0.0
Russian Federation,RUS,Europe,62.5,97.5,4.0,Medium,0,0.0,0.0,0.0
Russian Federation,RUS,Europe,63.5,97.5,4.0,Medium,0,0.0,0.0,0.0
Russian Federation,RUS,Europe,64.5,97.5,4.0,Medium,0,0.0,0.0,0.0
Russian Federation,RUS,Europe,65.5,97.5,4.0,Medium,0,0.0,0.0,0.0
Russian Federation,RUS,Europe,66.5,97.5,4.0,Medium,0,0.0,0.0,0.0
Russian Federation,RUS,Europe,67.5,97.5,4.0,Medium,0,0.0,0.0,0.0
Russian Federation,RUS,Europe,68.5,97.5,4.0,Medium,0,0.0,0.0,0.0
Russian Federation,RUS,Europe,69.5,97.5,4.0,Medium,0,0.0,0.0,0.0
Russian Federation,RUS,Europe,70.5,97.5,4.0,Medium,0,0.0,0.0,0.0
Russian Federation,RUS,Europe,71.5,97.5,4.0,Medium,0,0.0,0.0,0.0
Russian Federation,RUS,Europe,72.5,97.5,4.0,Medium,0,0.0,0.0,0.0
Russian Federation,RUS,Europe,73.5,97.5,4.0,Medium,0,0.0,0.0,0.0
Russian Federation,RUS,Europe,74.5,97.5,4.0,Medium,0,0.0,0.0,0.0
Russian Federation,RUS,Europe,75.5,97.5,4.0,Medium,0,0.0,0.0,0.0
Russian Federation,RUS,Europe,79.5,97.5,4.0,Medium,0,0.0,0.0,0.0
Russian Federation,RUS,Europe,80.5,97.5,4.0,Medium,0,0.0,0.0,0.0
Indonesia,IDN,Asia,2.5,98.5,4.5,Medium,29,4.8586,5.9,75.6091
Indonesia,IDN,Asia,3.5,98.5,4.5,Medium,11,4.7727,5.6,40.5609
Thailand,THA,Asia,8.5,98.5,4.2,Medium,0,0.0,0.0,0.0
Thailand,THA,Asia,9.5,98.5,4.2,Medium,0,0.0,0.0,0.0
Myanmar,MMR,Asia,10.5,98.5,6.9,Very High,0,0.0,0.0,0.0
Myanmar,MMR,Asia,12.5,98.5,6.9,Very High,0,0.0,0.0,0.0
Myanmar,MMR,Asia,13.5,98.5,6.9,Very High,0,0.0,0.0,0.0
Myanmar,MMR,Asia,14.5,98.5,6.9,Very High,0,0.0,0.0,0.0
Myanmar,MMR,Asia,15.5,98.5,6.9,Very High,0,0.0,0.0,0.0
Myanmar,MMR,Asia,16.5,98.5,6.9,Very High,0,0.0,0.0,0.0
Thailand,THA,Asia,17.5,98.5,4.2,Medium,0,0.0,0.0,0.0
Thailand,THA,Asia,18.5,98.5,4.2,Medium,1,4.6,4.6,9.6
Thailand,THA,Asia,19.5,98.5,4.2,Medium,0,0.0,0.0,0.0
Myanmar,MMR,Asia,20.5,98.5,6.9,Very High,2,4.65,4.7,21.5
Myanmar,MMR,Asia,21.5,98.5,6.9,Very High,3,4.6333,4.8,35.7633
Myanmar,MMR,Asia,22.5,98.5,6.9,Very High,1,4.8,4.8,10.0
Myanmar,MMR,Asia,23.5,98.5,6.9,Very High,3,4.8,5.2,13.3267
China,CHN,Asia,24.5,98.5,2.9,Low,9,4.6778,5.1,25.4333
China,CHN,Asia,25.5,98.5,2.9,Low,6,4.7333,5.0,48.775
Myanmar,MMR,Asia,26.5,98.5,6.9,Very High,0,0.0,0.0,0.0
Myanmar,MMR,Asia,27.5,98.5,6.9,Very High,0,0.0,0.0,0.0
China,CHN,Asia,28.5,98.5,2.9,Low,0,0.0,0.0,0.0
China,CHN,Asia,29.5,98.5,2.9,Low,4,4.775,5.1,26.5
China,CHN,Asia,30.5,98.5,2.9,Low,8,4.6875,4.9,23.71
China,CHN,Asia,31.5,98.5,2.9,Low,1,4.7,4.7,40.6
China,CHN,Asia,32.5,98.5,2.9,Low,0,0.0,0.0,0.0
China,CHN,Asia,33.5,98.5,2.9,Low,4,4.8,5.4,14.905
China,CHN,Asia,34.5,98.5,2.9,Low,22,4.9455,7.3,11.6186
China,CHN,Asia,35.5,98.5,2.9,Low,0,0.0,0.0,0.0
China,CHN,Asia,36.5,98.5,2.9,Low,2,4.65,4.8,42.95
China,CHN,Asia,37.5,98.5,2.9,Low,0,0.0,0.0,0.0
China,CHN,Asia,38.5,98.5,2.9,Low,1,5.0,5.0,10.0
China,CHN,Asia,39.5,98.5,2.9,Low,3,4.9333,5.1,10.7
China,CHN,Asia,40.5,98.5,2.9,Low,2,5.0,5.2,12.315
China,CHN,Asia,41.5,98.5,2.9,Low,0,0.0,0.0,0.0
China,CHN,Asia,42.5,98.5,2.9,Low,0,0.0,0.0,0.0
Mongolia,MNG,Asia,43.5,98.5,2.7,Low,0,0.0,0.0,0.0
Mongolia,MNG,Asia,44.5,98.5,2.7,Low,0,0.0,0.0,0.0
Mongolia,MNG,Asia,45.5,98.5,2.7,Low,3,5.0,5.3,16.7333
Mongolia,MNG,Asia,46.5,98.5,2.7,Low,1,4.6,4.6,10.0
Mongolia,MNG,Asia,47.5,98.5,2.7,Low,0,0.0,0.0,0.0
Mongolia,MNG,Asia,48.5,98.5,2.7,Low,0,0.0,0.0,0.0
Mongolia,MNG,Asia,49.5,98.5,2.7,Low,0,0.0,0.0,0.0
Mongolia,MNG,Asia,50.5,98.5,2.7,Low,2,4.65,4.8,10.0
Mongolia,MNG,Asia,51.5,98.5,2.7,Low,7,4.8286,5.3,10.0
Russian Federation,RUS,Europe,52.5,98.5,4.0,Medium,2,5.35,5.7,11.05
Russian Federation,RUS,Europe,53.5,98.5,4.0,Medium,1,4.6,4.6,10.078
Russian Federation,RUS,Europe,54.5,98.5,4.0,Medium,0,0.0,0.0,0.0
Russian Federation,RUS,Europe,55.5,98.5,4.0,Medium,0,0.0,0.0,0.0
Russian Federation,RUS,Europe,56.5,98.5,4.0,Medium,0,0.0,0.0,0.0
Russian Federation,RUS,Europe,57.5,98.5,4.0,Medium,0,0.0,0.0,0.0
Russian Federation,RUS,Europe,58.5,98.5,4.0,Medium,0,0.0,0.0,0.0
Russian Federation,RUS,Europe,59.5,98.5,4.0,Medium,0,0.0,0.0,0.0
Russian Federation,RUS,Europe,60.5,98.5,4.0,Medium,0,0.0,0.0,0.0
Russian Federation,RUS,Europe,61.5,98.5,4.0,Medium,0,0.0,0.0,0.0
Russian Federation,RUS,Europe,62.5,98.5,4.0,Medium,0,0.0,0.0,0.0
Russian Federation,RUS,Europe,63.5,98.5,4.0,Medium,0,0.0,0.0,0.0
Russian Federation,RUS,Europe,64.5,98.5,4.0,Medium,0,0.0,0.0,0.0
Russian Federation,RUS,Europe,65.5,98.5,4.0,Medium,0,0.0,0.0,0.0
Russian Federation,RUS,Europe,66.5,98.5,4.0,Medium,0,0.0,0.0,0.0
Russian Federation,RUS,Europe,67.5,98.5,4.0,Medium,0,0.0,0.0,0.0
Russian Federation,RUS,Europe,68.5,98.5,4.0,Medium,0,0.0,0.0,0.0
Russian Federation,RUS,Europe,69.5,98.5,4.0,Medium,0,0.0,0.0,0.0
Russian Federation,RUS,Europe,70.5,98.5,4.0,Medium,0,0.0,0.0,0.0
Russian Federation,RUS,Europe,71.5,98.5,4.0,Medium,0,0.0,0.0,0.0
Russian Federation,RUS,Europe,72.5,98.5,4.0,Medium,0,0.0,0.0,0.0
Russian Federation,RUS,Europe,73.5,98.5,4.0,Medium,0,0.0,0.0,0.0
Russian Federation,RUS,Europe,74.5,98.5,4.0,Medium,0,0.0,0.0,0.0
Russian Federation,RUS,Europe,75.5,98.5,4.0,Medium,0,0.0,0.0,0.0
Russian Federation,RUS,Europe,79.5,98.5,4.0,Medium,0,0.0,0.0,0.0
Indonesia,IDN,Asia,0.5,99.5,4.5,Medium,29,4.7414,5.8,66.78
Indonesia,IDN,Asia,1.5,99.5,4.5,Medium,70,4.79,6.0,96.3193
Indonesia,IDN,Asia,2.5,99.5,4.5,Medium,22,4.8182,5.6,146.9045
Thailand,THA,Asia,7.5,99.5,4.2,Medium,0,0.0,0.0,0.0
Thailand,THA,Asia,8.5,99.5,4.2,Medium,0,0.0,0.0,0.0
Thailand,THA,Asia,11.5,99.5,4.2,Medium,2,4.5,4.5,16.15
Thailand,THA,Asia,12.5,99.5,4.2,Medium,0,0.0,0.0,0.0
Thailand,THA,Asia,13.5,99.5,4.2,Medium,0,0.0,0.0,0.0
Thailand,THA,Asia,14.5,99.5,4.2,Medium,0,0.0,0.0,0.0
Thailand,THA,Asia,15.5,99.5,4.2,Medium,0,0.0,0.0,0.0
Thailand,THA,Asia,16.5,99.5,4.2,Medium,0,0.0,0.0,0.0
Thailand,THA,Asia,17.5,99.5,4.2,Medium,0,0.0,0.0,0.0
Thailand,THA,Asia,18.5,99.5,4.2,Medium,0,0.0,0.0,0.0
Thailand,THA,Asia,19.5,99.5,4.2,Medium,8,4.8625,6.1,10.805
Myanmar,MMR,Asia,20.5,99.5,6.9,Very High,6,5.3167,6.9,14.1167
Myanmar,MMR,Asia,21.5,99.5,6.9,Very High,15,4.9267,5.9,12.5753
China,CHN,Asia,22.5,99.5,2.9,Low,2,4.5,4.5,21.5
China,CHN,Asia,23.5,99.5,2.9,Low,2,4.55,4.6,10.0
China,CHN,Asia,24.5,99.5,2.9,Low,8,4.825,5.6,21.35
China,CHN,Asia,25.5,99.5,2.9,Low,20,4.825,5.3,19.676
China,CHN,Asia,26.5,99.5,2.9,Low,6,4.7167,5.0,24.2233
China,CHN,Asia,27.5,99.5,2.9,Low,0,0.0,0.0,0.0
China,CHN,Asia,28.5,99.5,2.9,Low,9,4.8667,5.6,9.8022
China,CHN,Asia,29.5,99.5,2.9,Low,2,4.6,4.6,22.5
China,CHN,Asia,30.5,99.5,2.9,Low,10,4.87,5.3,20.813
China,CHN,Asia,31.5,99.5,2.9,Low,4,4.825,5.4,28.335
China,CHN,Asia,32.5,99.5,2.9,Low,0,0.0,0.0,0.0
China,CHN,Asia,33.5,99.5,2.9,Low,1,4.5,4.5,16.74
China,CHN,Asia,34.5,99.5,2.9,Low,7,4.9571,5.5,14.1143
China,CHN,Asia,35.5,99.5,2.9,Low,15,4.84,6.1,18.0067
China,CHN,Asia,36.5,99.5,2.9,Low,0,0.0,0.0,0.0
China,CHN,Asia,37.5,99.5,2.9,Low,0,0.0,0.0,0.0
China,CHN,Asia,38.5,99.5,2.9,Low,2,4.7,4.9,10.0
China,CHN,Asia,39.5,99.5,2.9,Low,1,4.8,4.8,10.0
China,CHN,Asia,40.5,99.5,2.9,Low,0,0.0,0.0,0.0
China,CHN,Asia,41.5,99.5,2.9,Low,0,0.0,0.0,0.0
China,CHN,Asia,42.5,99.5,2.9,Low,0,0.0,0.0,0.0
Mongolia,MNG,Asia,43.5,99.5,2.7,Low,1,4.8,4.8,10.0
Mongolia,MNG,Asia,44.5,99.5,2.7,Low,0,0.0,0.0,0.0
Mongolia,MNG,Asia,45.5,99.5,2.7,Low,4,4.725,4.9,14.7
Mongolia,MNG,Asia,46.5,99.5,2.7,Low,0,0.0,0.0,0.0
Mongolia,MNG,Asia,47.5,99.5,2.7,Low,0,0.0,0.0,0.0
Mongolia,MNG,Asia,48.5,99.5,2.7,Low,0,0.0,0.0,0.0
Mongolia,MNG,Asia,49.5,99.5,2.7,Low,0,0.0,0.0,0.0
Mongolia,MNG,Asia,50.5,99.5,2.7,Low,0,0.0,0.0,0.0
Mongolia,MNG,Asia,51.5,99.5,2.7,Low,2,4.5,4.5,21.535
Russian Federation,RUS,Europe,52.5,99.5,4.0,Medium,0,0.0,0.0,0.0
Russian Federation,RUS,Europe,53.5,99.5,4.0,Medium,1,5.3,5.3,10.0
Russian Federation,RUS,Europe,54.5,99.5,4.0,Medium,0,0.0,0.0,0.0
Russian Federation,RUS,Europe,55.5,99.5,4.0,Medium,0,0.0,0.0,0.0
Russian Federation,RUS,Europe,56.5,99.5,4.0,Medium,0,0.0,0.0,0.0
Russian Federation,RUS,Europe,57.5,99.5,4.0,Medium,0,0.0,0.0,0.0
Russian Federation,RUS,Europe,58.5,99.5,4.0,Medium,0,0.0,0.0,0.0
Russian Federation,RUS,Europe,59.5,99.5,4.0,Medium,0,0.0,0.0,0.0
Russian Federation,RUS,Europe,60.5,99.5,4.0,Medium,0,0.0,0.0,0.0
Russian Federation,RUS,Europe,61.5,99.5,4.0,Medium,0,0.0,0.0,0.0
Russian Federation,RUS,Europe,62.5,99.5,4.0,Medium,0,0.0,0.0,0.0
Russian Federation,RUS,Europe,63.5,99.5,4.0,Medium,0,0.0,0.0,0.0
Russian Federation,RUS,Europe,64.5,99.5,4.0,Medium,0,0.0,0.0,0.0
Russian Federation,RUS,Europe,65.5,99.5,4.0,Medium,0,0.0,0.0,0.0
Russian Federation,RUS,Europe,66.5,99.5,4.0,Medium,0,0.0,0.0,0.0
Russian Federation,RUS,Europe,67.5,99.5,4.0,Medium,0,0.0,0.0,0.0
Russian Federation,RUS,Europe,68.5,99.5,4.0,Medium,0,0.0,0.0,0.0
Russian Federation,RUS,Europe,69.5,99.5,4.0,Medium,0,0.0,0.0,0.0
Russian Federation,RUS,Europe,70.5,99.5,4.0,Medium,0,0.0,0.0,0.0
Russian Federation,RUS,Europe,71.5,99.5,4.0,Medium,0,0.0,0.0,0.0
Russian Federation,RUS,Europe,72.5,99.5,4.0,Medium,0,0.0,0.0,0.0
Russian Federation,RUS,Europe,73.5,99.5,4.0,Medium,0,0.0,0.0,0.0
Russian Federation,RUS,Europe,74.5,99.5,4.0,Medium,0,0.0,0.0,0.0
Russian Federation,RUS,Europe,75.5,99.5,4.0,Medium,0,0.0,0.0,0.0
Russian Federation,RUS,Europe,79.5,99.5,4.0,Medium,0,0.0,0.0,0.0
Indonesia,IDN,Asia,-0.5,100.5,4.5,Medium,27,4.963,6.4,62.6341
Indonesia,IDN,Asia,0.5,100.5,4.5,Medium,22,4.7818,6.1,89.4494
Indonesia,IDN,Asia,1.5,100.5,4.5,Medium,4,4.9,5.7,207.25
Malaysia,MYS,Asia,5.5,100.5,3.2,Low,0,0.0,0.0,0.0
Malaysia,MYS,Asia,6.5,100.5,3.2,Low,0,0.0,0.0,0.0
Thailand,THA,Asia,13.5,100.5,4.2,Medium,0,0.0,0.0,0.0
Thailand,THA,Asia,14.5,100.5,4.2,Medium,0,0.0,0.0,0.0
Thailand,THA,Asia,15.5,100.5,4.2,Medium,0,0.0,0.0,0.0
Thailand,THA,Asia,16.5,100.5,4.2,Medium,0,0.0,0.0,0.0
Thailand,THA,Asia,17.5,100.5,4.2,Medium,0,0.0,0.0,0.0
Thailand,THA,Asia,18.5,100.5,4.2,Medium,0,0.0,0.0,0.0
Thailand,THA,Asia,19.5,100.5,4.2,Medium,1,4.5,4.5,33.0
Lao PDR,LAO,Asia,20.5,100.5,3.6,Medium,7,4.9286,6.3,15.3529
Myanmar,MMR,Asia,21.5,100.5,6.9,Very High,1,4.9,4.9,10.3
China,CHN,Asia,22.5,100.5,2.9,Low,2,4.7,4.8,11.0
China,CHN,Asia,23.5,100.5,2.9,Low,8,5.0125,6.1,14.8438
China,CHN,Asia,24.5,100.5,2.9,Low,1,4.7,4.7,10.0
China,CHN,Asia,25.5,100.5,2.9,Low,10,4.93,6.1,18.458
China,CHN,Asia,26.5,100.5,2.9,Low,6,4.75,5.6,23.755
China,CHN,Asia,27.5,100.5,2.9,Low,13,4.7308,5.5,17.8215
China,CHN,Asia,28.5,100.5,2.9,Low,1,4.6,4.6,10.0
China,CHN,Asia,29.5,100.5,2.9,Low,3,4.7333,4.9,23.6333
China,CHN,Asia,30.5,100.5,2.9,Low,0,0.0,0.0,0.0
China,CHN,Asia,31.5,100.5,2.9,Low,2,5.05,5.4,37.85
China,CHN,Asia,32.5,100.5,2.9,Low,0,0.0,0.0,0.0
China,CHN,Asia,33.5,100.5,2.9,Low,1,4.6,4.6,10.0
China,CHN,Asia,34.5,100.5,2.9,Low,4,4.625,4.8,19.1
China,CHN,Asia,35.5,100.5,2.9,Low,0,0.0,0.0,0.0
China,CHN,Asia,36.5,100.5,2.9,Low,1,4.5,4.5,16.8
China,CHN,Asia,37.5,100.5,2.9,Low,1,5.1,5.1,12.94
China,CHN,Asia,38.5,100.5,2.9,Low,7,5.1143,5.8,15.6314
China,CHN,Asia,39.5,100.5,2.9,Low,7,4.7143,4.9,17.1657
China,CHN,Asia,40.5,100.5,2.9,Low,0,0.0,0.0,0.0
China,CHN,Asia,41.5,100.5,2.9,Low,1,4.8,4.8,16.99
China,CHN,Asia,42.5,100.5,2.9,Low,0,0.0,0.0,0.0
Mongolia,MNG,Asia,43.5,100.5,2.7,Low,1,4.8,4.8,10.0
Mongolia,MNG,Asia,44.5,100.5,2.7,Low,3,4.6333,4.9,14.19
Mongolia,MNG,Asia,45.5,100.5,2.7,Low,1,4.5,4.5,10.0
Mongolia,MNG,Asia,46.5,100.5,2.7,Low,0,0.0,0.0,0.0
Mongolia,MNG,Asia,47.5,100.5,2.7,Low,0,0.0,0.0,0.0
Mongolia,MNG,Asia,48.5,100.5,2.7,Low,0,0.0,0.0,0.0
Mongolia,MNG,Asia,49.5,100.5,2.7,Low,0,0.0,0.0,0.0
Mongolia,MNG,Asia,50.5,100.5,2.7,Low,1,4.5,4.5,10.0
Mongolia,MNG,Asia,51.5,100.5,2.7,Low,28,4.8536,6.7,11.835
Russian Federation,RUS,Europe,52.5,100.5,4.0,Medium,0,0.0,0.0,0.0
Russian Federation,RUS,Europe,53.5,100.5,4.0,Medium,0,0.0,0.0,0.0
Russian Federation,RUS,Europe,54.5,100.5,4.0,Medium,0,0.0,0.0,0.0
Russian Federation,RUS,Europe,55.5,100.5,4.0,Medium,0,0.0,0.0,0.0
Russian Federation,RUS,Europe,56.5,100.5,4.0,Medium,0,0.0,0.0,0.0
Russian Federation,RUS,Europe,57.5,100.5,4.0,Medium,0,0.0,0.0,0.0
Russian Federation,RUS,Europe,58.5,100.5,4.0,Medium,0,0.0,0.0,0.0
Russian Federation,RUS,Europe,59.5,100.5,4.0,Medium,0,0.0,0.0,0.0
Russian Federation,RUS,Europe,60.5,100.5,4.0,Medium,0,0.0,0.0,0.0
Russian Federation,RUS,Europe,61.5,100.5,4.0,Medium,0,0.0,0.0,0.0
Russian Federation,RUS,Europe,62.5,100.5,4.0,Medium,0,0.0,0.0,0.0
Russian Federation,RUS,Europe,63.5,100.5,4.0,Medium,0,0.0,0.0,0.0
Russian Federation,RUS,Europe,64.5,100.5,4.0,Medium,0,0.0,0.0,0.0
Russian Federation,RUS,Europe,65.5,100.5,4.0,Medium,0,0.0,0.0,0.0
Russian Federation,RUS,Europe,66.5,100.5,4.0,Medium,0,0.0,0.0,0.0
Russian Federation,RUS,Europe,67.5,100.5,4.0,Medium,0,0.0,0.0,0.0
Russian Federation,RUS,Europe,68.5,100.5,4.0,Medium,0,0.0,0.0,0.0
Russian Federation,RUS,Europe,69.5,100.5,4.0,Medium,0,0.0,0.0,0.0
Russian Federation,RUS,Europe,70.5,100.5,4.0,Medium,0,0.0,0.0,0.0
Russian Federation,RUS,Europe,71.5,100.5,4.0,Medium,0,0.0,0.0,0.0
Russian Federation,RUS,Europe,72.5,100.5,4.0,Medium,0,0.0,0.0,0.0
Russian Federation,RUS,Europe,73.5,100.5,4.0,Medium,0,0.0,0.0,0.0
Russian Federation,RUS,Europe,74.5,100.5,4.0,Medium,0,0.0,0.0,0.0
Russian Federation,RUS,Europe,75.5,100.5,4.0,Medium,0,0.0,0.0,0.0
Russian Federation,RUS,Europe,78.5,100.5,4.0,Medium,0,0.0,0.0,0.0
Indonesia,IDN,Asia,-2.5,101.5,4.5,Medium,70,4.95,6.6,47.705
Indonesia,IDN,Asia,-1.5,101.5,4.5,Medium,8,4.775,5.4,53.2212
Indonesia,IDN,Asia,-0.5,101.5,4.5,Medium,4,4.65,5.0,131.3968
Indonesia,IDN,Asia,0.5,101.5,4.5,Medium,2,4.55,4.6,35.75
Indonesia,IDN,Asia,1.5,101.5,4.5,Medium,1,4.8,4.8,273.8
Malaysia,MYS,Asia,3.5,101.5,3.2,Low,0,0.0,0.0,0.0
Malaysia,MYS,Asia,4.5,101.5,3.2,Low,0,0.0,0.0,0.0
Malaysia,MYS,Asia,5.5,101.5,3.2,Low,0,0.0,0.0,0.0
Thailand,THA,Asia,6.5,101.5,4.2,Medium,0,0.0,0.0,0.0
Thailand,THA,Asia,13.5,101.5,4.2,Medium,0,0.0,0.0,0.0
Thailand,THA,Asia,14.5,101.5,4.2,Medium,0,0.0,0.0,0.0
Thailand,THA,Asia,15.5,101.5,4.2,Medium,0,0.0,0.0,0.0
Thailand,THA,Asia,16.5,101.5,4.2,Medium,0,0.0,0.0,0.0
Thailand,THA,Asia,17.5,101.5,4.2,Medium,1,4.5,4.5,10.0
Lao PDR,LAO,Asia,18.5,101.5,3.6,Medium,1,4.6,4.6,10.0
Lao PDR,LAO,Asia,19.5,101.5,3.6,Medium,9,5.0778,6.2,13.3089
Lao PDR,LAO,Asia,20.5,101.5,3.6,Medium,1,4.6,4.6,37.0
China,CHN,Asia,21.5,101.5,2.9,Low,2,4.55,4.6,12.895
China,CHN,Asia,22.5,101.5,2.9,Low,8,4.7125,5.7,10.08
China,CHN,Asia,23.5,101.5,2.9,Low,8,4.9375,6.1,11.975
China,CHN,Asia,24.5,101.5,2.9,Low,4,4.8,5.2,36.275
China,CHN,Asia,25.5,101.5,2.9,Low,16,5.0688,6.0,20.3188
China,CHN,Asia,26.5,101.5,2.9,Low,4,5.275,6.0,18.91
China,CHN,Asia,27.5,101.5,2.9,Low,6,4.8,5.5,29.4567
China,CHN,Asia,28.5,101.5,2.9,Low,3,4.6333,4.7,20.21
China,CHN,Asia,29.5,101.5,2.9,Low,14,4.8286,5.6,23.8286
China,CHN,Asia,30.5,101.5,2.9,Low,6,5.1833,5.9,15.8667
China,CHN,Asia,31.5,101.5,2.9,Low,0,0.0,0.0,0.0
China,CHN,Asia,32.5,101.5,2.9,Low,9,4.9333,5.9,12.46
China,CHN,Asia,33.5,101.5,2.9,Low,1,4.6,4.6,10.0
China,CHN,Asia,34.5,101.5,2.9,Low,0,0.0,0.0,0.0
China,CHN,Asia,35.5,101.5,2.9,Low,3,4.8667,5.0,9.54
China,CHN,Asia,36.5,101.5,2.9,Low,0,0.0,0.0,0.0
China,CHN,Asia,37.5,101.5,2.9,Low,22,4.9818,6.6,11.671
China,CHN,Asia,38.5,101.5,2.9,Low,7,4.8286,5.2,15.1814
China,CHN,Asia,39.5,101.5,2.9,Low,0,0.0,0.0,0.0
China,CHN,Asia,40.5,101.5,2.9,Low,0,0.0,0.0,0.0
China,CHN,Asia,41.5,101.5,2.9,Low,0,0.0,0.0,0.0
China,CHN,Asia,42.5,101.5,2.9,Low,0,0.0,0.0,0.0
Mongolia,MNG,Asia,43.5,101.5,2.7,Low,1,4.9,4.9,10.0
Mongolia,MNG,Asia,44.5,101.5,2.7,Low,4,4.6,4.8,16.5725
Mongolia,MNG,Asia,45.5,101.5,2.7,Low,1,4.9,4.9,10.0
Mongolia,MNG,Asia,46.5,101.5,2.7,Low,0,0.0,0.0,0.0
Mongolia,MNG,Asia,47.5,101.5,2.7,Low,0,0.0,0.0,0.0
Mongolia,MNG,Asia,48.5,101.5,2.7,Low,0,0.0,0.0,0.0
Mongolia,MNG,Asia,49.5,101.5,2.7,Low,0,0.0,0.0,0.0
Mongolia,MNG,Asia,50.5,101.5,2.7,Low,0,0.0,0.0,0.0
Russian Federation,RUS,Europe,51.5,101.5,4.0,Medium,2,4.65,4.7,10.0
Russian Federation,RUS,Europe,52.5,101.5,4.0,Medium,2,4.7,4.8,12.5
Russian Federation,RUS,Europe,53.5,101.5,4.0,Medium,0,0.0,0.0,0.0
Russian Federation,RUS,Europe,54.5,101.5,4.0,Medium,0,0.0,0.0,0.0
Russian Federation,RUS,Europe,55.5,101.5,4.0,Medium,0,0.0,0.0,0.0
Russian Federation,RUS,Europe,56.5,101.5,4.0,Medium,0,0.0,0.0,0.0
Russian Federation,RUS,Europe,57.5,101.5,4.0,Medium,0,0.0,0.0,0.0
Russian Federation,RUS,Europe,58.5,101.5,4.0,Medium,1,4.6,4.6,14.42
Russian Federation,RUS,Europe,59.5,101.5,4.0,Medium,0,0.0,0.0,0.0
Russian Federation,RUS,Europe,60.5,101.5,4.0,Medium,0,0.0,0.0,0.0
Russian Federation,RUS,Europe,61.5,101.5,4.0,Medium,0,0.0,0.0,0.0
Russian Federation,RUS,Europe,62.5,101.5,4.0,Medium,0,0.0,0.0,0.0
Russian Federation,RUS,Europe,63.5,101.5,4.0,Medium,0,0.0,0.0,0.0
Russian Federation,RUS,Europe,64.5,101.5,4.0,Medium,0,0.0,0.0,0.0
Russian Federation,RUS,Europe,65.5,101.5,4.0,Medium,0,0.0,0.0,0.0
Russian Federation,RUS,Europe,66.5,101.5,4.0,Medium,0,0.0,0.0,0.0
Russian Federation,RUS,Europe,67.5,101.5,4.0,Medium,0,0.0,0.0,0.0
Russian Federation,RUS,Europe,68.5,101.5,4.0,Medium,0,0.0,0.0,0.0
Russian Federation,RUS,Europe,69.5,101.5,4.0,Medium,0,0.0,0.0,0.0
Russian Federation,RUS,Europe,70.5,101.5,4.0,Medium,0,0.0,0.0,0.0
Russian Federation,RUS,Europe,71.5,101.5,4.0,Medium,0,0.0,0.0,0.0
Russian Federation,RUS,Europe,72.5,101.5,4.0,Medium,0,0.0,0.0,0.0
Russian Federation,RUS,Europe,73.5,101.5,4.0,Medium,0,0.0,0.0,0.0
Russian Federation,RUS,Europe,74.5,101.5,4.0,Medium,0,0.0,0.0,0.0
Russian Federation,RUS,Europe,75.5,101.5,4.0,Medium,0,0.0,0.0,0.0
Russian Federation,RUS,Europe,76.5,101.5,4.0,Medium,0,0.0,0.0,0.0
Russian Federation,RUS,Europe,78.5,101.5,4.0,Medium,0,0.0,0.0,0.0
Indonesia,IDN,Asia,-3.5,102.5,4.5,Medium,26,4.8654,5.6,79.0581
Indonesia,IDN,Asia,-2.5,102.5,4.5,Medium,22,4.85,6.0,157.8145
Indonesia,IDN,Asia,-1.5,102.5,4.5,Medium,1,4.5,4.5,306.36
Indonesia,IDN,Asia,-0.5,102.5,4.5,Medium,0,0.0,0.0,0.0
Indonesia,IDN,Asia,0.5,102.5,4.5,Medium,0,0.0,0.0,0.0
Malaysia,MYS,Asia,2.5,102.5,3.2,Low,0,0.0,0.0,0.0
Malaysia,MYS,Asia,3.5,102.5,3.2,Low,0,0.0,0.0,0.0
Malaysia,MYS,Asia,4.5,102.5,3.2,Low,0,0.0,0.0,0.0
Malaysia,MYS,Asia,5.5,102.5,3.2,Low,0,0.0,0.0,0.0
Thailand,THA,Asia,12.5,102.5,4.2,Medium,0,0.0,0.0,0.0
Cambodia,KHM,Asia,13.5,102.5,4.4,Medium,0,0.0,0.0,0.0
Thailand,THA,Asia,14.5,102.5,4.2,Medium,0,0.0,0.0,0.0
Thailand,THA,Asia,15.5,102.5,4.2,Medium,0,0.0,0.0,0.0
Thailand,THA,Asia,16.5,102.5,4.2,Medium,0,0.0,0.0,0.0
Thailand,THA,Asia,17.5,102.5,4.2,Medium,0,0.0,0.0,0.0
Lao PDR,LAO,Asia,18.5,102.5,3.6,Medium,0,0.0,0.0,0.0
Lao PDR,LAO,Asia,19.5,102.5,3.6,Medium,0,0.0,0.0,0.0
Lao PDR,LAO,Asia,20.5,102.5,3.6,Medium,0,0.0,0.0,0.0
Lao PDR,LAO,Asia,21.5,102.5,3.6,Medium,3,4.6333,4.9,10.0
Viet Nam,VNM,Asia,22.5,102.5,3.8,Medium,3,4.5,4.5,10.0
China,CHN,Asia,23.5,102.5,2.9,Low,2,4.7,4.9,24.283
China,CHN,Asia,24.5,102.5,2.9,Low,6,4.7833,5.0,13.8333
China,CHN,Asia,25.5,102.5,2.9,Low,8,4.6375,4.9,21.71
China,CHN,Asia,26.5,102.5,2.9,Low,9,4.6444,4.8,20.7509
China,CHN,Asia,27.5,102.5,2.9,Low,8,4.675,5.1,23.2086
China,CHN,Asia,28.5,102.5,2.9,Low,4,4.7,5.1,22.5875
China,CHN,Asia,29.5,102.5,2.9,Low,17,4.8412,6.6,15.5849
China,CHN,Asia,30.5,102.5,2.9,Low,21,4.9,6.6,12.9748
China,CHN,Asia,31.5,102.5,2.9,Low,0,0.0,0.0,0.0
China,CHN,Asia,32.5,102.5,2.9,Low,1,4.7,4.7,10.0
China,CHN,Asia,33.5,102.5,2.9,Low,2,4.6,4.7,15.45
China,CHN,Asia,34.5,102.5,2.9,Low,2,4.5,4.5,10.0
China,CHN,Asia,35.5,102.5,2.9,Low,8,4.825,5.9,10.25
China,CHN,Asia,36.5,102.5,2.9,Low,0,0.0,0.0,0.0
China,CHN,Asia,37.5,102.5,2.9,Low,4,4.775,5.0,27.905
China,CHN,Asia,38.5,102.5,2.9,Low,1,4.6,4.6,10.0
China,CHN,Asia,39.5,102.5,2.9,Low,0,0.0,0.0,0.0
China,CHN,Asia,40.5,102.5,2.9,Low,0,0.0,0.0,0.0
China,CHN,Asia,41.5,102.5,2.9,Low,0,0.0,0.0,0.0
Mongolia,MNG,Asia,42.5,102.5,2.7,Low,0,0.0,0.0,0.0
Mongolia,MNG,Asia,43.5,102.5,2.7,Low,0,0.0,0.0,0.0
Mongolia,MNG,Asia,44.5,102.5,2.7,Low,2,5.35,5.7,8.5
Mongolia,MNG,Asia,45.5,102.5,2.7,Low,0,0.0,0.0,0.0
Mongolia,MNG,Asia,46.5,102.5,2.7,Low,0,0.0,0.0,0.0
Mongolia,MNG,Asia,47.5,102.5,2.7,Low,0,0.0,0.0,0.0
Mongolia,MNG,Asia,48.5,102.5,2.7,Low,0,0.0,0.0,0.0
Mongolia,MNG,Asia,49.5,102.5,2.7,Low,0,0.0,0.0,0.0
Russian Federation,RUS,Europe,50.5,102.5,4.0,Medium,0,0.0,0.0,0.0
Russian Federation,RUS,Europe,51.5,102.5,4.0,Medium,0,0.0,0.0,0.0
Russian Federation,RUS,Europe,52.5,102.5,4.0,Medium,0,0.0,0.0,0.0
Russian Federation,RUS,Europe,53.5,102.5,4.0,Medium,0,0.0,0.0,0.0
Russian Federation,RUS,Europe,54.5,102.5,4.0,Medium,0,0.0,0.0,0.0
Russian Federation,RUS,Europe,55.5,102.5,4.0,Medium,0,0.0,0.0,0.0
Russian Federation,RUS,Europe,56.5,102.5,4.0,Medium,0,0.0,0.0,0.0
Russian Federation,RUS,Europe,57.5,102.5,4.0,Medium,0,0.0,0.0,0.0
Russian Federation,RUS,Europe,58.5,102.5,4.0,Medium,0,0.0,0.0,0.0
Russian Federation,RUS,Europe,59.5,102.5,4.0,Medium,0,0.0,0.0,0.0
Russian Federation,RUS,Europe,60.5,102.5,4.0,Medium,0,0.0,0.0,0.0
Russian Federation,RUS,Europe,61.5,102.5,4.0,Medium,0,0.0,0.0,0.0
Russian Federation,RUS,Europe,62.5,102.5,4.0,Medium,0,0.0,0.0,0.0
Russian Federation,RUS,Europe,63.5,102.5,4.0,Medium,0,0.0,0.0,0.0
Russian Federation,RUS,Europe,64.5,102.5,4.0,Medium,0,0.0,0.0,0.0
Russian Federation,RUS,Europe,65.5,102.5,4.0,Medium,0,0.0,0.0,0.0
Russian Federation,RUS,Europe,66.5,102.5,4.0,Medium,0,0.0,0.0,0.0
Russian Federation,RUS,Europe,67.5,102.5,4.0,Medium,0,0.0,0.0,0.0
Russian Federation,RUS,Europe,68.5,102.5,4.0,Medium,0,0.0,0.0,0.0
Russian Federation,RUS,Europe,69.5,102.5,4.0,Medium,0,0.0,0.0,0.0
Russian Federation,RUS,Europe,70.5,102.5,4.0,Medium,0,0.0,0.0,0.0
Russian Federation,RUS,Europe,71.5,102.5,4.0,Medium,0,0.0,0.0,0.0
Russian Federation,RUS,Europe,72.5,102.5,4.0,Medium,0,0.0,0.0,0.0
Russian Federation,RUS,Europe,73.5,102.5,4.0,Medium,0,0.0,0.0,0.0
Russian Federation,RUS,Europe,74.5,102.5,4.0,Medium,0,0.0,0.0,0.0
Russian Federation,RUS,Europe,75.5,102.5,4.0,Medium,0,0.0,0.0,0.0
Russian Federation,RUS,Europe,76.5,102.5,4.0,Medium,0,0.0,0.0,0.0
Russian Federation,RUS,Europe,78.5,102.5,4.0,Medium,0,0.0,0.0,0.0
Indonesia,IDN,Asia,-4.5,103.5,4.5,Medium,69,4.8275,5.8,63.5806
Indonesia,IDN,Asia,-3.5,103.5,4.5,Medium,5,4.9,5.2,68.04
Indonesia,IDN,Asia,-2.5,103.5,4.5,Medium,1,7.3,7.3,582.1
Indonesia,IDN,Asia,-1.5,103.5,4.5,Medium,0,0.0,0.0,0.0
Indonesia,IDN,Asia,-0.5,103.5,4.5,Medium,0,0.0,0.0,0.0
Malaysia,MYS,Asia,1.5,103.5,3.2,Low,0,0.0,0.0,0.0
Malaysia,MYS,Asia,2.5,103.5,3.2,Low,0,0.0,0.0,0.0
Cambodia,KHM,Asia,11.5,103.5,4.4,Medium,0,0.0,0.0,0.0
Cambodia,KHM,Asia,12.5,103.5,4.4,Medium,0,0.0,0.0,0.0
Cambodia,KHM,Asia,13.5,103.5,4.4,Medium,0,0.0,0.0,0.0
Thailand,THA,Asia,14.5,103.5,4.2,Medium,0,0.0,0.0,0.0
Thailand,THA,Asia,15.5,103.5,4.2,Medium,0,0.0,0.0,0.0
Thailand,THA,Asia,16.5,103.5,4.2,Medium,0,0.0,0.0,0.0
Thailand,THA,Asia,17.5,103.5,4.2,Medium,0,0.0,0.0,0.0
Lao PDR,LAO,Asia,18.5,103.5,3.6,Medium,0,0.0,0.0,0.0
Lao PDR,LAO,Asia,19.5,103.5,3.6,Medium,1,4.5,4.5,13.27
Lao PDR,LAO,Asia,20.5,103.5,3.6,Medium,3,4.6667,4.8,10.0
Viet Nam,VNM,Asia,21.5,103.5,3.8,Medium,1,4.6,4.6,17.12
Viet Nam,VNM,Asia,22.5,103.5,3.8,Medium,1,4.5,4.5,10.0
China,CHN,Asia,23.5,103.5,2.9,Low,5,4.5,4.5,12.052
China,CHN,Asia,24.5,103.5,2.9,Low,3,4.6667,4.9,26.3033
China,CHN,Asia,25.5,103.5,2.9,Low,3,4.6,4.6,17.6667
China,CHN,Asia,26.5,103.5,2.9,Low,4,4.8,5.2,31.3825
China,CHN,Asia,27.5,103.5,2.9,Low,32,4.8031,6.2,18.9562
China,CHN,Asia,28.5,103.5,2.9,Low,9,4.7667,5.4,14.0222
China,CHN,Asia,29.5,103.5,2.9,Low,4,4.725,5.3,11.9225
China,CHN,Asia,30.5,103.5,2.9,Low,36,4.7083,5.8,12.3333
China,CHN,Asia,31.5,103.5,2.9,Low,128,4.7461,7.9,12.885
China,CHN,Asia,32.5,103.5,2.9,Low,0,0.0,0.0,0.0
China,CHN,Asia,33.5,103.5,2.9,Low,6,5.0333,6.5,9.8333
China,CHN,Asia,34.5,103.5,2.9,Low,5,4.9,5.2,15.02
China,CHN,Asia,35.5,103.5,2.9,Low,0,0.0,0.0,0.0
China,CHN,Asia,36.5,103.5,2.9,Low,1,4.7,4.7,33.0
China,CHN,Asia,37.5,103.5,2.9,Low,6,4.8333,5.6,19.3833
China,CHN,Asia,38.5,103.5,2.9,Low,2,4.5,4.5,28.65
China,CHN,Asia,39.5,103.5,2.9,Low,0,0.0,0.0,0.0
China,CHN,Asia,40.5,103.5,2.9,Low,0,0.0,0.0,0.0
China,CHN,Asia,41.5,103.5,2.9,Low,0,0.0,0.0,0.0
Mongolia,MNG,Asia,42.5,103.5,2.7,Low,0,0.0,0.0,0.0
Mongolia,MNG,Asia,43.5,103.5,2.7,Low,0,0.0,0.0,0.0
Mongolia,MNG,Asia,44.5,103.5,2.7,Low,0,0.0,0.0,0.0
Mongolia,MNG,Asia,45.5,103.5,2.7,Low,0,0.0,0.0,0.0
Mongolia,MNG,Asia,46.5,103.5,2.7,Low,0,0.0,0.0,0.0
Mongolia,MNG,Asia,47.5,103.5,2.7,Low,0,0.0,0.0,0.0
Mongolia,MNG,Asia,48.5,103.5,2.7,Low,0,0.0,0.0,0.0
Mongolia,MNG,Asia,49.5,103.5,2.7,Low,0,0.0,0.0,0.0
Russian Federation,RUS,Europe,50.5,103.5,4.0,Medium,1,4.6,4.6,12.03
Russian Federation,RUS,Europe,51.5,103.5,4.0,Medium,3,5.0,5.5,10.0
Russian Federation,RUS,Europe,52.5,103.5,4.0,Medium,0,0.0,0.0,0.0
Russian Federation,RUS,Europe,53.5,103.5,4.0,Medium,0,0.0,0.0,0.0
Russian Federation,RUS,Europe,54.5,103.5,4.0,Medium,0,0.0,0.0,0.0
Russian Federation,RUS,Europe,55.5,103.5,4.0,Medium,0,0.0,0.0,0.0
Russian Federation,RUS,Europe,56.5,103.5,4.0,Medium,0,0.0,0.0,0.0
Russian Federation,RUS,Europe,57.5,103.5,4.0,Medium,0,0.0,0.0,0.0
Russian Federation,RUS,Europe,58.5,103.5,4.0,Medium,0,0.0,0.0,0.0
Russian Federation,RUS,Europe,59.5,103.5,4.0,Medium,0,0.0,0.0,0.0
Russian Federation,RUS,Europe,60.5,103.5,4.0,Medium,0,0.0,0.0,0.0
Russian Federation,RUS,Europe,61.5,103.5,4.0,Medium,0,0.0,0.0,0.0
Russian Federation,RUS,Europe,62.5,103.5,4.0,Medium,0,0.0,0.0,0.0
Russian Federation,RUS,Europe,63.5,103.5,4.0,Medium,0,0.0,0.0,0.0
Russian Federation,RUS,Europe,64.5,103.5,4.0,Medium,0,0.0,0.0,0.0
Russian Federation,RUS,Europe,65.5,103.5,4.0,Medium,0,0.0,0.0,0.0
Russian Federation,RUS,Europe,66.5,103.5,4.0,Medium,0,0.0,0.0,0.0
Russian Federation,RUS,Europe,67.5,103.5,4.0,Medium,0,0.0,0.0,0.0
Russian Federation,RUS,Europe,68.5,103.5,4.0,Medium,0,0.0,0.0,0.0
Russian Federation,RUS,Europe,69.5,103.5,4.0,Medium,0,0.0,0.0,0.0
Russian Federation,RUS,Europe,70.5,103.5,4.0,Medium,0,0.0,0.0,0.0
Russian Federation,RUS,Europe,71.5,103.5,4.0,Medium,0,0.0,0.0,0.0
Russian Federation,RUS,Europe,72.5,103.5,4.0,Medium,0,0.0,0.0,0.0
Russian Federation,RUS,Europe,73.5,103.5,4.0,Medium,0,0.0,0.0,0.0
Russian Federation,RUS,Europe,74.5,103.5,4.0,Medium,0,0.0,0.0,0.0
Russian Federation,RUS,Europe,75.5,103.5,4.0,Medium,0,0.0,0.0,0.0
Russian Federation,RUS,Europe,76.5,103.5,4.0,Medium,0,0.0,0.0,0.0
Russian Federation,RUS,Europe,77.5,103.5,4.0,Medium,0,0.0,0.0,0.0
Russian Federation,RUS,Europe,78.5,103.5,4.0,Medium,0,0.0,0.0,0.0
Indonesia,IDN,Asia,-5.5,104.5,4.5,Medium,46,4.8217,5.7,56.5583
Indonesia,IDN,Asia,-4.5,104.5,4.5,Medium,2,4.65,4.8,127.23
Indonesia,IDN,Asia,-3.5,104.5,4.5,Medium,3,4.6,4.7,196.88
Indonesia,IDN,Asia,-2.5,104.5,4.5,Medium,0,0.0,0.0,0.0
Viet Nam,VNM,Asia,10.5,104.5,3.8,Medium,0,0.0,0.0,0.0
Cambodia,KHM,Asia,11.5,104.5,4.4,Medium,0,0.0,0.0,0.0
Cambodia,KHM,Asia,12.5,104.5,4.4,Medium,0,0.0,0.0,0.0
Cambodia,KHM,Asia,13.5,104.5,4.4,Medium,0,0.0,0.0,0.0
Thailand,THA,Asia,14.5,104.5,4.2,Medium,0,0.0,0.0,0.0
Thailand,THA,Asia,15.5,104.5,4.2,Medium,0,0.0,0.0,0.0
Thailand,THA,Asia,16.5,104.5,4.2,Medium,0,0.0,0.0,0.0
Thailand,THA,Asia,17.5,104.5,4.2,Medium,0,0.0,0.0,0.0
Lao PDR,LAO,Asia,18.5,104.5,3.6,Medium,0,0.0,0.0,0.0
Viet Nam,VNM,Asia,19.5,104.5,3.8,Medium,0,0.0,0.0,0.0
Lao PDR,LAO,Asia,20.5,104.5,3.6,Medium,1,4.9,4.9,10.0
Viet Nam,VNM,Asia,21.5,104.5,3.8,Medium,0,0.0,0.0,0.0
Viet Nam,VNM,Asia,22.5,104.5,3.8,Medium,0,0.0,0.0,0.0
China,CHN,Asia,23.5,104.5,2.9,Low,1,4.8,4.8,10.0
China,CHN,Asia,24.5,104.5,2.9,Low,0,0.0,0.0,0.0
China,CHN,Asia,25.5,104.5,2.9,Low,1,4.6,4.6,10.0
China,CHN,Asia,26.5,104.5,2.9,Low,1,4.7,4.7,10.0
China,CHN,Asia,27.5,104.5,2.9,Low,9,4.7556,5.3,16.9822
China,CHN,Asia,28.5,104.5,2.9,Low,69,4.7391,5.8,15.2241
China,CHN,Asia,29.5,104.5,2.9,Low,16,4.7125,5.0,13.0688
China,CHN,Asia,30.5,104.5,2.9,Low,3,4.7,4.8,17.68
China,CHN,Asia,31.5,104.5,2.9,Low,122,4.7557,5.7,12.8142
China,CHN,Asia,32.5,104.5,2.9,Low,47,4.7638,5.8,14.5221
China,CHN,Asia,33.5,104.5,2.9,Low,8,4.6875,4.9,15.8625
China,CHN,Asia,34.5,104.5,2.9,Low,6,5.1,5.9,14.195
China,CHN,Asia,35.5,104.5,2.9,Low,2,4.55,4.6,28.815
China,CHN,Asia,36.5,104.5,2.9,Low,1,4.5,4.5,10.0
China,CHN,Asia,37.5,104.5,2.9,Low,0,0.0,0.0,0.0
China,CHN,Asia,38.5,104.5,2.9,Low,0,0.0,0.0,0.0
China,CHN,Asia,39.5,104.5,2.9,Low,0,0.0,0.0,0.0
China,CHN,Asia,40.5,104.5,2.9,Low,1,4.8,4.8,33.0
China,CHN,Asia,41.5,104.5,2.9,Low,0,0.0,0.0,0.0
Mongolia,MNG,Asia,42.5,104.5,2.7,Low,3,4.9,5.1,12.0
Mongolia,MNG,Asia,43.5,104.5,2.7,Low,1,5.4,5.4,10.0
Mongolia,MNG,Asia,44.5,104.5,2.7,Low,0,0.0,0.0,0.0
Mongolia,MNG,Asia,45.5,104.5,2.7,Low,0,0.0,0.0,0.0
Mongolia,MNG,Asia,46.5,104.5,2.7,Low,0,0.0,0.0,0.0
Mongolia,MNG,Asia,47.5,104.5,2.7,Low,0,0.0,0.0,0.0
Mongolia,MNG,Asia,48.5,104.5,2.7,Low,0,0.0,0.0,0.0
Mongolia,MNG,Asia,49.5,104.5,2.7,Low,0,0.0,0.0,0.0
Russian Federation,RUS,Europe,50.5,104.5,4.0,Medium,0,0.0,0.0,0.0
Russian Federation,RUS,Europe,51.5,104.5,4.0,Medium,3,5.2667,6.3,12.0
Russian Federation,RUS,Europe,52.5,104.5,4.0,Medium,1,4.5,4.5,13.528
Russian Federation,RUS,Europe,53.5,104.5,4.0,Medium,0,0.0,0.0,0.0
Russian Federation,RUS,Europe,54.5,104.5,4.0,Medium,0,0.0,0.0,0.0
Russian Federation,RUS,Europe,55.5,104.5,4.0,Medium,0,0.0,0.0,0.0
Russian Federation,RUS,Europe,56.5,104.5,4.0,Medium,0,0.0,0.0,0.0
Russian Federation,RUS,Europe,57.5,104.5,4.0,Medium,0,0.0,0.0,0.0
Russian Federation,RUS,Europe,58.5,104.5,4.0,Medium,0,0.0,0.0,0.0
Russian Federation,RUS,Europe,59.5,104.5,4.0,Medium,0,0.0,0.0,0.0
Russian Federation,RUS,Europe,60.5,104.5,4.0,Medium,0,0.0,0.0,0.0
Russian Federation,RUS,Europe,61.5,104.5,4.0,Medium,0,0.0,0.0,0.0
Russian Federation,RUS,Europe,62.5,104.5,4.0,Medium,0,0.0,0.0,0.0
Russian Federation,RUS,Europe,63.5,104.5,4.0,Medium,0,0.0,0.0,0.0
Russian Federation,RUS,Europe,64.5,104.5,4.0,Medium,0,0.0,0.0,0.0
Russian Federation,RUS,Europe,65.5,104.5,4.0,Medium,0,0.0,0.0,0.0
Russian Federation,RUS,Europe,66.5,104.5,4.0,Medium,0,0.0,0.0,0.0
Russian Federation,RUS,Europe,67.5,104.5,4.0,Medium,0,0.0,0.0,0.0
Russian Federation,RUS,Europe,68.5,104.5,4.0,Medium,0,0.0,0.0,0.0
Russian Federation,RUS,Europe,69.5,104.5,4.0,Medium,0,0.0,0.0,0.0
Russian Federation,RUS,Europe,70.5,104.5,4.0,Medium,0,0.0,0.0,0.0
Russian Federation,RUS,Europe,71.5,104.5,4.0,Medium,0,0.0,0.0,0.0
Russian Federation,RUS,Europe,72.5,104.5,4.0,Medium,0,0.0,0.0,0.0
Russian Federation,RUS,Europe,73.5,104.5,4.0,Medium,0,0.0,0.0,0.0
Russian Federation,RUS,Europe,74.5,104.5,4.0,Medium,0,0.0,0.0,0.0
Russian Federation,RUS,Europe,75.5,104.5,4.0,Medium,0,0.0,0.0,0.0
Russian Federation,RUS,Europe,76.5,104.5,4.0,Medium,0,0.0,0.0,0.0
Russian Federation,RUS,Europe,77.5,104.5,4.0,Medium,0,0.0,0.0,0.0
Russian Federation,RUS,Europe,78.5,104.5,4.0,Medium,0,0.0,0.0,0.0
Indonesia,IDN,Asia,-5.5,105.5,4.5,Medium,38,4.7763,5.5,57.0795
Indonesia,IDN,Asia,-4.5,105.5,4.5,Medium,2,4.55,4.6,118.25
Indonesia,IDN,Asia,-3.5,105.5,4.5,Medium,0,0.0,0.0,0.0
Indonesia,IDN,Asia,-2.5,105.5,4.5,Medium,0,0.0,0.0,0.0
Viet Nam,VNM,Asia,9.5,105.5,3.8,Medium,0,0.0,0.0,0.0
Viet Nam,VNM,Asia,10.5,105.5,3.8,Medium,0,0.0,0.0,0.0
Cambodia,KHM,Asia,11.5,105.5,4.4,Medium,0,0.0,0.0,0.0
Cambodia,KHM,Asia,12.5,105.5,4.4,Medium,0,0.0,0.0,0.0
Cambodia,KHM,Asia,13.5,105.5,4.4,Medium,0,0.0,0.0,0.0
Lao PDR,LAO,Asia,14.5,105.5,3.6,Medium,0,0.0,0.0,0.0
Thailand,THA,Asia,15.5,105.5,4.2,Medium,0,0.0,0.0,0.0
Lao PDR,LAO,Asia,16.5,105.5,3.6,Medium,0,0.0,0.0,0.0
Lao PDR,LAO,Asia,17.5,105.5,3.6,Medium,0,0.0,0.0,0.0
Viet Nam,VNM,Asia,18.5,105.5,3.8,Medium,0,0.0,0.0,0.0
Viet Nam,VNM,Asia,19.5,105.5,3.8,Medium,0,0.0,0.0,0.0
Viet Nam,VNM,Asia,20.5,105.5,3.8,Medium,0,0.0,0.0,0.0
Viet Nam,VNM,Asia,21.5,105.5,3.8,Medium,0,0.0,0.0,0.0
Viet Nam,VNM,Asia,22.5,105.5,3.8,Medium,0,0.0,0.0,0.0
China,CHN,Asia,23.5,105.5,2.9,Low,0,0.0,0.0,0.0
China,CHN,Asia,24.5,105.5,2.9,Low,0,0.0,0.0,0.0
China,CHN,Asia,25.5,105.5,2.9,Low,4,4.575,4.6,12.355
China,CHN,Asia,26.5,105.5,2.9,Low,1,4.6,4.6,10.0
China,CHN,Asia,27.5,105.5,2.9,Low,1,4.9,4.9,10.0
China,CHN,Asia,28.5,105.5,2.9,Low,18,4.6444,5.3,21.2633
China,CHN,Asia,29.5,105.5,2.9,Low,13,4.7538,5.4,20.0477
China,CHN,Asia,30.5,105.5,2.9,Low,1,5.1,5.1,10.0
China,CHN,Asia,31.5,105.5,2.9,Low,4,4.725,4.9,7.78
China,CHN,Asia,32.5,105.5,2.9,Low,100,4.809,6.1,12.7138
China,CHN,Asia,33.5,105.5,2.9,Low,0,0.0,0.0,0.0
China,CHN,Asia,34.5,105.5,2.9,Low,0,0.0,0.0,0.0
China,CHN,Asia,35.5,105.5,2.9,Low,0,0.0,0.0,0.0
China,CHN,Asia,36.5,105.5,2.9,Low,1,4.7,4.7,10.0
China,CHN,Asia,37.5,105.5,2.9,Low,0,0.0,0.0,0.0
China,CHN,Asia,38.5,105.5,2.9,Low,0,0.0,0.0,0.0
China,CHN,Asia,39.5,105.5,2.9,Low,0,0.0,0.0,0.0
China,CHN,Asia,40.5,105.5,2.9,Low,2,4.6,4.7,14.49
China,CHN,Asia,41.5,105.5,2.9,Low,0,0.0,0.0,0.0
Mongolia,MNG,Asia,42.5,105.5,2.7,Low,4,4.8,5.4,12.425
Mongolia,MNG,Asia,43.5,105.5,2.7,Low,0,0.0,0.0,0.0
Mongolia,MNG,Asia,44.5,105.5,2.7,Low,0,0.0,0.0,0.0
Mongolia,MNG,Asia,45.5,105.5,2.7,Low,1,4.5,4.5,33.0
Mongolia,MNG,Asia,46.5,105.5,2.7,Low,0,0.0,0.0,0.0
Mongolia,MNG,Asia,47.5,105.5,2.7,Low,0,0.0,0.0,0.0
Mongolia,MNG,Asia,48.5,105.5,2.7,Low,0,0.0,0.0,0.0
Mongolia,MNG,Asia,49.5,105.5,2.7,Low,1,4.5,4.5,10.0
Russian Federation,RUS,Europe,50.5,105.5,4.0,Medium,0,0.0,0.0,0.0
Russian Federation,RUS,Europe,51.5,105.5,4.0,Medium,1,4.9,4.9,10.0
Russian Federation,RUS,Europe,52.5,105.5,4.0,Medium,3,4.8667,5.2,11.3833
Russian Federation,RUS,Europe,53.5,105.5,4.0,Medium,0,0.0,0.0,0.0
Russian Federation,RUS,Europe,54.5,105.5,4.0,Medium,0,0.0,0.0,0.0
Russian Federation,RUS,Europe,55.5,105.5,4.0,Medium,0,0.0,0.0,0.0
Russian Federation,RUS,Europe,56.5,105.5,4.0,Medium,0,0.0,0.0,0.0
Russian Federation,RUS,Europe,57.5,105.5,4.0,Medium,0,0.0,0.0,0.0
Russian Federation,RUS,Europe,58.5,105.5,4.0,Medium,0,0.0,0.0,0.0
Russian Federation,RUS,Europe,59.5,105.5,4.0,Medium,0,0.0,0.0,0.0
Russian Federation,RUS,Europe,60.5,105.5,4.0,Medium,0,0.0,0.0,0.0
Russian Federation,RUS,Europe,61.5,105.5,4.0,Medium,0,0.0,0.0,0.0
Russian Federation,RUS,Europe,62.5,105.5,4.0,Medium,0,0.0,0.0,0.0
Russian Federation,RUS,Europe,63.5,105.5,4.0,Medium,0,0.0,0.0,0.0
Russian Federation,RUS,Europe,64.5,105.5,4.0,Medium,0,0.0,0.0,0.0
Russian Federation,RUS,Europe,65.5,105.5,4.0,Medium,0,0.0,0.0,0.0
Russian Federation,RUS,Europe,66.5,105.5,4.0,Medium,0,0.0,0.0,0.0
Russian Federation,RUS,Europe,67.5,105.5,4.0,Medium,0,0.0,0.0,0.0
Russian Federation,RUS,Europe,68.5,105.5,4.0,Medium,0,0.0,0.0,0.0
Russian Federation,RUS,Europe,69.5,105.5,4.0,Medium,0,0.0,0.0,0.0
Russian Federation,RUS,Europe,70.5,105.5,4.0,Medium,0,0.0,0.0,0.0
Russian Federation,RUS,Europe,71.5,105.5,4.0,Medium,0,0.0,0.0,0.0
Russian Federation,RUS,Europe,72.5,105.5,4.0,Medium,0,0.0,0.0,0.0
Russian Federation,RUS,Europe,73.5,105.5,4.0,Medium,0,0.0,0.0,0.0
Russian Federation,RUS,Europe,74.5,105.5,4.0,Medium,0,0.0,0.0,0.0
Russian Federation,RUS,Europe,75.5,105.5,4.0,Medium,0,0.0,0.0,0.0
Russian Federation,RUS,Europe,76.5,105.5,4.0,Medium,0,0.0,0.0,0.0
Indonesia,IDN,Asia,-6.5,106.5,4.5,Medium,55,4.76,5.6,80.8081
Viet Nam,VNM,Asia,10.5,106.5,3.8,Medium,0,0.0,0.0,0.0
Viet Nam,VNM,Asia,11.5,106.5,3.8,Medium,0,0.0,0.0,0.0
Cambodia,KHM,Asia,12.5,106.5,4.4,Medium,0,0.0,0.0,0.0
Cambodia,KHM,Asia,13.5,106.5,4.4,Medium,0,0.0,0.0,0.0
Cambodia,KHM,Asia,14.5,106.5,4.4,Medium,0,0.0,0.0,0.0
Lao PDR,LAO,Asia,15.5,106.5,3.6,Medium,0,0.0,0.0,0.0
Lao PDR,LAO,Asia,16.5,106.5,3.6,Medium,0,0.0,0.0,0.0
Viet Nam,VNM,Asia,17.5,106.5,3.8,Medium,0,0.0,0.0,0.0
Viet Nam,VNM,Asia,20.5,106.5,3.8,Medium,0,0.0,0.0,0.0
Viet Nam,VNM,Asia,21.5,106.5,3.8,Medium,0,0.0,0.0,0.0
Viet Nam,VNM,Asia,22.5,106.5,3.8,Medium,2,5.0,5.0,10.0
China,CHN,Asia,23.5,106.5,2.9,Low,3,4.5333,4.6,11.2533
China,CHN,Asia,24.5,106.5,2.9,Low,0,0.0,0.0,0.0
China,CHN,Asia,25.5,106.5,2.9,Low,1,4.5,4.5,35.0
China,CHN,Asia,26.5,106.5,2.9,Low,1,4.9,4.9,10.0
China,CHN,Asia,27.5,106.5,2.9,Low,0,0.0,0.0,0.0
China,CHN,Asia,28.5,106.5,2.9,Low,1,4.6,4.6,15.13
China,CHN,Asia,29.5,106.5,2.9,Low,0,0.0,0.0,0.0
China,CHN,Asia,30.5,106.5,2.9,Low,0,0.0,0.0,0.0
China,CHN,Asia,31.5,106.5,2.9,Low,0,0.0,0.0,0.0
China,CHN,Asia,32.5,106.5,2.9,Low,0,0.0,0.0,0.0
China,CHN,Asia,33.5,106.5,2.9,Low,0,0.0,0.0,0.0
China,CHN,Asia,34.5,106.5,2.9,Low,0,0.0,0.0,0.0
China,CHN,Asia,35.5,106.5,2.9,Low,0,0.0,0.0,0.0
China,CHN,Asia,36.5,106.5,2.9,Low,0,0.0,0.0,0.0
China,CHN,Asia,37.5,106.5,2.9,Low,0,0.0,0.0,0.0
China,CHN,Asia,38.5,106.5,2.9,Low,6,4.6167,4.8,22.7833
China,CHN,Asia,39.5,106.5,2.9,Low,1,5.4,5.4,10.0
China,CHN,Asia,40.5,106.5,2.9,Low,1,4.5,4.5,29.39
China,CHN,Asia,41.5,106.5,2.9,Low,0,0.0,0.0,0.0
Mongolia,MNG,Asia,42.5,106.5,2.7,Low,0,0.0,0.0,0.0
Mongolia,MNG,Asia,43.5,106.5,2.7,Low,0,0.0,0.0,0.0
Mongolia,MNG,Asia,44.5,106.5,2.7,Low,0,0.0,0.0,0.0
Mongolia,MNG,Asia,45.5,106.5,2.7,Low,0,0.0,0.0,0.0
Mongolia,MNG,Asia,46.5,106.5,2.7,Low,2,4.65,4.8,8.3
Mongolia,MNG,Asia,47.5,106.5,2.7,Low,0,0.0,0.0,0.0
Mongolia,MNG,Asia,48.5,106.5,2.7,Low,0,0.0,0.0,0.0
Mongolia,MNG,Asia,49.5,106.5,2.7,Low,0,0.0,0.0,0.0
Russian Federation,RUS,Europe,50.5,106.5,4.0,Medium,0,0.0,0.0,0.0
Russian Federation,RUS,Europe,51.5,106.5,4.0,Medium,1,4.5,4.5,10.0
Russian Federation,RUS,Europe,52.5,106.5,4.0,Medium,3,5.1,5.4,12.3333
Russian Federation,RUS,Europe,53.5,106.5,4.0,Medium,0,0.0,0.0,0.0
Russian Federation,RUS,Europe,54.5,106.5,4.0,Medium,0,0.0,0.0,0.0
Russian Federation,RUS,Europe,55.5,106.5,4.0,Medium,0,0.0,0.0,0.0
Russian Federation,RUS,Europe,56.5,106.5,4.0,Medium,0,0.0,0.0,0.0
Russian Federation,RUS,Europe,57.5,106.5,4.0,Medium,0,0.0,0.0,0.0
Russian Federation,RUS,Europe,58.5,106.5,4.0,Medium,0,0.0,0.0,0.0
Russian Federation,RUS,Europe,59.5,106.5,4.0,Medium,0,0.0,0.0,0.0
Russian Federation,RUS,Europe,60.5,106.5,4.0,Medium,0,0.0,0.0,0.0
Russian Federation,RUS,Europe,61.5,106.5,4.0,Medium,0,0.0,0.0,0.0
Russian Federation,RUS,Europe,62.5,106.5,4.0,Medium,0,0.0,0.0,0.0
Russian Federation,RUS,Europe,63.5,106.5,4.0,Medium,0,0.0,0.0,0.0
Russian Federation,RUS,Europe,64.5,106.5,4.0,Medium,0,0.0,0.0,0.0
Russian Federation,RUS,Europe,65.5,106.5,4.0,Medium,0,0.0,0.0,0.0
Russian Federation,RUS,Europe,66.5,106.5,4.0,Medium,0,0.0,0.0,0.0
Russian Federation,RUS,Europe,67.5,106.5,4.0,Medium,0,0.0,0.0,0.0
Russian Federation,RUS,Europe,68.5,106.5,4.0,Medium,0,0.0,0.0,0.0
Russian Federation,RUS,Europe,69.5,106.5,4.0,Medium,0,0.0,0.0,0.0
Russian Federation,RUS,Europe,70.5,106.5,4.0,Medium,0,0.0,0.0,0.0
Russian Federation,RUS,Europe,71.5,106.5,4.0,Medium,0,0.0,0.0,0.0
Russian Federation,RUS,Europe,72.5,106.5,4.0,Medium,0,0.0,0.0,0.0
Russian Federation,RUS,Europe,73.5,106.5,4.0,Medium,0,0.0,0.0,0.0
Russian Federation,RUS,Europe,74.5,106.5,4.0,Medium,0,0.0,0.0,0.0
Russian Federation,RUS,Europe,75.5,106.5,4.0,Medium,0,0.0,0.0,0.0
Russian Federation,RUS,Europe,76.5,106.5,4.0,Medium,0,0.0,0.0,0.0
Indonesia,IDN,Asia,-7.5,107.5,4.5,Medium,87,4.8356,7.0,57.8971
Indonesia,IDN,Asia,-6.5,107.5,4.5,Medium,14,4.9071,5.8,129.6436
Viet Nam,VNM,Asia,11.5,107.5,3.8,Medium,0,0.0,0.0,0.0
Cambodia,KHM,Asia,12.5,107.5,4.4,Medium,0,0.0,0.0,0.0
Cambodia,KHM,Asia,13.5,107.5,4.4,Medium,0,0.0,0.0,0.0
Viet Nam,VNM,Asia,14.5,107.5,3.8,Medium,0,0.0,0.0,0.0
Viet Nam,VNM,Asia,15.5,107.5,3.8,Medium,0,0.0,0.0,0.0
Viet Nam,VNM,Asia,16.5,107.5,3.8,Medium,2,4.6,4.6,13.41
Viet Nam,VNM,Asia,21.5,107.5,3.8,Medium,0,0.0,0.0,0.0
China,CHN,Asia,22.5,107.5,2.9,Low,0,0.0,0.0,0.0
China,CHN,Asia,23.5,107.5,2.9,Low,1,4.7,4.7,10.0
China,CHN,Asia,24.5,107.5,2.9,Low,0,0.0,0.0,0.0
China,CHN,Asia,25.5,107.5,2.9,Low,0,0.0,0.0,0.0
China,CHN,Asia,26.5,107.5,2.9,Low,0,0.0,0.0,0.0
China,CHN,Asia,27.5,107.5,2.9,Low,1,4.6,4.6,10.0
China,CHN,Asia,28.5,107.5,2.9,Low,0,0.0,0.0,0.0
China,CHN,Asia,29.5,107.5,2.9,Low,0,0.0,0.0,0.0
China,CHN,Asia,30.5,107.5,2.9,Low,0,0.0,0.0,0.0
China,CHN,Asia,31.5,107.5,2.9,Low,0,0.0,0.0,0.0
China,CHN,Asia,32.5,107.5,2.9,Low,0,0.0,0.0,0.0
China,CHN,Asia,33.5,107.5,2.9,Low,0,0.0,0.0,0.0
China,CHN,Asia,34.5,107.5,2.9,Low,0,0.0,0.0,0.0
China,CHN,Asia,35.5,107.5,2.9,Low,0,0.0,0.0,0.0
China,CHN,Asia,36.5,107.5,2.9,Low,0,0.0,0.0,0.0
China,CHN,Asia,37.5,107.5,2.9,Low,0,0.0,0.0,0.0
China,CHN,Asia,38.5,107.5,2.9,Low,0,0.0,0.0,0.0
China,CHN,Asia,39.5,107.5,2.9,Low,0,0.0,0.0,0.0
China,CHN,Asia,40.5,107.5,2.9,Low,1,4.7,4.7,33.0
China,CHN,Asia,41.5,107.5,2.9,Low,0,0.0,0.0,0.0
Mongolia,MNG,Asia,42.5,107.5,2.7,Low,0,0.0,0.0,0.0
Mongolia,MNG,Asia,43.5,107.5,2.7,Low,0,0.0,0.0,0.0
Mongolia,MNG,Asia,44.5,107.5,2.7,Low,0,0.0,0.0,0.0
Mongolia,MNG,Asia,45.5,107.5,2.7,Low,0,0.0,0.0,0.0
Mongolia,MNG,Asia,46.5,107.5,2.7,Low,0,0.0,0.0,0.0
Mongolia,MNG,Asia,47.5,107.5,2.7,Low,0,0.0,0.0,0.0
Mongolia,MNG,Asia,48.5,107.5,2.7,Low,0,0.0,0.0,0.0
Mongolia,MNG,Asia,49.5,107.5,2.7,Low,0,0.0,0.0,0.0
Russian Federation,RUS,Europe,50.5,107.5,4.0,Medium,1,4.7,4.7,17.1
Russian Federation,RUS,Europe,51.5,107.5,4.0,Medium,0,0.0,0.0,0.0
Russian Federation,RUS,Europe,52.5,107.5,4.0,Medium,4,4.575,4.7,12.3425
Russian Federation,RUS,Europe,53.5,107.5,4.0,Medium,0,0.0,0.0,0.0
Russian Federation,RUS,Europe,54.5,107.5,4.0,Medium,0,0.0,0.0,0.0
Russian Federation,RUS,Europe,55.5,107.5,4.0,Medium,0,0.0,0.0,0.0
Russian Federation,RUS,Europe,56.5,107.5,4.0,Medium,0,0.0,0.0,0.0
Russian Federation,RUS,Europe,57.5,107.5,4.0,Medium,0,0.0,0.0,0.0
Russian Federation,RUS,Europe,58.5,107.5,4.0,Medium,0,0.0,0.0,0.0
Russian Federation,RUS,Europe,59.5,107.5,4.0,Medium,0,0.0,0.0,0.0
Russian Federation,RUS,Europe,60.5,107.5,4.0,Medium,0,0.0,0.0,0.0
Russian Federation,RUS,Europe,61.5,107.5,4.0,Medium,0,0.0,0.0,0.0
Russian Federation,RUS,Europe,62.5,107.5,4.0,Medium,0,0.0,0.0,0.0
Russian Federation,RUS,Europe,63.5,107.5,4.0,Medium,0,0.0,0.0,0.0
Russian Federation,RUS,Europe,64.5,107.5,4.0,Medium,0,0.0,0.0,0.0
Russian Federation,RUS,Europe,65.5,107.5,4.0,Medium,0,0.0,0.0,0.0
Russian Federation,RUS,Europe,66.5,107.5,4.0,Medium,0,0.0,0.0,0.0
Russian Federation,RUS,Europe,67.5,107.5,4.0,Medium,0,0.0,0.0,0.0
Russian Federation,RUS,Europe,68.5,107.5,4.0,Medium,0,0.0,0.0,0.0
Russian Federation,RUS,Europe,69.5,107.5,4.0,Medium,0,0.0,0.0,0.0
Russian Federation,RUS,Europe,70.5,107.5,4.0,Medium,0,0.0,0.0,0.0
Russian Federation,RUS,Europe,71.5,107.5,4.0,Medium,0,0.0,0.0,0.0
Russian Federation,RUS,Europe,72.5,107.5,4.0,Medium,0,0.0,0.0,0.0
Russian Federation,RUS,Europe,73.5,107.5,4.0,Medium,0,0.0,0.0,0.0
Russian Federation,RUS,Europe,74.5,107.5,4.0,Medium,0,0.0,0.0,0.0
Russian Federation,RUS,Europe,75.5,107.5,4.0,Medium,0,0.0,0.0,0.0
Russian Federation,RUS,Europe,76.5,107.5,4.0,Medium,0,0.0,0.0,0.0
Indonesia,IDN,Asia,-7.5,108.5,4.5,Medium,32,4.7062,6.5,83.1797
Indonesia,IDN,Asia,-6.5,108.5,4.5,Medium,3,4.7,5.0,96.5333
Viet Nam,VNM,Asia,11.5,108.5,3.8,Medium,0,0.0,0.0,0.0
Viet Nam,VNM,Asia,12.5,108.5,3.8,Medium,0,0.0,0.0,0.0
Viet Nam,VNM,Asia,13.5,108.5,3.8,Medium,0,0.0,0.0,0.0
Viet Nam,VNM,Asia,14.5,108.5,3.8,Medium,5,4.64,4.8,9.995
Viet Nam,VNM,Asia,15.5,108.5,3.8,Medium,0,0.0,0.0,0.0
China,CHN,Asia,22.5,108.5,2.9,Low,0,0.0,0.0,0.0
China,CHN,Asia,23.5,108.5,2.9,Low,0,0.0,0.0,0.0
China,CHN,Asia,24.5,108.5,2.9,Low,0,0.0,0.0,0.0
China,CHN,Asia,25.5,108.5,2.9,Low,0,0.0,0.0,0.0
China,CHN,Asia,26.5,108.5,2.9,Low,1,5.4,5.4,17.09
China,CHN,Asia,27.5,108.5,2.9,Low,0,0.0,0.0,0.0
China,CHN,Asia,28.5,108.5,2.9,Low,1,4.7,4.7,10.0
China,CHN,Asia,29.5,108.5,2.9,Low,1,5.1,5.1,10.0
China,CHN,Asia,30.5,108.5,2.9,Low,1,4.6,4.6,10.0
China,CHN,Asia,31.5,108.5,2.9,Low,0,0.0,0.0,0.0
China,CHN,Asia,32.5,108.5,2.9,Low,0,0.0,0.0,0.0
China,CHN,Asia,33.5,108.5,2.9,Low,1,4.6,4.6,33.0
China,CHN,Asia,34.5,108.5,2.9,Low,0,0.0,0.0,0.0
China,CHN,Asia,35.5,108.5,2.9,Low,0,0.0,0.0,0.0
China,CHN,Asia,36.5,108.5,2.9,Low,0,0.0,0.0,0.0
China,CHN,Asia,37.5,108.5,2.9,Low,0,0.0,0.0,0.0
China,CHN,Asia,38.5,108.5,2.9,Low,0,0.0,0.0,0.0
China,CHN,Asia,39.5,108.5,2.9,Low,0,0.0,0.0,0.0
China,CHN,Asia,40.5,108.5,2.9,Low,0,0.0,0.0,0.0
China,CHN,Asia,41.5,108.5,2.9,Low,0,0.0,0.0,0.0
China,CHN,Asia,42.5,108.5,2.9,Low,1,4.5,4.5,10.0
Mongolia,MNG,Asia,43.5,108.5,2.7,Low,0,0.0,0.0,0.0
Mongolia,MNG,Asia,44.5,108.5,2.7,Low,0,0.0,0.0,0.0
Mongolia,MNG,Asia,45.5,108.5,2.7,Low,0,0.0,0.0,0.0
Mongolia,MNG,Asia,46.5,108.5,2.7,Low,1,4.6,4.6,10.0
Mongolia,MNG,Asia,47.5,108.5,2.7,Low,0,0.0,0.0,0.0
Mongolia,MNG,Asia,48.5,108.5,2.7,Low,0,0.0,0.0,0.0
Russian Federation,RUS,Europe,49.5,108.5,4.0,Medium,1,4.9,4.9,3.79
Russian Federation,RUS,Europe,50.5,108.5,4.0,Medium,0,0.0,0.0,0.0
Russian Federation,RUS,Europe,51.5,108.5,4.0,Medium,0,0.0,0.0,0.0
Russian Federation,RUS,Europe,52.5,108.5,4.0,Medium,1,5.3,5.3,8.5
Russian Federation,RUS,Europe,53.5,108.5,4.0,Medium,8,4.6625,5.3,9.9375
Russian Federation,RUS,Europe,54.5,108.5,4.0,Medium,0,0.0,0.0,0.0
Russian Federation,RUS,Europe,55.5,108.5,4.0,Medium,0,0.0,0.0,0.0
Russian Federation,RUS,Europe,56.5,108.5,4.0,Medium,0,0.0,0.0,0.0
Russian Federation,RUS,Europe,57.5,108.5,4.0,Medium,1,5.3,5.3,10.0
Russian Federation,RUS,Europe,58.5,108.5,4.0,Medium,0,0.0,0.0,0.0
Russian Federation,RUS,Europe,59.5,108.5,4.0,Medium,0,0.0,0.0,0.0
Russian Federation,RUS,Europe,60.5,108.5,4.0,Medium,0,0.0,0.0,0.0
Russian Federation,RUS,Europe,61.5,108.5,4.0,Medium,0,0.0,0.0,0.0
Russian Federation,RUS,Europe,62.5,108.5,4.0,Medium,0,0.0,0.0,0.0
Russian Federation,RUS,Europe,63.5,108.5,4.0,Medium,0,0.0,0.0,0.0
Russian Federation,RUS,Europe,64.5,108.5,4.0,Medium,0,0.0,0.0,0.0
Russian Federation,RUS,Europe,65.5,108.5,4.0,Medium,0,0.0,0.0,0.0
Russian Federation,RUS,Europe,66.5,108.5,4.0,Medium,0,0.0,0.0,0.0
Russian Federation,RUS,Europe,67.5,108.5,4.0,Medium,0,0.0,0.0,0.0
Russian Federation,RUS,Europe,68.5,108.5,4.0,Medium,0,0.0,0.0,0.0
Russian Federation,RUS,Europe,69.5,108.5,4.0,Medium,0,0.0,0.0,0.0
Russian Federation,RUS,Europe,70.5,108.5,4.0,Medium,0,0.0,0.0,0.0
Russian Federation,RUS,Europe,71.5,108.5,4.0,Medium,0,0.0,0.0,0.0
Russian Federation,RUS,Europe,72.5,108.5,4.0,Medium,0,0.0,0.0,0.0
Russian Federation,RUS,Europe,73.5,108.5,4.0,Medium,0,0.0,0.0,0.0
Russian Federation,RUS,Europe,74.5,108.5,4.0,Medium,0,0.0,0.0,0.0
Russian Federation,RUS,Europe,75.5,108.5,4.0,Medium,0,0.0,0.0,0.0
Russian Federation,RUS,Europe,76.5,108.5,4.0,Medium,0,0.0,0.0,0.0
Indonesia,IDN,Asia,-7.5,109.5,4.5,Medium,9,4.8111,6.1,69.5
Indonesia,IDN,Asia,-0.5,109.5,4.5,Medium,0,0.0,0.0,0.0
Indonesia,IDN,Asia,0.5,109.5,4.5,Medium,0,0.0,0.0,0.0
Indonesia,IDN,Asia,1.5,109.5,4.5,Medium,0,0.0,0.0,0.0
China,CHN,Asia,18.5,109.5,2.9,Low,0,0.0,0.0,0.0
China,CHN,Asia,19.5,109.5,2.9,Low,0,0.0,0.0,0.0
China,CHN,Asia,21.5,109.5,2.9,Low,0,0.0,0.0,0.0
China,CHN,Asia,22.5,109.5,2.9,Low,0,0.0,0.0,0.0
China,CHN,Asia,23.5,109.5,2.9,Low,0,0.0,0.0,0.0
China,CHN,Asia,24.5,109.5,2.9,Low,0,0.0,0.0,0.0
China,CHN,Asia,25.5,109.5,2.9,Low,0,0.0,0.0,0.0
China,CHN,Asia,26.5,109.5,2.9,Low,0,0.0,0.0,0.0
China,CHN,Asia,27.5,109.5,2.9,Low,0,0.0,0.0,0.0
China,CHN,Asia,28.5,109.5,2.9,Low,0,0.0,0.0,0.0
China,CHN,Asia,29.5,109.5,2.9,Low,0,0.0,0.0,0.0
China,CHN,Asia,30.5,109.5,2.9,Low,0,0.0,0.0,0.0
China,CHN,Asia,31.5,109.5,2.9,Low,0,0.0,0.0,0.0
China,CHN,Asia,32.5,109.5,2.9,Low,0,0.0,0.0,0.0
China,CHN,Asia,33.5,109.5,2.9,Low,0,0.0,0.0,0.0
China,CHN,Asia,34.5,109.5,2.9,Low,1,4.8,4.8,10.0
China,CHN,Asia,35.5,109.5,2.9,Low,0,0.0,0.0,0.0
China,CHN,Asia,36.5,109.5,2.9,Low,0,0.0,0.0,0.0
China,CHN,Asia,37.5,109.5,2.9,Low,0,0.0,0.0,0.0
China,CHN,Asia,38.5,109.5,2.9,Low,1,4.5,4.5,10.0
China,CHN,Asia,39.5,109.5,2.9,Low,0,0.0,0.0,0.0
China,CHN,Asia,40.5,109.5,2.9,Low,1,4.6,4.6,10.0
China,CHN,Asia,41.5,109.5,2.9,Low,0,0.0,0.0,0.0
China,CHN,Asia,42.5,109.5,2.9,Low,0,0.0,0.0,0.0
Mongolia,MNG,Asia,43.5,109.5,2.7,Low,3,4.9,5.2,11.2667
Mongolia,MNG,Asia,44.5,109.5,2.7,Low,3,4.6333,4.8,9.5627
Mongolia,MNG,Asia,45.5,109.5,2.7,Low,0,0.0,0.0,0.0
Mongolia,MNG,Asia,46.5,109.5,2.7,Low,0,0.0,0.0,0.0
Mongolia,MNG,Asia,47.5,109.5,2.7,Low,0,0.0,0.0,0.0
Mongolia,MNG,Asia,48.5,109.5,2.7,Low,0,0.0,0.0,0.0
Russian Federation,RUS,Europe,49.5,109.5,4.0,Medium,0,0.0,0.0,0.0
Russian Federation,RUS,Europe,50.5,109.5,4.0,Medium,0,0.0,0.0,0.0
Russian Federation,RUS,Europe,51.5,109.5,4.0,Medium,0,0.0,0.0,0.0
Russian Federation,RUS,Europe,52.5,109.5,4.0,Medium,0,0.0,0.0,0.0
Russian Federation,RUS,Europe,53.5,109.5,4.0,Medium,1,4.5,4.5,11.56
Russian Federation,RUS,Europe,54.5,109.5,4.0,Medium,2,4.5,4.5,10.0
Russian Federation,RUS,Europe,55.5,109.5,4.0,Medium,0,0.0,0.0,0.0
Russian Federation,RUS,Europe,56.5,109.5,4.0,Medium,0,0.0,0.0,0.0
Russian Federation,RUS,Europe,57.5,109.5,4.0,Medium,0,0.0,0.0,0.0
Russian Federation,RUS,Europe,58.5,109.5,4.0,Medium,0,0.0,0.0,0.0
Russian Federation,RUS,Europe,59.5,109.5,4.0,Medium,0,0.0,0.0,0.0
Russian Federation,RUS,Europe,60.5,109.5,4.0,Medium,0,0.0,0.0,0.0
Russian Federation,RUS,Europe,61.5,109.5,4.0,Medium,0,0.0,0.0,0.0
Russian Federation,RUS,Europe,62.5,109.5,4.0,Medium,0,0.0,0.0,0.0
Russian Federation,RUS,Europe,63.5,109.5,4.0,Medium,0,0.0,0.0,0.0
Russian Federation,RUS,Europe,64.5,109.5,4.0,Medium,0,0.0,0.0,0.0
Russian Federation,RUS,Europe,65.5,109.5,4.0,Medium,0,0.0,0.0,0.0
Russian Federation,RUS,Europe,66.5,109.5,4.0,Medium,0,0.0,0.0,0.0
Russian Federation,RUS,Europe,67.5,109.5,4.0,Medium,0,0.0,0.0,0.0
Russian Federation,RUS,Europe,68.5,109.5,4.0,Medium,0,0.0,0.0,0.0
Russian Federation,RUS,Europe,69.5,109.5,4.0,Medium,0,0.0,0.0,0.0
Russian Federation,RUS,Europe,70.5,109.5,4.0,Medium,0,0.0,0.0,0.0
Russian Federation,RUS,Europe,71.5,109.5,4.0,Medium,0,0.0,0.0,0.0
Russian Federation,RUS,Europe,72.5,109.5,4.0,Medium,0,0.0,0.0,0.0
Russian Federation,RUS,Europe,73.5,109.5,4.0,Medium,0,0.0,0.0,0.0
Russian Federation,RUS,Europe,74.5,109.5,4.0,Medium,0,0.0,0.0,0.0
Russian Federation,RUS,Europe,75.5,109.5,4.0,Medium,0,0.0,0.0,0.0
Russian Federation,RUS,Europe,76.5,109.5,4.0,Medium,0,0.0,0.0,0.0
Indonesia,IDN,Asia,-7.5,110.5,4.5,Medium,7,5.1571,6.3,54.85
Indonesia,IDN,Asia,-2.5,110.5,4.5,Medium,1,4.7,4.7,15.29
Indonesia,IDN,Asia,-1.5,110.5,4.5,Medium,0,0.0,0.0,0.0
Indonesia,IDN,Asia,-0.5,110.5,4.5,Medium,0,0.0,0.0,0.0
Indonesia,IDN,Asia,0.5,110.5,4.5,Medium,0,0.0,0.0,0.0
Malaysia,MYS,Asia,1.5,110.5,3.2,Low,0,0.0,0.0,0.0
China,CHN,Asia,19.5,110.5,2.9,Low,0,0.0,0.0,0.0
China,CHN,Asia,21.5,110.5,2.9,Low,0,0.0,0.0,0.0
China,CHN,Asia,22.5,110.5,2.9,Low,1,4.6,4.6,10.0
China,CHN,Asia,23.5,110.5,2.9,Low,0,0.0,0.0,0.0
China,CHN,Asia,24.5,110.5,2.9,Low,0,0.0,0.0,0.0
China,CHN,Asia,25.5,110.5,2.9,Low,0,0.0,0.0,0.0
China,CHN,Asia,26.5,110.5,2.9,Low,0,0.0,0.0,0.0
China,CHN,Asia,27.5,110.5,2.9,Low,0,0.0,0.0,0.0
China,CHN,Asia,28.5,110.5,2.9,Low,0,0.0,0.0,0.0
China,CHN,Asia,29.5,110.5,2.9,Low,0,0.0,0.0,0.0
China,CHN,Asia,30.5,110.5,2.9,Low,2,4.95,5.1,17.905
China,CHN,Asia,31.5,110.5,2.9,Low,6,4.6667,5.1,20.4133
China,CHN,Asia,32.5,110.5,2.9,Low,1,4.8,4.8,10.0
China,CHN,Asia,33.5,110.5,2.9,Low,0,0.0,0.0,0.0
China,CHN,Asia,34.5,110.5,2.9,Low,0,0.0,0.0,0.0
China,CHN,Asia,35.5,110.5,2.9,Low,1,5.0,5.0,28.7
China,CHN,Asia,36.5,110.5,2.9,Low,0,0.0,0.0,0.0
China,CHN,Asia,37.5,110.5,2.9,Low,0,0.0,0.0,0.0
China,CHN,Asia,38.5,110.5,2.9,Low,0,0.0,0.0,0.0
China,CHN,Asia,39.5,110.5,2.9,Low,1,4.5,4.5,10.53
China,CHN,Asia,40.5,110.5,2.9,Low,0,0.0,0.0,0.0
China,CHN,Asia,41.5,110.5,2.9,Low,0,0.0,0.0,0.0
China,CHN,Asia,42.5,110.5,2.9,Low,0,0.0,0.0,0.0
Mongolia,MNG,Asia,43.5,110.5,2.7,Low,0,0.0,0.0,0.0
Mongolia,MNG,Asia,44.5,110.5,2.7,Low,0,0.0,0.0,0.0
Mongolia,MNG,Asia,45.5,110.5,2.7,Low,0,0.0,0.0,0.0
Mongolia,MNG,Asia,46.5,110.5,2.7,Low,0,0.0,0.0,0.0
Mongolia,MNG,Asia,47.5,110.5,2.7,Low,0,0.0,0.0,0.0
Mongolia,MNG,Asia,48.5,110.5,2.7,Low,0,0.0,0.0,0.0
Russian Federation,RUS,Europe,49.5,110.5,4.0,Medium,0,0.0,0.0,0.0
Russian Federation,RUS,Europe,50.5,110.5,4.0,Medium,0,0.0,0.0,0.0
Russian Federation,RUS,Europe,51.5,110.5,4.0,Medium,0,0.0,0.0,0.0
Russian Federation,RUS,Europe,52.5,110.5,4.0,Medium,0,0.0,0.0,0.0
Russian Federation,RUS,Europe,53.5,110.5,4.0,Medium,0,0.0,0.0,0.0
Russian Federation,RUS,Europe,54.5,110.5,4.0,Medium,4,4.85,5.3,14.5125
Russian Federation,RUS,Europe,55.5,110.5,4.0,Medium,15,4.7733,5.4,11.0647
Russian Federation,RUS,Europe,56.5,110.5,4.0,Medium,0,0.0,0.0,0.0
Russian Federation,RUS,Europe,57.5,110.5,4.0,Medium,0,0.0,0.0,0.0
Russian Federation,RUS,Europe,58.5,110.5,4.0,Medium,0,0.0,0.0,0.0
Russian Federation,RUS,Europe,59.5,110.5,4.0,Medium,0,0.0,0.0,0.0
Russian Federation,RUS,Europe,60.5,110.5,4.0,Medium,0,0.0,0.0,0.0
Russian Federation,RUS,Europe,61.5,110.5,4.0,Medium,0,0.0,0.0,0.0
Russian Federation,RUS,Europe,62.5,110.5,4.0,Medium,0,0.0,0.0,0.0
Russian Federation,RUS,Europe,63.5,110.5,4.0,Medium,0,0.0,0.0,0.0
Russian Federation,RUS,Europe,64.5,110.5,4.0,Medium,0,0.0,0.0,0.0
Russian Federation,RUS,Europe,65.5,110.5,4.0,Medium,0,0.0,0.0,0.0
Russian Federation,RUS,Europe,66.5,110.5,4.0,Medium,0,0.0,0.0,0.0
Russian Federation,RUS,Europe,67.5,110.5,4.0,Medium,0,0.0,0.0,0.0
Russian Federation,RUS,Europe,68.5,110.5,4.0,Medium,0,0.0,0.0,0.0
Russian Federation,RUS,Europe,69.5,110.5,4.0,Medium,0,0.0,0.0,0.0
Russian Federation,RUS,Europe,70.5,110.5,4.0,Medium,0,0.0,0.0,0.0
Russian Federation,RUS,Europe,71.5,110.5,4.0,Medium,0,0.0,0.0,0.0
Russian Federation,RUS,Europe,72.5,110.5,4.0,Medium,0,0.0,0.0,0.0
Russian Federation,RUS,Europe,73.5,110.5,4.0,Medium,0,0.0,0.0,0.0
Russian Federation,RUS,Europe,75.5,110.5,4.0,Medium,1,4.8,4.8,10.0
Russian Federation,RUS,Europe,76.5,110.5,4.0,Medium,0,0.0,0.0,0.0
Indonesia,IDN,Asia,-7.5,111.5,4.5,Medium,5,4.72,5.0,129.494
Indonesia,IDN,Asia,-2.5,111.5,4.5,Medium,0,0.0,0.0,0.0
Indonesia,IDN,Asia,-1.5,111.5,4.5,Medium,0,0.0,0.0,0.0
Indonesia,IDN,Asia,-0.5,111.5,4.5,Medium,1,4.7,4.7,33.0
Indonesia,IDN,Asia,0.5,111.5,4.5,Medium,0,0.0,0.0,0.0
Malaysia,MYS,Asia,1.5,111.5,3.2,Low,0,0.0,0.0,0.0
Malaysia,MYS,Asia,2.5,111.5,3.2,Low,0,0.0,0.0,0.0
China,CHN,Asia,22.5,111.5,2.9,Low,0,0.0,0.0,0.0
China,CHN,Asia,23.5,111.5,2.9,Low,0,0.0,0.0,0.0
China,CHN,Asia,24.5,111.5,2.9,Low,1,4.9,4.9,24.5
China,CHN,Asia,25.5,111.5,2.9,Low,0,0.0,0.0,0.0
China,CHN,Asia,26.5,111.5,2.9,Low,0,0.0,0.0,0.0
China,CHN,Asia,27.5,111.5,2.9,Low,0,0.0,0.0,0.0
China,CHN,Asia,28.5,111.5,2.9,Low,0,0.0,0.0,0.0
China,CHN,Asia,29.5,111.5,2.9,Low,0,0.0,0.0,0.0
China,CHN,Asia,30.5,111.5,2.9,Low,0,0.0,0.0,0.0
China,CHN,Asia,31.5,111.5,2.9,Low,0,0.0,0.0,0.0
China,CHN,Asia,32.5,111.5,2.9,Low,1,4.7,4.7,10.0
China,CHN,Asia,33.5,111.5,2.9,Low,0,0.0,0.0,0.0
China,CHN,Asia,34.5,111.5,2.9,Low,1,4.8,4.8,10.0
China,CHN,Asia,35.5,111.5,2.9,Low,0,0.0,0.0,0.0
China,CHN,Asia,36.5,111.5,2.9,Low,1,4.9,4.9,10.0
China,CHN,Asia,37.5,111.5,2.9,Low,0,0.0,0.0,0.0
China,CHN,Asia,38.5,111.5,2.9,Low,0,0.0,0.0,0.0
China,CHN,Asia,39.5,111.5,2.9,Low,0,0.0,0.0,0.0
China,CHN,Asia,40.5,111.5,2.9,Low,2,4.55,4.6,10.0
China,CHN,Asia,41.5,111.5,2.9,Low,0,0.0,0.0,0.0
China,CHN,Asia,42.5,111.5,2.9,Low,0,0.0,0.0,0.0
China,CHN,Asia,43.5,111.5,2.9,Low,0,0.0,0.0,0.0
China,CHN,Asia,44.5,111.5,2.9,Low,0,0.0,0.0,0.0
Mongolia,MNG,Asia,45.5,111.5,2.7,Low,0,0.0,0.0,0.0
Mongolia,MNG,Asia,46.5,111.5,2.7,Low,0,0.0,0.0,0.0
Mongolia,MNG,Asia,47.5,111.5,2.7,Low,0,0.0,0.0,0.0
Mongolia,MNG,Asia,48.5,111.5,2.7,Low,0,0.0,0.0,0.0
Russian Federation,RUS,Europe,49.5,111.5,4.0,Medium,0,0.0,0.0,0.0
Russian Federation,RUS,Europe,50.5,111.5,4.0,Medium,0,0.0,0.0,0.0
Russian Federation,RUS,Europe,51.5,111.5,4.0,Medium,0,0.0,0.0,0.0
Russian Federation,RUS,Europe,52.5,111.5,4.0,Medium,0,0.0,0.0,0.0
Russian Federation,RUS,Europe,53.5,111.5,4.0,Medium,0,0.0,0.0,0.0
Russian Federation,RUS,Europe,54.5,111.5,4.0,Medium,9,4.7111,5.1,10.3822
Russian Federation,RUS,Europe,55.5,111.5,4.0,Medium,7,4.6714,4.9,10.0
Russian Federation,RUS,Europe,56.5,111.5,4.0,Medium,3,4.9667,5.6,10.0
Russian Federation,RUS,Europe,57.5,111.5,4.0,Medium,0,0.0,0.0,0.0
Russian Federation,RUS,Europe,58.5,111.5,4.0,Medium,0,0.0,0.0,0.0
Russian Federation,RUS,Europe,59.5,111.5,4.0,Medium,0,0.0,0.0,0.0
Russian Federation,RUS,Europe,60.5,111.5,4.0,Medium,0,0.0,0.0,0.0
Russian Federation,RUS,Europe,61.5,111.5,4.0,Medium,0,0.0,0.0,0.0
Russian Federation,RUS,Europe,62.5,111.5,4.0,Medium,0,0.0,0.0,0.0
Russian Federation,RUS,Europe,63.5,111.5,4.0,Medium,0,0.0,0.0,0.0
Russian Federation,RUS,Europe,64.5,111.5,4.0,Medium,0,0.0,0.0,0.0
Russian Federation,RUS,Europe,65.5,111.5,4.0,Medium,0,0.0,0.0,0.0
Russian Federation,RUS,Europe,66.5,111.5,4.0,Medium,0,0.0,0.0,0.0
Russian Federation,RUS,Europe,67.5,111.5,4.0,Medium,0,0.0,0.0,0.0
Russian Federation,RUS,Europe,68.5,111.5,4.0,Medium,0,0.0,0.0,0.0
Russian Federation,RUS,Europe,69.5,111.5,4.0,Medium,0,0.0,0.0,0.0
Russian Federation,RUS,Europe,70.5,111.5,4.0,Medium,0,0.0,0.0,0.0
Russian Federation,RUS,Europe,71.5,111.5,4.0,Medium,0,0.0,0.0,0.0
Russian Federation,RUS,Europe,72.5,111.5,4.0,Medium,0,0.0,0.0,0.0
Russian Federation,RUS,Europe,73.5,111.5,4.0,Medium,0,0.0,0.0,0.0
Russian Federation,RUS,Europe,75.5,111.5,4.0,Medium,0,0.0,0.0,0.0
Russian Federation,RUS,Europe,76.5,111.5,4.0,Medium,0,0.0,0.0,0.0
Indonesia,IDN,Asia,-7.5,112.5,4.5,Medium,6,4.7167,5.2,128.4817
Indonesia,IDN,Asia,-2.5,112.5,4.5,Medium,0,0.0,0.0,0.0
Indonesia,IDN,Asia,-1.5,112.5,4.5,Medium,0,0.0,0.0,0.0
Indonesia,IDN,Asia,-0.5,112.5,4.5,Medium,0,0.0,0.0,0.0
Indonesia,IDN,Asia,0.5,112.5,4.5,Medium,0,0.0,0.0,0.0
Malaysia,MYS,Asia,1.5,112.5,3.2,Low,0,0.0,0.0,0.0
Malaysia,MYS,Asia,2.5,112.5,3.2,Low,0,0.0,0.0,0.0
China,CHN,Asia,22.5,112.5,2.9,Low,0,0.0,0.0,0.0
China,CHN,Asia,23.5,112.5,2.9,Low,0,0.0,0.0,0.0
China,CHN,Asia,24.5,112.5,2.9,Low,0,0.0,0.0,0.0
China,CHN,Asia,25.5,112.5,2.9,Low,0,0.0,0.0,0.0
China,CHN,Asia,26.5,112.5,2.9,Low,0,0.0,0.0,0.0
China,CHN,Asia,27.5,112.5,2.9,Low,0,0.0,0.0,0.0
China,CHN,Asia,28.5,112.5,2.9,Low,0,0.0,0.0,0.0
China,CHN,Asia,29.5,112.5,2.9,Low,0,0.0,0.0,0.0
China,CHN,Asia,30.5,112.5,2.9,Low,0,0.0,0.0,0.0
China,CHN,Asia,31.5,112.5,2.9,Low,0,0.0,0.0,0.0
China,CHN,Asia,32.5,112.5,2.9,Low,0,0.0,0.0,0.0
China,CHN,Asia,33.5,112.5,2.9,Low,0,0.0,0.0,0.0
China,CHN,Asia,34.5,112.5,2.9,Low,0,0.0,0.0,0.0
China,CHN,Asia,35.5,112.5,2.9,Low,0,0.0,0.0,0.0
China,CHN,Asia,36.5,112.5,2.9,Low,0,0.0,0.0,0.0
China,CHN,Asia,37.5,112.5,2.9,Low,1,4.7,4.7,25.7
China,CHN,Asia,38.5,112.5,2.9,Low,1,4.7,4.7,10.0
China,CHN,Asia,39.5,112.5,2.9,Low,0,0.0,0.0,0.0
China,CHN,Asia,40.5,112.5,2.9,Low,0,0.0,0.0,0.0
China,CHN,Asia,41.5,112.5,2.9,Low,0,0.0,0.0,0.0
China,CHN,Asia,42.5,112.5,2.9,Low,0,0.0,0.0,0.0
China,CHN,Asia,43.5,112.5,2.9,Low,0,0.0,0.0,0.0
China,CHN,Asia,44.5,112.5,2.9,Low,0,0.0,0.0,0.0
Mongolia,MNG,Asia,45.5,112.5,2.7,Low,0,0.0,0.0,0.0
Mongolia,MNG,Asia,46.5,112.5,2.7,Low,0,0.0,0.0,0.0
Mongolia,MNG,Asia,47.5,112.5,2.7,Low,0,0.0,0.0,0.0
Mongolia,MNG,Asia,48.5,112.5,2.7,Low,0,0.0,0.0,0.0
Russian Federation,RUS,Europe,49.5,112.5,4.0,Medium,0,0.0,0.0,0.0
Russian Federation,RUS,Europe,50.5,112.5,4.0,Medium,0,0.0,0.0,0.0
Russian Federation,RUS,Europe,51.5,112.5,4.0,Medium,0,0.0,0.0,0.0
Russian Federation,RUS,Europe,52.5,112.5,4.0,Medium,0,0.0,0.0,0.0
Russian Federation,RUS,Europe,53.5,112.5,4.0,Medium,0,0.0,0.0,0.0
Russian Federation,RUS,Europe,54.5,112.5,4.0,Medium,0,0.0,0.0,0.0
Russian Federation,RUS,Europe,55.5,112.5,4.0,Medium,1,4.5,4.5,10.0
Russian Federation,RUS,Europe,56.5,112.5,4.0,Medium,3,4.9,5.0,14.9833
Russian Federation,RUS,Europe,57.5,112.5,4.0,Medium,0,0.0,0.0,0.0
Russian Federation,RUS,Europe,58.5,112.5,4.0,Medium,0,0.0,0.0,0.0
Russian Federation,RUS,Europe,59.5,112.5,4.0,Medium,0,0.0,0.0,0.0
Russian Federation,RUS,Europe,60.5,112.5,4.0,Medium,0,0.0,0.0,0.0
Russian Federation,RUS,Europe,61.5,112.5,4.0,Medium,0,0.0,0.0,0.0
Russian Federation,RUS,Europe,62.5,112.5,4.0,Medium,0,0.0,0.0,0.0
Russian Federation,RUS,Europe,63.5,112.5,4.0,Medium,0,0.0,0.0,0.0
Russian Federation,RUS,Europe,64.5,112.5,4.0,Medium,0,0.0,0.0,0.0
Russian Federation,RUS,Europe,65.5,112.5,4.0,Medium,0,0.0,0.0,0.0
Russian Federation,RUS,Europe,66.5,112.5,4.0,Medium,0,0.0,0.0,0.0
Russian Federation,RUS,Europe,67.5,112.5,4.0,Medium,0,0.0,0.0,0.0
Russian Federation,RUS,Europe,68.5,112.5,4.0,Medium,0,0.0,0.0,0.0
Russian Federation,RUS,Europe,69.5,112.5,4.0,Medium,0,0.0,0.0,0.0
Russian Federation,RUS,Europe,70.5,112.5,4.0,Medium,0,0.0,0.0,0.0
Russian Federation,RUS,Europe,71.5,112.5,4.0,Medium,0,0.0,0.0,0.0
Russian Federation,RUS,Europe,72.5,112.5,4.0,Medium,0,0.0,0.0,0.0
Russian Federation,RUS,Europe,73.5,112.5,4.0,Medium,0,0.0,0.0,0.0
Russian Federation,RUS,Europe,75.5,112.5,4.0,Medium,0,0.0,0.0,0.0
Australia,AUS,Oceania,-26.5,113.5,2.4,Low,0,0.0,0.0,0.0
Australia,AUS,Oceania,-24.5,113.5,2.4,Low,1,4.5,4.5,10.0
Indonesia,IDN,Asia,-2.5,113.5,4.5,Medium,0,0.0,0.0,0.0
Indonesia,IDN,Asia,-1.5,113.5,4.5,Medium,0,0.0,0.0,0.0
Indonesia,IDN,Asia,-0.5,113.5,4.5,Medium,0,0.0,0.0,0.0
Indonesia,IDN,Asia,0.5,113.5,4.5,Medium,0,0.0,0.0,0.0
Malaysia,MYS,Asia,1.5,113.5,3.2,Low,0,0.0,0.0,0.0
Malaysia,MYS,Asia,2.5,113.5,3.2,Low,0,0.0,0.0,0.0
Malaysia,MYS,Asia,3.5,113.5,3.2,Low,1,5.2,5.2,10.0
China,CHN,Asia,22.5,113.5,2.9,Low,0,0.0,0.0,0.0
China,CHN,Asia,23.5,113.5,2.9,Low,0,0.0,0.0,0.0
China,CHN,Asia,24.5,113.5,2.9,Low,0,0.0,0.0,0.0
China,CHN,Asia,25.5,113.5,2.9,Low,0,0.0,0.0,0.0
China,CHN,Asia,26.5,113.5,2.9,Low,0,0.0,0.0,0.0
China,CHN,Asia,27.5,113.5,2.9,Low,0,0.0,0.0,0.0
China,CHN,Asia,28.5,113.5,2.9,Low,0,0.0,0.0,0.0
China,CHN,Asia,29.5,113.5,2.9,Low,0,0.0,0.0,0.0
China,CHN,Asia,30.5,113.5,2.9,Low,1,5.0,5.0,10.0
China,CHN,Asia,31.5,113.5,2.9,Low,1,4.5,4.5,10.0
China,CHN,Asia,32.5,113.5,2.9,Low,0,0.0,0.0,0.0
China,CHN,Asia,33.5,113.5,2.9,Low,0,0.0,0.0,0.0
China,CHN,Asia,34.5,113.5,2.9,Low,1,4.7,4.7,10.0
China,CHN,Asia,35.5,113.5,2.9,Low,0,0.0,0.0,0.0
China,CHN,Asia,36.5,113.5,2.9,Low,0,0.0,0.0,0.0
China,CHN,Asia,37.5,113.5,2.9,Low,0,0.0,0.0,0.0
China,CHN,Asia,38.5,113.5,2.9,Low,1,4.7,4.7,10.0
China,CHN,Asia,39.5,113.5,2.9,Low,0,0.0,0.0,0.0
China,CHN,Asia,40.5,113.5,2.9,Low,1,4.9,4.9,12.2
China,CHN,Asia,41.5,113.5,2.9,Low,0,0.0,0.0,0.0
China,CHN,Asia,42.5,113.5,2.9,Low,0,0.0,0.0,0.0
China,CHN,Asia,43.5,113.5,2.9,Low,0,0.0,0.0,0.0
China,CHN,Asia,44.5,113.5,2.9,Low,0,0.0,0.0,0.0
Mongolia,MNG,Asia,45.5,113.5,2.7,Low,0,0.0,0.0,0.0
Mongolia,MNG,Asia,46.5,113.5,2.7,Low,0,0.0,0.0,0.0
Mongolia,MNG,Asia,47.5,113.5,2.7,Low,0,0.0,0.0,0.0
Mongolia,MNG,Asia,48.5,113.5,2.7,Low,0,0.0,0.0,0.0
Mongolia,MNG,Asia,49.5,113.5,2.7,Low,0,0.0,0.0,0.0
Russian Federation,RUS,Europe,50.5,113.5,4.0,Medium,0,0.0,0.0,0.0
Russian Federation,RUS,Europe,51.5,113.5,4.0,Medium,0,0.0,0.0,0.0
Russian Federation,RUS,Europe,52.5,113.5,4.0,Medium,0,0.0,0.0,0.0
Russian Federation,RUS,Europe,53.5,113.5,4.0,Medium,0,0.0,0.0,0.0
Russian Federation,RUS,Europe,54.5,113.5,4.0,Medium,0,0.0,0.0,0.0
Russian Federation,RUS,Europe,55.5,113.5,4.0,Medium,12,4.6333,5.1,13.4017
Russian Federation,RUS,Europe,56.5,113.5,4.0,Medium,10,4.74,5.4,10.748
Russian Federation,RUS,Europe,57.5,113.5,4.0,Medium,0,0.0,0.0,0.0
Russian Federation,RUS,Europe,58.5,113.5,4.0,Medium,0,0.0,0.0,0.0
Russian Federation,RUS,Europe,59.5,113.5,4.0,Medium,0,0.0,0.0,0.0
Russian Federation,RUS,Europe,60.5,113.5,4.0,Medium,0,0.0,0.0,0.0
Russian Federation,RUS,Europe,61.5,113.5,4.0,Medium,0,0.0,0.0,0.0
Russian Federation,RUS,Europe,62.5,113.5,4.0,Medium,0,0.0,0.0,0.0
Russian Federation,RUS,Europe,63.5,113.5,4.0,Medium,0,0.0,0.0,0.0
Russian Federation,RUS,Europe,64.5,113.5,4.0,Medium,0,0.0,0.0,0.0
Russian Federation,RUS,Europe,65.5,113.5,4.0,Medium,0,0.0,0.0,0.0
Russian Federation,RUS,Europe,66.5,113.5,4.0,Medium,0,0.0,0.0,0.0
Russian Federation,RUS,Europe,67.5,113.5,4.0,Medium,0,0.0,0.0,0.0
Russian Federation,RUS,Europe,68.5,113.5,4.0,Medium,0,0.0,0.0,0.0
Russian Federation,RUS,Europe,69.5,113.5,4.0,Medium,0,0.0,0.0,0.0
Russian Federation,RUS,Europe,70.5,113.5,4.0,Medium,0,0.0,0.0,0.0
Russian Federation,RUS,Europe,71.5,113.5,4.0,Medium,0,0.0,0.0,0.0
Russian Federation,RUS,Europe,72.5,113.5,4.0,Medium,0,0.0,0.0,0.0
Russian Federation,RUS,Europe,75.5,113.5,4.0,Medium,0,0.0,0.0,0.0
Australia,AUS,Oceania,-27.5,114.5,2.4,Low,0,0.0,0.0,0.0
Australia,AUS,Oceania,-26.5,114.5,2.4,Low,0,0.0,0.0,0.0
Australia,AUS,Oceania,-25.5,114.5,2.4,Low,0,0.0,0.0,0.0
Australia,AUS,Oceania,-24.5,114.5,2.4,Low,0,0.0,0.0,0.0
Australia,AUS,Oceania,-23.5,114.5,2.4,Low,0,0.0,0.0,0.0
Australia,AUS,Oceania,-22.5,114.5,2.4,Low,0,0.0,0.0,0.0
Indonesia,IDN,Asia,-8.5,114.5,4.5,Medium,12,4.8667,5.7,76.6875
Indonesia,IDN,Asia,-3.5,114.5,4.5,Medium,0,0.0,0.0,0.0
Indonesia,IDN,Asia,-2.5,114.5,4.5,Medium,0,0.0,0.0,0.0
Indonesia,IDN,Asia,-1.5,114.5,4.5,Medium,0,0.0,0.0,0.0
Indonesia,IDN,Asia,-0.5,114.5,4.5,Medium,0,0.0,0.0,0.0
Indonesia,IDN,Asia,0.5,114.5,4.5,Medium,0,0.0,0.0,0.0
Malaysia,MYS,Asia,1.5,114.5,3.2,Low,0,0.0,0.0,0.0
Malaysia,MYS,Asia,2.5,114.5,3.2,Low,0,0.0,0.0,0.0
Malaysia,MYS,Asia,3.5,114.5,3.2,Low,0,0.0,0.0,0.0
Brunei Darussalam,BRN,Asia,4.5,114.5,2.3,Low,0,0.0,0.0,0.0
China,CHN,Asia,22.5,114.5,2.9,Low,0,0.0,0.0,0.0
China,CHN,Asia,23.5,114.5,2.9,Low,1,4.5,4.5,9.0
China,CHN,Asia,24.5,114.5,2.9,Low,0,0.0,0.0,0.0
China,CHN,Asia,25.5,114.5,2.9,Low,0,0.0,0.0,0.0
China,CHN,Asia,26.5,114.5,2.9,Low,0,0.0,0.0,0.0
China,CHN,Asia,27.5,114.5,2.9,Low,0,0.0,0.0,0.0
China,CHN,Asia,28.5,114.5,2.9,Low,0,0.0,0.0,0.0
China,CHN,Asia,29.5,114.5,2.9,Low,0,0.0,0.0,0.0
China,CHN,Asia,30.5,114.5,2.9,Low,0,0.0,0.0,0.0
China,CHN,Asia,31.5,114.5,2.9,Low,0,0.0,0.0,0.0
China,CHN,Asia,32.5,114.5,2.9,Low,0,0.0,0.0,0.0
China,CHN,Asia,33.5,114.5,2.9,Low,0,0.0,0.0,0.0
China,CHN,Asia,34.5,114.5,2.9,Low,0,0.0,0.0,0.0
China,CHN,Asia,35.5,114.5,2.9,Low,0,0.0,0.0,0.0
China,CHN,Asia,36.5,114.5,2.9,Low,0,0.0,0.0,0.0
China,CHN,Asia,37.5,114.5,2.9,Low,1,4.8,4.8,25.7
China,CHN,Asia,38.5,114.5,2.9,Low,0,0.0,0.0,0.0
China,CHN,Asia,39.5,114.5,2.9,Low,0,0.0,0.0,0.0
China,CHN,Asia,40.5,114.5,2.9,Low,0,0.0,0.0,0.0
China,CHN,Asia,41.5,114.5,2.9,Low,0,0.0,0.0,0.0
China,CHN,Asia,42.5,114.5,2.9,Low,0,0.0,0.0,0.0
China,CHN,Asia,43.5,114.5,2.9,Low,0,0.0,0.0,0.0
China,CHN,Asia,44.5,114.5,2.9,Low,0,0.0,0.0,0.0
Mongolia,MNG,Asia,45.5,114.5,2.7,Low,0,0.0,0.0,0.0
Mongolia,MNG,Asia,46.5,114.5,2.7,Low,0,0.0,0.0,0.0
Mongolia,MNG,Asia,47.5,114.5,2.7,Low,1,4.7,4.7,10.305
Mongolia,MNG,Asia,48.5,114.5,2.7,Low,0,0.0,0.0,0.0
Mongolia,MNG,Asia,49.5,114.5,2.7,Low,0,0.0,0.0,0.0
Russian Federation,RUS,Europe,50.5,114.5,4.0,Medium,0,0.0,0.0,0.0
Russian Federation,RUS,Europe,51.5,114.5,4.0,Medium,0,0.0,0.0,0.0
Russian Federation,RUS,Europe,52.5,114.5,4.0,Medium,0,0.0,0.0,0.0
Russian Federation,RUS,Europe,53.5,114.5,4.0,Medium,0,0.0,0.0,0.0
Russian Federation,RUS,Europe,54.5,114.5,4.0,Medium,0,0.0,0.0,0.0
Russian Federation,RUS,Europe,55.5,114.5,4.0,Medium,1,5.0,5.0,10.0
Russian Federation,RUS,Europe,56.5,114.5,4.0,Medium,4,4.8,4.9,12.5
Russian Federation,RUS,Europe,57.5,114.5,4.0,Medium,0,0.0,0.0,0.0
Russian Federation,RUS,Europe,58.5,114.5,4.0,Medium,0,0.0,0.0,0.0
Russian Federation,RUS,Europe,59.5,114.5,4.0,Medium,0,0.0,0.0,0.0
Russian Federation,RUS,Europe,60.5,114.5,4.0,Medium,0,0.0,0.0,0.0
Russian Federation,RUS,Europe,61.5,114.5,4.0,Medium,0,0.0,0.0,0.0
Russian Federation,RUS,Europe,62.5,114.5,4.0,Medium,0,0.0,0.0,0.0
Russian Federation,RUS,Europe,63.5,114.5,4.0,Medium,0,0.0,0.0,0.0
Russian Federation,RUS,Europe,64.5,114.5,4.0,Medium,0,0.0,0.0,0.0
Russian Federation,RUS,Europe,65.5,114.5,4.0,Medium,0,0.0,0.0,0.0
Russian Federation,RUS,Europe,66.5,114.5,4.0,Medium,0,0.0,0.0,0.0
Russian Federation,RUS,Europe,67.5,114.5,4.0,Medium,0,0.0,0.0,0.0
Russian Federation,RUS,Europe,68.5,114.5,4.0,Medium,0,0.0,0.0,0.0
Russian Federation,RUS,Europe,69.5,114.5,4.0,Medium,0,0.0,0.0,0.0
Russian Federation,RUS,Europe,70.5,114.5,4.0,Medium,0,0.0,0.0,0.0
Russian Federation,RUS,Europe,71.5,114.5,4.0,Medium,0,0.0,0.0,0.0
Russian Federation,RUS,Europe,72.5,114.5,4.0,Medium,0,0.0,0.0,0.0
Russian Federation,RUS,Europe,73.5,114.5,4.0,Medium,1,4.5,4.5,10.0
Australia,AUS,Oceania,-33.5,115.5,2.4,Low,0,0.0,0.0,0.0
Australia,AUS,Oceania,-30.5,115.5,2.4,Low,0,0.0,0.0,0.0
Australia,AUS,Oceania,-29.5,115.5,2.4,Low,0,0.0,0.0,0.0
Australia,AUS,Oceania,-28.5,115.5,2.4,Low,0,0.0,0.0,0.0
Australia,AUS,Oceania,-27.5,115.5,2.4,Low,0,0.0,0.0,0.0
Australia,AUS,Oceania,-26.5,115.5,2.4,Low,0,0.0,0.0,0.0
Australia,AUS,Oceania,-25.5,115.5,2.4,Low,1,4.5,4.5,10.0
Australia,AUS,Oceania,-24.5,115.5,2.4,Low,0,0.0,0.0,0.0
Australia,AUS,Oceania,-23.5,115.5,2.4,Low,0,0.0,0.0,0.0
Australia,AUS,Oceania,-22.5,115.5,2.4,Low,0,0.0,0.0,0.0
Australia,AUS,Oceania,-21.5,115.5,2.4,Low,0,0.0,0.0,0.0
Indonesia,IDN,Asia,-3.5,115.5,4.5,Medium,0,0.0,0.0,0.0
Indonesia,IDN,Asia,-2.5,115.5,4.5,Medium,0,0.0,0.0,0.0
Indonesia,IDN,Asia,-1.5,115.5,4.5,Medium,1,4.7,4.7,36.2
Indonesia,IDN,Asia,-0.5,115.5,4.5,Medium,0,0.0,0.0,0.0
Indonesia,IDN,Asia,0.5,115.5,4.5,Medium,0,0.0,0.0,0.0
Indonesia,IDN,Asia,1.5,115.5,4.5,Medium,0,0.0,0.0,0.0
Indonesia,IDN,Asia,2.5,115.5,4.5,Medium,0,0.0,0.0,0.0
Malaysia,MYS,Asia,3.5,115.5,3.2,Low,0,0.0,0.0,0.0
Malaysia,MYS,Asia,4.5,115.5,3.2,Low,1,4.5,4.5,24.7
China,CHN,Asia,23.5,115.5,2.9,Low,0,0.0,0.0,0.0
China,CHN,Asia,24.5,115.5,2.9,Low,0,0.0,0.0,0.0
China,CHN,Asia,25.5,115.5,2.9,Low,0,0.0,0.0,0.0
China,CHN,Asia,26.5,115.5,2.9,Low,0,0.0,0.0,0.0
China,CHN,Asia,27.5,115.5,2.9,Low,0,0.0,0.0,0.0
China,CHN,Asia,28.5,115.5,2.9,Low,0,0.0,0.0,0.0
China,CHN,Asia,29.5,115.5,2.9,Low,3,4.7667,5.2,9.1
China,CHN,Asia,30.5,115.5,2.9,Low,0,0.0,0.0,0.0
China,CHN,Asia,31.5,115.5,2.9,Low,0,0.0,0.0,0.0
China,CHN,Asia,32.5,115.5,2.9,Low,0,0.0,0.0,0.0
China,CHN,Asia,33.5,115.5,2.9,Low,1,4.6,4.6,10.0
China,CHN,Asia,34.5,115.5,2.9,Low,1,4.6,4.6,16.9
China,CHN,Asia,35.5,115.5,2.9,Low,0,0.0,0.0,0.0
China,CHN,Asia,36.5,115.5,2.9,Low,0,0.0,0.0,0.0
China,CHN,Asia,37.5,115.5,2.9,Low,0,0.0,0.0,0.0
China,CHN,Asia,38.5,115.5,2.9,Low,0,0.0,0.0,0.0
China,CHN,Asia,39.5,115.5,2.9,Low,0,0.0,0.0,0.0
China,CHN,Asia,40.5,115.5,2.9,Low,0,0.0,0.0,0.0
China,CHN,Asia,41.5,115.5,2.9,Low,0,0.0,0.0,0.0
China,CHN,Asia,42.5,115.5,2.9,Low,0,0.0,0.0,0.0
China,CHN,Asia,43.5,115.5,2.9,Low,0,0.0,0.0,0.0
China,CHN,Asia,44.5,115.5,2.9,Low,0,0.0,0.0,0.0
China,CHN,Asia,45.5,115.5,2.9,Low,0,0.0,0.0,0.0
Mongolia,MNG,Asia,46.5,115.5,2.7,Low,1,4.6,4.6,10.0
Mongolia,MNG,Asia,47.5,115.5,2.7,Low,0,0.0,0.0,0.0
Mongolia,MNG,Asia,48.5,115.5,2.7,Low,0,0.0,0.0,0.0
Mongolia,MNG,Asia,49.5,115.5,2.7,Low,0,0.0,0.0,0.0
Russian Federation,RUS,Europe,50.5,115.5,4.0,Medium,0,0.0,0.0,0.0
Russian Federation,RUS,Europe,51.5,115.5,4.0,Medium,0,0.0,0.0,0.0
Russian Federation,RUS,Europe,52.5,115.5,4.0,Medium,0,0.0,0.0,0.0
Russian Federation,RUS,Europe,53.5,115.5,4.0,Medium,0,0.0,0.0,0.0
Russian Federation,RUS,Europe,54.5,115.5,4.0,Medium,0,0.0,0.0,0.0
Russian Federation,RUS,Europe,55.5,115.5,4.0,Medium,0,0.0,0.0,0.0
Russian Federation,RUS,Europe,56.5,115.5,4.0,Medium,1,4.9,4.9,10.0
Russian Federation,RUS,Europe,57.5,115.5,4.0,Medium,0,0.0,0.0,0.0
Russian Federation,RUS,Europe,58.5,115.5,4.0,Medium,0,0.0,0.0,0.0
Russian Federation,RUS,Europe,59.5,115.5,4.0,Medium,0,0.0,0.0,0.0
Russian Federation,RUS,Europe,60.5,115.5,4.0,Medium,0,0.0,0.0,0.0
Russian Federation,RUS,Europe,61.5,115.5,4.0,Medium,0,0.0,0.0,0.0
Russian Federation,RUS,Europe,62.5,115.5,4.0,Medium,0,0.0,0.0,0.0
Russian Federation,RUS,Europe,63.5,115.5,4.0,Medium,0,0.0,0.0,0.0
Russian Federation,RUS,Europe,64.5,115.5,4.0,Medium,0,0.0,0.0,0.0
Russian Federation,RUS,Europe,65.5,115.5,4.0,Medium,0,0.0,0.0,0.0
Russian Federation,RUS,Europe,66.5,115.5,4.0,Medium,0,0.0,0.0,0.0
Russian Federation,RUS,Europe,67.5,115.5,4.0,Medium,0,0.0,0.0,0.0
Russian Federation,RUS,Europe,68.5,115.5,4.0,Medium,0,0.0,0.0,0.0
Russian Federation,RUS,Europe,69.5,115.5,4.0,Medium,0,0.0,0.0,0.0
Russian Federation,RUS,Europe,70.5,115.5,4.0,Medium,0,0.0,0.0,0.0
Russian Federation,RUS,Europe,71.5,115.5,4.0,Medium,0,0.0,0.0,0.0
Russian Federation,RUS,Europe,72.5,115.5,4.0,Medium,0,0.0,0.0,0.0
Russian Federation,RUS,Europe,73.5,115.5,4.0,Medium,0,0.0,0.0,0.0
Australia,AUS,Oceania,-34.5,116.5,2.4,Low,3,5.0,5.3,10.0
Australia,AUS,Oceania,-33.5,116.5,2.4,Low,0,0.0,0.0,0.0
Australia,AUS,Oceania,-32.5,116.5,2.4,Low,0,0.0,0.0,0.0
Australia,AUS,Oceania,-31.5,116.5,2.4,Low,0,0.0,0.0,0.0
Australia,AUS,Oceania,-30.5,116.5,2.4,Low,0,0.0,0.0,0.0
Australia,AUS,Oceania,-29.5,116.5,2.4,Low,0,0.0,0.0,0.0
Australia,AUS,Oceania,-28.5,116.5,2.4,Low,0,0.0,0.0,0.0
Australia,AUS,Oceania,-27.5,116.5,2.4,Low,0,0.0,0.0,0.0
Australia,AUS,Oceania,-26.5,116.5,2.4,Low,0,0.0,0.0,0.0
Australia,AUS,Oceania,-25.5,116.5,2.4,Low,0,0.0,0.0,0.0
Australia,AUS,Oceania,-24.5,116.5,2.4,Low,0,0.0,0.0,0.0
Australia,AUS,Oceania,-23.5,116.5,2.4,Low,0,0.0,0.0,0.0
Australia,AUS,Oceania,-22.5,116.5,2.4,Low,0,0.0,0.0,0.0
Australia,AUS,Oceania,-21.5,116.5,2.4,Low,0,0.0,0.0,0.0
Indonesia,IDN,Asia,-2.5,116.5,4.5,Medium,0,0.0,0.0,0.0
Indonesia,IDN,Asia,-1.5,116.5,4.5,Medium,0,0.0,0.0,0.0
Indonesia,IDN,Asia,-0.5,116.5,4.5,Medium,0,0.0,0.0,0.0
Indonesia,IDN,Asia,0.5,116.5,4.5,Medium,0,0.0,0.0,0.0
Indonesia,IDN,Asia,1.5,116.5,4.5,Medium,1,5.3,5.3,11.0
Indonesia,IDN,Asia,2.5,116.5,4.5,Medium,1,4.7,4.7,10.0
Indonesia,IDN,Asia,3.5,116.5,4.5,Medium,0,0.0,0.0,0.0
Malaysia,MYS,Asia,4.5,116.5,3.2,Low,0,0.0,0.0,0.0
Malaysia,MYS,Asia,5.5,116.5,3.2,Low,1,6.0,6.0,10.0
Malaysia,MYS,Asia,6.5,116.5,3.2,Low,7,4.8143,5.3,99.3357
China,CHN,Asia,23.5,116.5,2.9,Low,0,0.0,0.0,0.0
China,CHN,Asia,24.5,116.5,2.9,Low,0,0.0,0.0,0.0
China,CHN,Asia,25.5,116.5,2.9,Low,0,0.0,0.0,0.0
China,CHN,Asia,26.5,116.5,2.9,Low,0,0.0,0.0,0.0
China,CHN,Asia,27.5,116.5,2.9,Low,0,0.0,0.0,0.0
China,CHN,Asia,28.5,116.5,2.9,Low,0,0.0,0.0,0.0
China,CHN,Asia,29.5,116.5,2.9,Low,0,0.0,0.0,0.0
China,CHN,Asia,30.5,116.5,2.9,Low,0,0.0,0.0,0.0
China,CHN,Asia,31.5,116.5,2.9,Low,0,0.0,0.0,0.0
China,CHN,Asia,32.5,116.5,2.9,Low,0,0.0,0.0,0.0
China,CHN,Asia,33.5,116.5,2.9,Low,0,0.0,0.0,0.0
China,CHN,Asia,34.5,116.5,2.9,Low,0,0.0,0.0,0.0
China,CHN,Asia,35.5,116.5,2.9,Low,0,0.0,0.0,0.0
China,CHN,Asia,36.5,116.5,2.9,Low,0,0.0,0.0,0.0
China,CHN,Asia,37.5,116.5,2.9,Low,1,5.4,5.4,18.0
China,CHN,Asia,38.5,116.5,2.9,Low,0,0.0,0.0,0.0
China,CHN,Asia,39.5,116.5,2.9,Low,2,4.75,4.9,10.0
China,CHN,Asia,40.5,116.5,2.9,Low,0,0.0,0.0,0.0
China,CHN,Asia,41.5,116.5,2.9,Low,0,0.0,0.0,0.0
China,CHN,Asia,42.5,116.5,2.9,Low,0,0.0,0.0,0.0
China,CHN,Asia,43.5,116.5,2.9,Low,0,0.0,0.0,0.0
China,CHN,Asia,44.5,116.5,2.9,Low,0,0.0,0.0,0.0
China,CHN,Asia,45.5,116.5,2.9,Low,0,0.0,0.0,0.0
Mongolia,MNG,Asia,46.5,116.5,2.7,Low,1,4.5,4.5,10.0
Mongolia,MNG,Asia,47.5,116.5,2.7,Low,2,4.65,4.8,10.0
China,CHN,Asia,48.5,116.5,2.9,Low,0,0.0,0.0,0.0
China,CHN,Asia,49.5,116.5,2.9,Low,0,0.0,0.0,0.0
Russian Federation,RUS,Europe,50.5,116.5,4.0,Medium,0,0.0,0.0,0.0
Russian Federation,RUS,Europe,51.5,116.5,4.0,Medium,1,4.6,4.6,10.0
Russian Federation,RUS,Europe,52.5,116.5,4.0,Medium,0,0.0,0.0,0.0
Russian Federation,RUS,Europe,53.5,116.5,4.0,Medium,0,0.0,0.0,0.0
Russian Federation,RUS,Europe,54.5,116.5,4.0,Medium,0,0.0,0.0,0.0
Russian Federation,RUS,Europe,55.5,116.5,4.0,Medium,0,0.0,0.0,0.0
Russian Federation,RUS,Europe,56.5,116.5,4.0,Medium,0,0.0,0.0,0.0
Russian Federation,RUS,Europe,57.5,116.5,4.0,Medium,0,0.0,0.0,0.0
Russian Federation,RUS,Europe,58.5,116.5,4.0,Medium,0,0.0,0.0,0.0
Russian Federation,RUS,Europe,59.5,116.5,4.0,Medium,0,0.0,0.0,0.0
Russian Federation,RUS,Europe,60.5,116.5,4.0,Medium,0,0.0,0.0,0.0
Russian Federation,RUS,Europe,61.5,116.5,4.0,Medium,0,0.0,0.0,0.0
Russian Federation,RUS,Europe,62.5,116.5,4.0,Medium,0,0.0,0.0,0.0
Russian Federation,RUS,Europe,63.5,116.5,4.0,Medium,0,0.0,0.0,0.0
Russian Federation,RUS,Europe,64.5,116.5,4.0,Medium,0,0.0,0.0,0.0
Russian Federation,RUS,Europe,65.5,116.5,4.0,Medium,0,0.0,0.0,0.0
Russian Federation,RUS,Europe,66.5,116.5,4.0,Medium,0,0.0,0.0,0.0
Russian Federation,RUS,Europe,67.5,116.5,4.0,Medium,0,0.0,0.0,0.0
Russian Federation,RUS,Europe,68.5,116.5,4.0,Medium,0,0.0,0.0,0.0
Russian Federation,RUS,Europe,69.5,116.5,4.0,Medium,0,0.0,0.0,0.0
Russian Federation,RUS,Europe,70.5,116.5,4.0,Medium,0,0.0,0.0,0.0
Russian Federation,RUS,Europe,71.5,116.5,4.0,Medium,0,0.0,0.0,0.0
Russian Federation,RUS,Europe,72.5,116.5,4.0,Medium,0,0.0,0.0,0.0
Russian Federation,RUS,Europe,73.5,116.5,4.0,Medium,0,0.0,0.0,0.0
Australia,AUS,Oceania,-34.5,117.5,2.4,Low,0,0.0,0.0,0.0
Australia,AUS,Oceania,-33.5,117.5,2.4,Low,2,4.7,4.9,3.705
Australia,AUS,Oceania,-32.5,117.5,2.4,Low,0,0.0,0.0,0.0
Australia,AUS,Oceania,-31.5,117.5,2.4,Low,0,0.0,0.0,0.0
Australia,AUS,Oceania,-30.5,117.5,2.4,Low,8,4.6125,4.8,8.5
Australia,AUS,Oceania,-29.5,117.5,2.4,Low,0,0.0,0.0,0.0
Australia,AUS,Oceania,-28.5,117.5,2.4,Low,0,0.0,0.0,0.0
Australia,AUS,Oceania,-27.5,117.5,2.4,Low,0,0.0,0.0,0.0
Australia,AUS,Oceania,-26.5,117.5,2.4,Low,0,0.0,0.0,0.0
Australia,AUS,Oceania,-25.5,117.5,2.4,Low,0,0.0,0.0,0.0
Australia,AUS,Oceania,-24.5,117.5,2.4,Low,0,0.0,0.0,0.0
Australia,AUS,Oceania,-23.5,117.5,2.4,Low,0,0.0,0.0,0.0
Australia,AUS,Oceania,-22.5,117.5,2.4,Low,0,0.0,0.0,0.0
Australia,AUS,Oceania,-21.5,117.5,2.4,Low,1,4.5,4.5,10.0
Indonesia,IDN,Asia,-8.5,117.5,4.5,Medium,75,4.788,5.9,66.5027
Indonesia,IDN,Asia,-0.5,117.5,4.5,Medium,0,0.0,0.0,0.0
Indonesia,IDN,Asia,0.5,117.5,4.5,Medium,0,0.0,0.0,0.0
Indonesia,IDN,Asia,1.5,117.5,4.5,Medium,0,0.0,0.0,0.0
Indonesia,IDN,Asia,2.5,117.5,4.5,Medium,2,4.85,4.9,24.25
Malaysia,MYS,Asia,4.5,117.5,3.2,Low,0,0.0,0.0,0.0
Malaysia,MYS,Asia,5.5,117.5,3.2,Low,0,0.0,0.0,0.0
Malaysia,MYS,Asia,6.5,117.5,3.2,Low,3,4.7667,5.3,232.13
China,CHN,Asia,24.5,117.5,2.9,Low,0,0.0,0.0,0.0
China,CHN,Asia,25.5,117.5,2.9,Low,0,0.0,0.0,0.0
China,CHN,Asia,26.5,117.5,2.9,Low,0,0.0,0.0,0.0
China,CHN,Asia,27.5,117.5,2.9,Low,0,0.0,0.0,0.0
China,CHN,Asia,28.5,117.5,2.9,Low,0,0.0,0.0,0.0
China,CHN,Asia,29.5,117.5,2.9,Low,0,0.0,0.0,0.0
China,CHN,Asia,30.5,117.5,2.9,Low,1,4.9,4.9,10.0
China,CHN,Asia,31.5,117.5,2.9,Low,0,0.0,0.0,0.0
China,CHN,Asia,32.5,117.5,2.9,Low,0,0.0,0.0,0.0
China,CHN,Asia,33.5,117.5,2.9,Low,0,0.0,0.0,0.0
China,CHN,Asia,34.5,117.5,2.9,Low,0,0.0,0.0,0.0
China,CHN,Asia,35.5,117.5,2.9,Low,0,0.0,0.0,0.0
China,CHN,Asia,36.5,117.5,2.9,Low,0,0.0,0.0,0.0
China,CHN,Asia,37.5,117.5,2.9,Low,0,0.0,0.0,0.0
China,CHN,Asia,38.5,117.5,2.9,Low,0,0.0,0.0,0.0
China,CHN,Asia,39.5,117.5,2.9,Low,1,4.6,4.6,10.0
China,CHN,Asia,40.5,117.5,2.9,Low,0,0.0,0.0,0.0
China,CHN,Asia,41.5,117.5,2.9,Low,0,0.0,0.0,0.0
China,CHN,Asia,42.5,117.5,2.9,Low,0,0.0,0.0,0.0
China,CHN,Asia,43.5,117.5,2.9,Low,0,0.0,0.0,0.0
China,CHN,Asia,44.5,117.5,2.9,Low,1,4.6,4.6,33.0
China,CHN,Asia,45.5,117.5,2.9,Low,0,0.0,0.0,0.0
China,CHN,Asia,46.5,117.5,2.9,Low,0,0.0,0.0,0.0
Mongolia,MNG,Asia,47.5,117.5,2.7,Low,0,0.0,0.0,0.0
China,CHN,Asia,48.5,117.5,2.9,Low,0,0.0,0.0,0.0
China,CHN,Asia,49.5,117.5,2.9,Low,0,0.0,0.0,0.0
Russian Federation,RUS,Europe,50.5,117.5,4.0,Medium,0,0.0,0.0,0.0
Russian Federation,RUS,Europe,51.5,117.5,4.0,Medium,0,0.0,0.0,0.0
Russian Federation,RUS,Europe,52.5,117.5,4.0,Medium,0,0.0,0.0,0.0
Russian Federation,RUS,Europe,53.5,117.5,4.0,Medium,0,0.0,0.0,0.0
Russian Federation,RUS,Europe,54.5,117.5,4.0,Medium,0,0.0,0.0,0.0
Russian Federation,RUS,Europe,55.5,117.5,4.0,Medium,0,0.0,0.0,0.0
Russian Federation,RUS,Europe,56.5,117.5,4.0,Medium,7,4.9,5.3,10.5429
Russian Federation,RUS,Europe,57.5,117.5,4.0,Medium,0,0.0,0.0,0.0
Russian Federation,RUS,Europe,58.5,117.5,4.0,Medium,0,0.0,0.0,0.0
Russian Federation,RUS,Europe,59.5,117.5,4.0,Medium,0,0.0,0.0,0.0
Russian Federation,RUS,Europe,60.5,117.5,4.0,Medium,0,0.0,0.0,0.0
Russian Federation,RUS,Europe,61.5,117.5,4.0,Medium,0,0.0,0.0,0.0
Russian Federation,RUS,Europe,62.5,117.5,4.0,Medium,0,0.0,0.0,0.0
Russian Federation,RUS,Europe,63.5,117.5,4.0,Medium,0,0.0,0.0,0.0
Russian Federation,RUS,Europe,64.5,117.5,4.0,Medium,0,0.0,0.0,0.0
Russian Federation,RUS,Europe,65.5,117.5,4.0,Medium,0,0.0,0.0,0.0
Russian Federation,RUS,Europe,66.5,117.5,4.0,Medium,0,0.0,0.0,0.0
Russian Federation,RUS,Europe,67.5,117.5,4.0,Medium,0,0.0,0.0,0.0
Russian Federation,RUS,Europe,68.5,117.5,4.0,Medium,0,0.0,0.0,0.0
Russian Federation,RUS,Europe,69.5,117.5,4.0,Medium,0,0.0,0.0,0.0
Russian Federation,RUS,Europe,70.5,117.5,4.0,Medium,0,0.0,0.0,0.0
Russian Federation,RUS,Europe,71.5,117.5,4.0,Medium,0,0.0,0.0,0.0
Russian Federation,RUS,Europe,72.5,117.5,4.0,Medium,0,0.0,0.0,0.0
Russian Federation,RUS,Europe,73.5,117.5,4.0,Medium,0,0.0,0.0,0.0
Australia,AUS,Oceania,-34.5,118.5,2.4,Low,0,0.0,0.0,0.0
Australia,AUS,Oceania,-33.5,118.5,2.4,Low,2,4.95,5.2,10.4375
Australia,AUS,Oceania,-32.5,118.5,2.4,Low,0,0.0,0.0,0.0
Australia,AUS,Oceania,-31.5,118.5,2.4,Low,0,0.0,0.0,0.0
Australia,AUS,Oceania,-30.5,118.5,2.4,Low,1,4.5,4.5,10.0
Australia,AUS,Oceania,-29.5,118.5,2.4,Low,0,0.0,0.0,0.0
Australia,AUS,Oceania,-28.5,118.5,2.4,Low,0,0.0,0.0,0.0
Australia,AUS,Oceania,-27.5,118.5,2.4,Low,0,0.0,0.0,0.0
Australia,AUS,Oceania,-26.5,118.5,2.4,Low,0,0.0,0.0,0.0
Australia,AUS,Oceania,-25.5,118.5,2.4,Low,0,0.0,0.0,0.0
Australia,AUS,Oceania,-24.5,118.5,2.4,Low,0,0.0,0.0,0.0
Australia,AUS,Oceania,-23.5,118.5,2.4,Low,0,0.0,0.0,0.0
Australia,AUS,Oceania,-22.5,118.5,2.4,Low,0,0.0,0.0,0.0
Australia,AUS,Oceania,-21.5,118.5,2.4,Low,0,0.0,0.0,0.0
Australia,AUS,Oceania,-20.5,118.5,2.4,Low,0,0.0,0.0,0.0
Indonesia,IDN,Asia,-8.5,118.5,4.5,Medium,111,4.8009,6.6,87.8686
Malaysia,MYS,Asia,4.5,118.5,3.2,Low,4,4.675,5.0,27.815
Malaysia,MYS,Asia,5.5,118.5,3.2,Low,0,0.0,0.0,0.0
Philippines,PHL,Asia,9.5,118.5,5.2,High,0,0.0,0.0,0.0
China,CHN,Asia,24.5,118.5,2.9,Low,0,0.0,0.0,0.0
China,CHN,Asia,25.5,118.5,2.9,Low,0,0.0,0.0,0.0
China,CHN,Asia,26.5,118.5,2.9,Low,1,4.5,4.5,35.0
China,CHN,Asia,27.5,118.5,2.9,Low,0,0.0,0.0,0.0
China,CHN,Asia,28.5,118.5,2.9,Low,0,0.0,0.0,0.0
China,CHN,Asia,29.5,118.5,2.9,Low,0,0.0,0.0,0.0
China,CHN,Asia,30.5,118.5,2.9,Low,0,0.0,0.0,0.0
China,CHN,Asia,31.5,118.5,2.9,Low,0,0.0,0.0,0.0
China,CHN,Asia,32.5,118.5,2.9,Low,0,0.0,0.0,0.0
China,CHN,Asia,33.5,118.5,2.9,Low,0,0.0,0.0,0.0
China,CHN,Asia,34.5,118.5,2.9,Low,0,0.0,0.0,0.0
China,CHN,Asia,35.5,118.5,2.9,Low,0,0.0,0.0,0.0
China,CHN,Asia,36.5,118.5,2.9,Low,0,0.0,0.0,0.0
China,CHN,Asia,37.5,118.5,2.9,Low,1,4.6,4.6,10.0
China,CHN,Asia,39.5,118.5,2.9,Low,5,4.62,4.8,11.8
China,CHN,Asia,40.5,118.5,2.9,Low,0,0.0,0.0,0.0
China,CHN,Asia,41.5,118.5,2.9,Low,0,0.0,0.0,0.0
China,CHN,Asia,42.5,118.5,2.9,Low,0,0.0,0.0,0.0
China,CHN,Asia,43.5,118.5,2.9,Low,0,0.0,0.0,0.0
China,CHN,Asia,44.5,118.5,2.9,Low,0,0.0,0.0,0.0
China,CHN,Asia,45.5,118.5,2.9,Low,1,5.5,5.5,18.8
China,CHN,Asia,46.5,118.5,2.9,Low,0,0.0,0.0,0.0
Mongolia,MNG,Asia,47.5,118.5,2.7,Low,0,0.0,0.0,0.0
China,CHN,Asia,48.5,118.5,2.9,Low,0,0.0,0.0,0.0
China,CHN,Asia,49.5,118.5,2.9,Low,1,4.9,4.9,10.0
Russian Federation,RUS,Europe,50.5,118.5,4.0,Medium,0,0.0,0.0,0.0
Russian Federation,RUS,Europe,51.5,118.5,4.0,Medium,0,0.0,0.0,0.0
Russian Federation,RUS,Europe,52.5,118.5,4.0,Medium,0,0.0,0.0,0.0
Russian Federation,RUS,Europe,53.5,118.5,4.0,Medium,0,0.0,0.0,0.0
Russian Federation,RUS,Europe,54.5,118.5,4.0,Medium,0,0.0,0.0,0.0
Russian Federation,RUS,Europe,55.5,118.5,4.0,Medium,0,0.0,0.0,0.0
Russian Federation,RUS,Europe,56.5,118.5,4.0,Medium,2,4.9,5.0,13.37
Russian Federation,RUS,Europe,57.5,118.5,4.0,Medium,1,4.6,4.6,10.0
Russian Federation,RUS,Europe,58.5,118.5,4.0,Medium,0,0.0,0.0,0.0
Russian Federation,RUS,Europe,59.5,118.5,4.0,Medium,0,0.0,0.0,0.0
Russian Federation,RUS,Europe,60.5,118.5,4.0,Medium,0,0.0,0.0,0.0
Russian Federation,RUS,Europe,61.5,118.5,4.0,Medium,0,0.0,0.0,0.0
Russian Federation,RUS,Europe,62.5,118.5,4.0,Medium,0,0.0,0.0,0.0
Russian Federation,RUS,Europe,63.5,118.5,4.0,Medium,0,0.0,0.0,0.0
Russian Federation,RUS,Europe,64.5,118.5,4.0,Medium,0,0.0,0.0,0.0
Russian Federation,RUS,Europe,65.5,118.5,4.0,Medium,0,0.0,0.0,0.0
Russian Federation,RUS,Europe,66.5,118.5,4.0,Medium,0,0.0,0.0,0.0
Russian Federation,RUS,Europe,67.5,118.5,4.0,Medium,0,0.0,0.0,0.0
Russian Federation,RUS,Europe,68.5,118.5,4.0,Medium,0,0.0,0.0,0.0
Russian Federation,RUS,Europe,69.5,118.5,4.0,Medium,0,0.0,0.0,0.0
Russian Federation,RUS,Europe,70.5,118.5,4.0,Medium,0,0.0,0.0,0.0
Russian Federation,RUS,Europe,71.5,118.5,4.0,Medium,0,0.0,0.0,0.0
Russian Federation,RUS,Europe,72.5,118.5,4.0,Medium,0,0.0,0.0,0.0
Russian Federation,RUS,Europe,73.5,118.5,4.0,Medium,0,0.0,0.0,0.0
Australia,AUS,Oceania,-33.5,119.5,2.4,Low,0,0.0,0.0,0.0
Australia,AUS,Oceania,-32.5,119.5,2.4,Low,0,0.0,0.0,0.0
Australia,AUS,Oceania,-31.5,119.5,2.4,Low,0,0.0,0.0,0.0
Australia,AUS,Oceania,-30.5,119.5,2.4,Low,0,0.0,0.0,0.0
Australia,AUS,Oceania,-29.5,119.5,2.4,Low,0,0.0,0.0,0.0
Australia,AUS,Oceania,-28.5,119.5,2.4,Low,0,0.0,0.0,0.0
Australia,AUS,Oceania,-27.5,119.5,2.4,Low,0,0.0,0.0,0.0
Australia,AUS,Oceania,-26.5,119.5,2.4,Low,0,0.0,0.0,0.0
Australia,AUS,Oceania,-25.5,119.5,2.4,Low,0,0.0,0.0,0.0
Australia,AUS,Oceania,-24.5,119.5,2.4,Low,0,0.0,0.0,0.0
Australia,AUS,Oceania,-23.5,119.5,2.4,Low,1,4.7,4.7,9.0
Australia,AUS,Oceania,-22.5,119.5,2.4,Low,0,0.0,0.0,0.0
Australia,AUS,Oceania,-21.5,119.5,2.4,Low,0,0.0,0.0,0.0
Australia,AUS,Oceania,-20.5,119.5,2.4,Low,2,4.95,5.3,18.0
Indonesia,IDN,Asia,-9.5,119.5,4.5,Medium,54,4.8333,6.3,54.6922
Indonesia,IDN,Asia,-3.5,119.5,4.5,Medium,6,4.65,5.1,34.595
Indonesia,IDN,Asia,-2.5,119.5,4.5,Medium,32,4.7781,5.6,23.9594
Indonesia,IDN,Asia,-1.5,119.5,4.5,Medium,32,5.0281,6.3,26.5934
Philippines,PHL,Asia,10.5,119.5,5.2,High,0,0.0,0.0,0.0
China,CHN,Asia,26.5,119.5,2.9,Low,0,0.0,0.0,0.0
China,CHN,Asia,27.5,119.5,2.9,Low,0,0.0,0.0,0.0
China,CHN,Asia,28.5,119.5,2.9,Low,0,0.0,0.0,0.0
China,CHN,Asia,29.5,119.5,2.9,Low,0,0.0,0.0,0.0
China,CHN,Asia,30.5,119.5,2.9,Low,0,0.0,0.0,0.0
China,CHN,Asia,31.5,119.5,2.9,Low,0,0.0,0.0,0.0
China,CHN,Asia,32.5,119.5,2.9,Low,1,4.9,4.9,10.0
China,CHN,Asia,33.5,119.5,2.9,Low,0,0.0,0.0,0.0
China,CHN,Asia,34.5,119.5,2.9,Low,1,5.0,5.0,10.0
China,CHN,Asia,35.5,119.5,2.9,Low,0,0.0,0.0,0.0
China,CHN,Asia,36.5,119.5,2.9,Low,0,0.0,0.0,0.0
China,CHN,Asia,40.5,119.5,2.9,Low,1,4.6,4.6,10.0
China,CHN,Asia,41.5,119.5,2.9,Low,1,4.6,4.6,15.28
China,CHN,Asia,42.5,119.5,2.9,Low,0,0.0,0.0,0.0
China,CHN,Asia,43.5,119.5,2.9,Low,2,5.05,5.4,17.2
China,CHN,Asia,44.5,119.5,2.9,Low,0,0.0,0.0,0.0
China,CHN,Asia,45.5,119.5,2.9,Low,0,0.0,0.0,0.0
China,CHN,Asia,46.5,119.5,2.9,Low,0,0.0,0.0,0.0
China,CHN,Asia,47.5,119.5,2.9,Low,0,0.0,0.0,0.0
China,CHN,Asia,48.5,119.5,2.9,Low,0,0.0,0.0,0.0
China,CHN,Asia,49.5,119.5,2.9,Low,1,4.5,4.5,10.0
China,CHN,Asia,50.5,119.5,2.9,Low,0,0.0,0.0,0.0
Russian Federation,RUS,Europe,51.5,119.5,4.0,Medium,0,0.0,0.0,0.0
Russian Federation,RUS,Europe,52.5,119.5,4.0,Medium,0,0.0,0.0,0.0
Russian Federation,RUS,Europe,53.5,119.5,4.0,Medium,0,0.0,0.0,0.0
Russian Federation,RUS,Europe,54.5,119.5,4.0,Medium,0,0.0,0.0,0.0
Russian Federation,RUS,Europe,55.5,119.5,4.0,Medium,0,0.0,0.0,0.0
Russian Federation,RUS,Europe,56.5,119.5,4.0,Medium,1,4.6,4.6,10.0
Russian Federation,RUS,Europe,57.5,119.5,4.0,Medium,0,0.0,0.0,0.0
Russian Federation,RUS,Europe,58.5,119.5,4.0,Medium,0,0.0,0.0,0.0
Russian Federation,RUS,Europe,59.5,119.5,4.0,Medium,0,0.0,0.0,0.0
Russian Federation,RUS,Europe,60.5,119.5,4.0,Medium,0,0.0,0.0,0.0
Russian Federation,RUS,Europe,61.5,119.5,4.0,Medium,0,0.0,0.0,0.0
Russian Federation,RUS,Europe,62.5,119.5,4.0,Medium,0,0.0,0.0,0.0
Russian Federation,RUS,Europe,63.5,119.5,4.0,Medium,0,0.0,0.0,0.0
Russian Federation,RUS,Europe,64.5,119.5,4.0,Medium,0,0.0,0.0,0.0
Russian Federation,RUS,Europe,65.5,119.5,4.0,Medium,0,0.0,0.0,0.0
Russian Federation,RUS,Europe,66.5,119.5,4.0,Medium,0,0.0,0.0,0.0
Russian Federation,RUS,Europe,67.5,119.5,4.0,Medium,0,0.0,0.0,0.0
Russian Federation,RUS,Europe,68.5,119.5,4.0,Medium,0,0.0,0.0,0.0
Russian Federation,RUS,Europe,69.5,119.5,4.0,Medium,0,0.0,0.0,0.0
Russian Federation,RUS,Europe,70.5,119.5,4.0,Medium,0,0.0,0.0,0.0
Russian Federation,RUS,Europe,71.5,119.5,4.0,Medium,0,0.0,0.0,0.0
Russian Federation,RUS,Europe,72.5,119.5,4.0,Medium,0,0.0,0.0,0.0
Australia,AUS,Oceania,-33.5,120.5,2.4,Low,1,5.0,5.0,10.0
Australia,AUS,Oceania,-32.5,120.5,2.4,Low,0,0.0,0.0,0.0
Australia,AUS,Oceania,-31.5,120.5,2.4,Low,0,0.0,0.0,0.0
Australia,AUS,Oceania,-30.5,120.5,2.4,Low,0,0.0,0.0,0.0
Australia,AUS,Oceania,-29.5,120.5,2.4,Low,0,0.0,0.0,0.0
Australia,AUS,Oceania,-28.5,120.5,2.4,Low,0,0.0,0.0,0.0
Australia,AUS,Oceania,-27.5,120.5,2.4,Low,0,0.0,0.0,0.0
Australia,AUS,Oceania,-26.5,120.5,2.4,Low,0,0.0,0.0,0.0
Australia,AUS,Oceania,-25.5,120.5,2.4,Low,0,0.0,0.0,0.0
Australia,AUS,Oceania,-24.5,120.5,2.4,Low,0,0.0,0.0,0.0
Australia,AUS,Oceania,-23.5,120.5,2.4,Low,0,0.0,0.0,0.0
Australia,AUS,Oceania,-22.5,120.5,2.4,Low,0,0.0,0.0,0.0
Australia,AUS,Oceania,-21.5,120.5,2.4,Low,1,4.6,4.6,10.0
Australia,AUS,Oceania,-20.5,120.5,2.4,Low,0,0.0,0.0,0.0
Indonesia,IDN,Asia,-8.5,120.5,4.5,Medium,83,4.7892,6.5,66.4601
Indonesia,IDN,Asia,-2.5,120.5,4.5,Medium,8,4.65,4.8,24.6125
Indonesia,IDN,Asia,-1.5,120.5,4.5,Medium,122,4.7951,6.6,18.8199
Indonesia,IDN,Asia,0.5,120.5,4.5,Medium,46,4.7848,5.9,97.0341
Philippines,PHL,Asia,14.5,120.5,5.2,High,51,4.9137,6.2,109.2327
Philippines,PHL,Asia,15.5,120.5,5.2,High,40,4.685,5.5,95.4484
Philippines,PHL,Asia,16.5,120.5,5.2,High,15,4.7133,5.7,59.274
Philippines,PHL,Asia,17.5,120.5,5.2,High,75,4.8373,7.0,33.2224
China,CHN,Asia,27.5,120.5,2.9,Low,0,0.0,0.0,0.0
China,CHN,Asia,28.5,120.5,2.9,Low,0,0.0,0.0,0.0
China,CHN,Asia,29.5,120.5,2.9,Low,0,0.0,0.0,0.0
China,CHN,Asia,30.5,120.5,2.9,Low,0,0.0,0.0,0.0
China,CHN,Asia,31.5,120.5,2.9,Low,0,0.0,0.0,0.0
China,CHN,Asia,32.5,120.5,2.9,Low,0,0.0,0.0,0.0
China,CHN,Asia,33.5,120.5,2.9,Low,1,4.7,4.7,10.0
China,CHN,Asia,36.5,120.5,2.9,Low,0,0.0,0.0,0.0
China,CHN,Asia,37.5,120.5,2.9,Low,1,4.6,4.6,24.81
China,CHN,Asia,40.5,120.5,2.9,Low,0,0.0,0.0,0.0
China,CHN,Asia,41.5,120.5,2.9,Low,1,4.8,4.8,16.71
China,CHN,Asia,42.5,120.5,2.9,Low,0,0.0,0.0,0.0
China,CHN,Asia,43.5,120.5,2.9,Low,0,0.0,0.0,0.0
China,CHN,Asia,44.5,120.5,2.9,Low,0,0.0,0.0,0.0
China,CHN,Asia,45.5,120.5,2.9,Low,0,0.0,0.0,0.0
China,CHN,Asia,46.5,120.5,2.9,Low,0,0.0,0.0,0.0
China,CHN,Asia,47.5,120.5,2.9,Low,0,0.0,0.0,0.0
China,CHN,Asia,48.5,120.5,2.9,Low,0,0.0,0.0,0.0
China,CHN,Asia,49.5,120.5,2.9,Low,0,0.0,0.0,0.0
China,CHN,Asia,50.5,120.5,2.9,Low,0,0.0,0.0,0.0
China,CHN,Asia,51.5,120.5,2.9,Low,0,0.0,0.0,0.0
Russian Federation,RUS,Europe,52.5,120.5,4.0,Medium,0,0.0,0.0,0.0
Russian Federation,RUS,Europe,53.5,120.5,4.0,Medium,0,0.0,0.0,0.0
Russian Federation,RUS,Europe,54.5,120.5,4.0,Medium,0,0.0,0.0,0.0
Russian Federation,RUS,Europe,55.5,120.5,4.0,Medium,0,0.0,0.0,0.0
Russian Federation,RUS,Europe,56.5,120.5,4.0,Medium,1,5.1,5.1,10.0
Russian Federation,RUS,Europe,57.5,120.5,4.0,Medium,17,4.8294,5.9,12.3671
Russian Federation,RUS,Europe,58.5,120.5,4.0,Medium,0,0.0,0.0,0.0
Russian Federation,RUS,Europe,59.5,120.5,4.0,Medium,0,0.0,0.0,0.0
Russian Federation,RUS,Europe,60.5,120.5,4.0,Medium,0,0.0,0.0,0.0
Russian Federation,RUS,Europe,61.5,120.5,4.0,Medium,0,0.0,0.0,0.0
Russian Federation,RUS,Europe,62.5,120.5,4.0,Medium,0,0.0,0.0,0.0
Russian Federation,RUS,Europe,63.5,120.5,4.0,Medium,0,0.0,0.0,0.0
Russian Federation,RUS,Europe,64.5,120.5,4.0,Medium,0,0.0,0.0,0.0
Russian Federation,RUS,Europe,65.5,120.5,4.0,Medium,0,0.0,0.0,0.0
Russian Federation,RUS,Europe,66.5,120.5,4.0,Medium,0,0.0,0.0,0.0
Russian Federation,RUS,Europe,67.5,120.5,4.0,Medium,0,0.0,0.0,0.0
Russian Federation,RUS,Europe,68.5,120.5,4.0,Medium,0,0.0,0.0,0.0
Russian Federation,RUS,Europe,69.5,120.5,4.0,Medium,0,0.0,0.0,0.0
Russian Federation,RUS,Europe,70.5,120.5,4.0,Medium,0,0.0,0.0,0.0
Russian Federation,RUS,Europe,71.5,120.5,4.0,Medium,0,0.0,0.0,0.0
Russian Federation,RUS,Europe,72.5,120.5,4.0,Medium,0,0.0,0.0,0.0
Australia,AUS,Oceania,-33.5,121.5,2.4,Low,0,0.0,0.0,0.0
Australia,AUS,Oceania,-32.5,121.5,2.4,Low,0,0.0,0.0,0.0
Australia,AUS,Oceania,-31.5,121.5,2.4,Low,0,0.0,0.0,0.0
Australia,AUS,Oceania,-30.5,121.5,2.4,Low,3,4.7333,5.2,3.3333
Australia,AUS,Oceania,-29.5,121.5,2.4,Low,0,0.0,0.0,0.0
Australia,AUS,Oceania,-28.5,121.5,2.4,Low,0,0.0,0.0,0.0
Australia,AUS,Oceania,-27.5,121.5,2.4,Low,0,0.0,0.0,0.0
Australia,AUS,Oceania,-26.5,121.5,2.4,Low,1,4.5,4.5,10.0
Australia,AUS,Oceania,-25.5,121.5,2.4,Low,0,0.0,0.0,0.0
Australia,AUS,Oceania,-24.5,121.5,2.4,Low,0,0.0,0.0,0.0
Australia,AUS,Oceania,-23.5,121.5,2.4,Low,0,0.0,0.0,0.0
Australia,AUS,Oceania,-22.5,121.5,2.4,Low,1,4.5,4.5,10.0
Australia,AUS,Oceania,-21.5,121.5,2.4,Low,0,0.0,0.0,0.0
Australia,AUS,Oceania,-20.5,121.5,2.4,Low,0,0.0,0.0,0.0
Australia,AUS,Oceania,-19.5,121.5,2.4,Low,0,0.0,0.0,0.0
Indonesia,IDN,Asia,-3.5,121.5,4.5,Medium,0,0.0,0.0,0.0
Indonesia,IDN,Asia,-2.5,121.5,4.5,Medium,23,4.8826,6.1,27.6707
Indonesia,IDN,Asia,-1.5,121.5,4.5,Medium,10,4.85,6.2,21.649
Indonesia,IDN,Asia,0.5,121.5,4.5,Medium,49,4.8265,6.0,116.1891
Philippines,PHL,Asia,14.5,121.5,5.2,High,13,4.6308,4.9,38.6546
Philippines,PHL,Asia,15.5,121.5,5.2,High,17,4.7294,5.5,44.6376
Philippines,PHL,Asia,16.5,121.5,5.2,High,17,4.6941,5.4,38.0782
Philippines,PHL,Asia,17.5,121.5,5.2,High,21,4.6905,5.3,44.9777
China,CHN,Asia,28.5,121.5,2.9,Low,0,0.0,0.0,0.0
China,CHN,Asia,29.5,121.5,2.9,Low,0,0.0,0.0,0.0
China,CHN,Asia,31.5,121.5,2.9,Low,0,0.0,0.0,0.0
China,CHN,Asia,37.5,121.5,2.9,Low,0,0.0,0.0,0.0
China,CHN,Asia,41.5,121.5,2.9,Low,0,0.0,0.0,0.0
China,CHN,Asia,42.5,121.5,2.9,Low,0,0.0,0.0,0.0
China,CHN,Asia,43.5,121.5,2.9,Low,0,0.0,0.0,0.0
China,CHN,Asia,44.5,121.5,2.9,Low,0,0.0,0.0,0.0
China,CHN,Asia,45.5,121.5,2.9,Low,0,0.0,0.0,0.0
China,CHN,Asia,46.5,121.5,2.9,Low,0,0.0,0.0,0.0
China,CHN,Asia,47.5,121.5,2.9,Low,0,0.0,0.0,0.0
China,CHN,Asia,48.5,121.5,2.9,Low,0,0.0,0.0,0.0
China,CHN,Asia,49.5,121.5,2.9,Low,1,4.6,4.6,10.0
China,CHN,Asia,50.5,121.5,2.9,Low,0,0.0,0.0,0.0
China,CHN,Asia,51.5,121.5,2.9,Low,0,0.0,0.0,0.0
China,CHN,Asia,52.5,121.5,2.9,Low,0,0.0,0.0,0.0
Russian Federation,RUS,Europe,53.5,121.5,4.0,Medium,0,0.0,0.0,0.0
Russian Federation,RUS,Europe,54.5,121.5,4.0,Medium,0,0.0,0.0,0.0
Russian Federation,RUS,Europe,55.5,121.5,4.0,Medium,0,0.0,0.0,0.0
Russian Federation,RUS,Europe,56.5,121.5,4.0,Medium,5,4.68,5.1,18.162
Russian Federation,RUS,Europe,57.5,121.5,4.0,Medium,0,0.0,0.0,0.0
Russian Federation,RUS,Europe,58.5,121.5,4.0,Medium,0,0.0,0.0,0.0
Russian Federation,RUS,Europe,59.5,121.5,4.0,Medium,0,0.0,0.0,0.0
Russian Federation,RUS,Europe,60.5,121.5,4.0,Medium,0,0.0,0.0,0.0
Russian Federation,RUS,Europe,61.5,121.5,4.0,Medium,0,0.0,0.0,0.0
Russian Federation,RUS,Europe,62.5,121.5,4.0,Medium,0,0.0,0.0,0.0
Russian Federation,RUS,Europe,63.5,121.5,4.0,Medium,0,0.0,0.0,0.0
Russian Federation,RUS,Europe,64.5,121.5,4.0,Medium,0,0.0,0.0,0.0
Russian Federation,RUS,Europe,65.5,121.5,4.0,Medium,0,0.0,0.0,0.0
Russian Federation,RUS,Europe,66.5,121.5,4.0,Medium,0,0.0,0.0,0.0
Russian Federation,RUS,Europe,67.5,121.5,4.0,Medium,0,0.0,0.0,0.0
Russian Federation,RUS,Europe,68.5,121.5,4.0,Medium,0,0.0,0.0,0.0
Russian Federation,RUS,Europe,69.5,121.5,4.0,Medium,0,0.0,0.0,0.0
Russian Federation,RUS,Europe,70.5,121.5,4.0,Medium,0,0.0,0.0,0.0
Russian Federation,RUS,Europe,71.5,121.5,4.0,Medium,0,0.0,0.0,0.0
Russian Federation,RUS,Europe,72.5,121.5,4.0,Medium,1,4.8,4.8,47.2
Australia,AUS,Oceania,-33.5,122.5,2.4,Low,0,0.0,0.0,0.0
Australia,AUS,Oceania,-32.5,122.5,2.4,Low,4,4.85,5.2,7.2775
Australia,AUS,Oceania,-31.5,122.5,2.4,Low,0,0.0,0.0,0.0
Australia,AUS,Oceania,-30.5,122.5,2.4,Low,0,0.0,0.0,0.0
Australia,AUS,Oceania,-29.5,122.5,2.4,Low,0,0.0,0.0,0.0
Australia,AUS,Oceania,-28.5,122.5,2.4,Low,0,0.0,0.0,0.0
Australia,AUS,Oceania,-27.5,122.5,2.4,Low,0,0.0,0.0,0.0
Australia,AUS,Oceania,-26.5,122.5,2.4,Low,0,0.0,0.0,0.0
Australia,AUS,Oceania,-25.5,122.5,2.4,Low,0,0.0,0.0,0.0
Australia,AUS,Oceania,-24.5,122.5,2.4,Low,0,0.0,0.0,0.0
Australia,AUS,Oceania,-23.5,122.5,2.4,Low,0,0.0,0.0,0.0
Australia,AUS,Oceania,-22.5,122.5,2.4,Low,0,0.0,0.0,0.0
Australia,AUS,Oceania,-21.5,122.5,2.4,Low,0,0.0,0.0,0.0
Australia,AUS,Oceania,-20.5,122.5,2.4,Low,0,0.0,0.0,0.0
Australia,AUS,Oceania,-19.5,122.5,2.4,Low,0,0.0,0.0,0.0
Australia,AUS,Oceania,-18.5,122.5,2.4,Low,0,0.0,0.0,0.0
Australia,AUS,Oceania,-17.5,122.5,2.4,Low,0,0.0,0.0,0.0
Indonesia,IDN,Asia,-8.5,122.5,4.5,Medium,37,4.6676,5.5,131.2829
Indonesia,IDN,Asia,-5.5,122.5,4.5,Medium,13,4.9692,6.5,14.0323
Indonesia,IDN,Asia,-4.5,122.5,4.5,Medium,9,4.8556,6.1,84.1533
Indonesia,IDN,Asia,0.5,122.5,4.5,Medium,89,4.782,6.1,154.5498
Philippines,PHL,Asia,7.5,122.5,5.2,High,10,4.88,6.0,36.5
Philippines,PHL,Asia,11.5,122.5,5.2,High,6,4.7333,5.5,21.9133
Philippines,PHL,Asia,13.5,122.5,5.2,High,17,4.7941,5.4,27.9829
China,CHN,Asia,39.5,122.5,2.9,Low,1,4.7,4.7,10.0
China,CHN,Asia,40.5,122.5,2.9,Low,5,4.68,5.1,19.928
China,CHN,Asia,41.5,122.5,2.9,Low,1,4.8,4.8,10.0
China,CHN,Asia,42.5,122.5,2.9,Low,1,5.0,5.0,27.5
China,CHN,Asia,43.5,122.5,2.9,Low,0,0.0,0.0,0.0
China,CHN,Asia,44.5,122.5,2.9,Low,0,0.0,0.0,0.0
China,CHN,Asia,45.5,122.5,2.9,Low,0,0.0,0.0,0.0
China,CHN,Asia,46.5,122.5,2.9,Low,0,0.0,0.0,0.0
China,CHN,Asia,47.5,122.5,2.9,Low,1,4.7,4.7,10.0
China,CHN,Asia,48.5,122.5,2.9,Low,0,0.0,0.0,0.0
China,CHN,Asia,49.5,122.5,2.9,Low,1,4.9,4.9,24.0
China,CHN,Asia,50.5,122.5,2.9,Low,0,0.0,0.0,0.0
China,CHN,Asia,51.5,122.5,2.9,Low,1,4.5,4.5,10.0
China,CHN,Asia,52.5,122.5,2.9,Low,0,0.0,0.0,0.0
Russian Federation,RUS,Europe,53.5,122.5,4.0,Medium,0,0.0,0.0,0.0
Russian Federation,RUS,Europe,54.5,122.5,4.0,Medium,0,0.0,0.0,0.0
Russian Federation,RUS,Europe,55.5,122.5,4.0,Medium,0,0.0,0.0,0.0
Russian Federation,RUS,Europe,56.5,122.5,4.0,Medium,1,4.5,4.5,10.0
Russian Federation,RUS,Europe,57.5,122.5,4.0,Medium,0,0.0,0.0,0.0
Russian Federation,RUS,Europe,58.5,122.5,4.0,Medium,0,0.0,0.0,0.0
Russian Federation,RUS,Europe,59.5,122.5,4.0,Medium,0,0.0,0.0,0.0
Russian Federation,RUS,Europe,60.5,122.5,4.0,Medium,0,0.0,0.0,0.0
Russian Federation,RUS,Europe,61.5,122.5,4.0,Medium,0,0.0,0.0,0.0
Russian Federation,RUS,Europe,62.5,122.5,4.0,Medium,0,0.0,0.0,0.0
Russian Federation,RUS,Europe,63.5,122.5,4.0,Medium,0,0.0,0.0,0.0
Russian Federation,RUS,Europe,64.5,122.5,4.0,Medium,0,0.0,0.0,0.0
Russian Federation,RUS,Europe,65.5,122.5,4.0,Medium,0,0.0,0.0,0.0
Russian Federation,RUS,Europe,66.5,122.5,4.0,Medium,0,0.0,0.0,0.0
Russian Federation,RUS,Europe,67.5,122.5,4.0,Medium,0,0.0,0.0,0.0
Russian Federation,RUS,Europe,68.5,122.5,4.0,Medium,0,0.0,0.0,0.0
Russian Federation,RUS,Europe,69.5,122.5,4.0,Medium,0,0.0,0.0,0.0
Russian Federation,RUS,Europe,70.5,122.5,4.0,Medium,0,0.0,0.0,0.0
Russian Federation,RUS,Europe,71.5,122.5,4.0,Medium,0,0.0,0.0,0.0
Russian Federation,RUS,Europe,72.5,122.5,4.0,Medium,0,0.0,0.0,0.0
Australia,AUS,Oceania,-33.5,123.5,2.4,Low,0,0.0,0.0,0.0
Australia,AUS,Oceania,-32.5,123.5,2.4,Low,0,0.0,0.0,0.0
Australia,AUS,Oceania,-31.5,123.5,2.4,Low,0,0.0,0.0,0.0
Australia,AUS,Oceania,-30.5,123.5,2.4,Low,0,0.0,0.0,0.0
Australia,AUS,Oceania,-29.5,123.5,2.4,Low,0,0.0,0.0,0.0
Australia,AUS,Oceania,-28.5,123.5,2.4,Low,0,0.0,0.0,0.0
Australia,AUS,Oceania,-27.5,123.5,2.4,Low,0,0.0,0.0,0.0
Australia,AUS,Oceania,-26.5,123.5,2.4,Low,0,0.0,0.0,0.0
Australia,AUS,Oceania,-25.5,123.5,2.4,Low,0,0.0,0.0,0.0
Australia,AUS,Oceania,-24.5,123.5,2.4,Low,0,0.0,0.0,0.0
Australia,AUS,Oceania,-23.5,123.5,2.4,Low,0,0.0,0.0,0.0
Australia,AUS,Oceania,-22.5,123.5,2.4,Low,0,0.0,0.0,0.0
Australia,AUS,Oceania,-21.5,123.5,2.4,Low,0,0.0,0.0,0.0
Australia,AUS,Oceania,-20.5,123.5,2.4,Low,0,0.0,0.0,0.0
Australia,AUS,Oceania,-19.5,123.5,2.4,Low,0,0.0,0.0,0.0
Australia,AUS,Oceania,-18.5,123.5,2.4,Low,0,0.0,0.0,0.0
Australia,AUS,Oceania,-17.5,123.5,2.4,Low,1,4.5,4.5,10.0
Indonesia,IDN,Asia,0.5,123.5,4.5,Medium,152,4.8296,6.0,160.8011
Philippines,PHL,Asia,8.5,123.5,5.2,High,13,4.8385,5.5,72.2469
Philippines,PHL,Asia,13.5,123.5,5.2,High,9,4.6778,5.5,40.46
China,CHN,Asia,40.5,123.5,2.9,Low,1,4.7,4.7,10.0
China,CHN,Asia,41.5,123.5,2.9,Low,0,0.0,0.0,0.0
China,CHN,Asia,42.5,123.5,2.9,Low,1,4.7,4.7,10.0
China,CHN,Asia,43.5,123.5,2.9,Low,0,0.0,0.0,0.0
China,CHN,Asia,44.5,123.5,2.9,Low,2,4.65,4.8,11.89
China,CHN,Asia,45.5,123.5,2.9,Low,0,0.0,0.0,0.0
China,CHN,Asia,46.5,123.5,2.9,Low,0,0.0,0.0,0.0
China,CHN,Asia,47.5,123.5,2.9,Low,0,0.0,0.0,0.0
China,CHN,Asia,48.5,123.5,2.9,Low,0,0.0,0.0,0.0
China,CHN,Asia,49.5,123.5,2.9,Low,0,0.0,0.0,0.0
China,CHN,Asia,50.5,123.5,2.9,Low,0,0.0,0.0,0.0
China,CHN,Asia,51.5,123.5,2.9,Low,0,0.0,0.0,0.0
China,CHN,Asia,52.5,123.5,2.9,Low,0,0.0,0.0,0.0
Russian Federation,RUS,Europe,53.5,123.5,4.0,Medium,0,0.0,0.0,0.0
Russian Federation,RUS,Europe,54.5,123.5,4.0,Medium,1,6.0,6.0,12.0
Russian Federation,RUS,Europe,55.5,123.5,4.0,Medium,0,0.0,0.0,0.0
Russian Federation,RUS,Europe,56.5,123.5,4.0,Medium,1,5.1,5.1,26.7
Russian Federation,RUS,Europe,57.5,123.5,4.0,Medium,0,0.0,0.0,0.0
Russian Federation,RUS,Europe,58.5,123.5,4.0,Medium,0,0.0,0.0,0.0
Russian Federation,RUS,Europe,59.5,123.5,4.0,Medium,0,0.0,0.0,0.0
Russian Federation,RUS,Europe,60.5,123.5,4.0,Medium,0,0.0,0.0,0.0
Russian Federation,RUS,Europe,61.5,123.5,4.0,Medium,0,0.0,0.0,0.0
Russian Federation,RUS,Europe,62.5,123.5,4.0,Medium,0,0.0,0.0,0.0
Russian Federation,RUS,Europe,63.5,123.5,4.0,Medium,0,0.0,0.0,0.0
Russian Federation,RUS,Europe,64.5,123.5,4.0,Medium,0,0.0,0.0,0.0
Russian Federation,RUS,Europe,65.5,123.5,4.0,Medium,0,0.0,0.0,0.0
Russian Federation,RUS,Europe,66.5,123.5,4.0,Medium,0,0.0,0.0,0.0
Russian Federation,RUS,Europe,67.5,123.5,4.0,Medium,1,4.5,4.5,10.0
Russian Federation,RUS,Europe,68.5,123.5,4.0,Medium,0,0.0,0.0,0.0
Russian Federation,RUS,Europe,69.5,123.5,4.0,Medium,0,0.0,0.0,0.0
Russian Federation,RUS,Europe,70.5,123.5,4.0,Medium,0,0.0,0.0,0.0
Russian Federation,RUS,Europe,71.5,123.5,4.0,Medium,0,0.0,0.0,0.0
Russian Federation,RUS,Europe,72.5,123.5,4.0,Medium,1,4.9,4.9,29.1
Russian Federation,RUS,Europe,73.5,123.5,4.0,Medium,0,0.0,0.0,0.0
Australia,AUS,Oceania,-32.5,124.5,2.4,Low,0,0.0,0.0,0.0
Australia,AUS,Oceania,-31.5,124.5,2.4,Low,0,0.0,0.0,0.0
Australia,AUS,Oceania,-30.5,124.5,2.4,Low,0,0.0,0.0,0.0
Australia,AUS,Oceania,-29.5,124.5,2.4,Low,0,0.0,0.0,0.0
Australia,AUS,Oceania,-28.5,124.5,2.4,Low,0,0.0,0.0,0.0
Australia,AUS,Oceania,-27.5,124.5,2.4,Low,0,0.0,0.0,0.0
Australia,AUS,Oceania,-26.5,124.5,2.4,Low,0,0.0,0.0,0.0
Australia,AUS,Oceania,-25.5,124.5,2.4,Low,0,0.0,0.0,0.0
Australia,AUS,Oceania,-24.5,124.5,2.4,Low,0,0.0,0.0,0.0
Australia,AUS,Oceania,-23.5,124.5,2.4,Low,0,0.0,0.0,0.0
Australia,AUS,Oceania,-22.5,124.5,2.4,Low,0,0.0,0.0,0.0
Australia,AUS,Oceania,-21.5,124.5,2.4,Low,0,0.0,0.0,0.0
Australia,AUS,Oceania,-20.5,124.5,2.4,Low,0,0.0,0.0,0.0
Australia,AUS,Oceania,-19.5,124.5,2.4,Low,0,0.0,0.0,0.0
Australia,AUS,Oceania,-18.5,124.5,2.4,Low,0,0.0,0.0,0.0
Australia,AUS,Oceania,-17.5,124.5,2.4,Low,0,0.0,0.0,0.0
Australia,AUS,Oceania,-16.5,124.5,2.4,Low,0,0.0,0.0,0.0
Australia,AUS,Oceania,-15.5,124.5,2.4,Low,0,0.0,0.0,0.0
Indonesia,IDN,Asia,-9.5,124.5,4.5,Medium,65,4.7185,5.5,55.6483
Philippines,PHL,Asia,6.5,124.5,5.2,High,69,4.8754,7.5,81.0395
Philippines,PHL,Asia,7.5,124.5,5.2,High,40,4.94,6.4,37.7478
Philippines,PHL,Asia,12.5,124.5,5.2,High,66,4.8364,6.6,50.9791
China,CHN,Asia,40.5,124.5,2.9,Low,0,0.0,0.0,0.0
China,CHN,Asia,41.5,124.5,2.9,Low,0,0.0,0.0,0.0
China,CHN,Asia,42.5,124.5,2.9,Low,0,0.0,0.0,0.0
China,CHN,Asia,43.5,124.5,2.9,Low,0,0.0,0.0,0.0
China,CHN,Asia,44.5,124.5,2.9,Low,9,4.8222,5.3,12.7533
China,CHN,Asia,45.5,124.5,2.9,Low,4,4.925,5.3,11.8175
China,CHN,Asia,46.5,124.5,2.9,Low,0,0.0,0.0,0.0
China,CHN,Asia,47.5,124.5,2.9,Low,0,0.0,0.0,0.0
China,CHN,Asia,48.5,124.5,2.9,Low,0,0.0,0.0,0.0
China,CHN,Asia,49.5,124.5,2.9,Low,0,0.0,0.0,0.0
China,CHN,Asia,50.5,124.5,2.9,Low,1,4.5,4.5,33.0
China,CHN,Asia,51.5,124.5,2.9,Low,0,0.0,0.0,0.0
China,CHN,Asia,52.5,124.5,2.9,Low,0,0.0,0.0,0.0
Russian Federation,RUS,Europe,53.5,124.5,4.0,Medium,0,0.0,0.0,0.0
Russian Federation,RUS,Europe,54.5,124.5,4.0,Medium,0,0.0,0.0,0.0
Russian Federation,RUS,Europe,55.5,124.5,4.0,Medium,0,0.0,0.0,0.0
Russian Federation,RUS,Europe,56.5,124.5,4.0,Medium,1,4.7,4.7,10.0
Russian Federation,RUS,Europe,57.5,124.5,4.0,Medium,0,0.0,0.0,0.0
Russian Federation,RUS,Europe,58.5,124.5,4.0,Medium,0,0.0,0.0,0.0
Russian Federation,RUS,Europe,59.5,124.5,4.0,Medium,0,0.0,0.0,0.0
Russian Federation,RUS,Europe,60.5,124.5,4.0,Medium,0,0.0,0.0,0.0
Russian Federation,RUS,Europe,61.5,124.5,4.0,Medium,0,0.0,0.0,0.0
Russian Federation,RUS,Europe,62.5,124.5,4.0,Medium,0,0.0,0.0,0.0
Russian Federation,RUS,Europe,63.5,124.5,4.0,Medium,0,0.0,0.0,0.0
Russian Federation,RUS,Europe,64.5,124.5,4.0,Medium,0,0.0,0.0,0.0
Russian Federation,RUS,Europe,65.5,124.5,4.0,Medium,1,4.5,4.5,21.7
Russian Federation,RUS,Europe,66.5,124.5,4.0,Medium,0,0.0,0.0,0.0
Russian Federation,RUS,Europe,67.5,124.5,4.0,Medium,0,0.0,0.0,0.0
Russian Federation,RUS,Europe,68.5,124.5,4.0,Medium,0,0.0,0.0,0.0
Russian Federation,RUS,Europe,69.5,124.5,4.0,Medium,0,0.0,0.0,0.0
Russian Federation,RUS,Europe,70.5,124.5,4.0,Medium,0,0.0,0.0,0.0
Russian Federation,RUS,Europe,71.5,124.5,4.0,Medium,0,0.0,0.0,0.0
Russian Federation,RUS,Europe,72.5,124.5,4.0,Medium,1,4.7,4.7,61.5
Russian Federation,RUS,Europe,73.5,124.5,4.0,Medium,1,4.5,4.5,14.98
Australia,AUS,Oceania,-32.5,125.5,2.4,Low,0,0.0,0.0,0.0
Australia,AUS,Oceania,-31.5,125.5,2.4,Low,1,4.6,4.6,10.0
Australia,AUS,Oceania,-30.5,125.5,2.4,Low,0,0.0,0.0,0.0
Australia,AUS,Oceania,-29.5,125.5,2.4,Low,0,0.0,0.0,0.0
Australia,AUS,Oceania,-28.5,125.5,2.4,Low,0,0.0,0.0,0.0
Australia,AUS,Oceania,-27.5,125.5,2.4,Low,0,0.0,0.0,0.0
Australia,AUS,Oceania,-26.5,125.5,2.4,Low,1,4.5,4.5,1.0
Australia,AUS,Oceania,-25.5,125.5,2.4,Low,0,0.0,0.0,0.0
Australia,AUS,Oceania,-24.5,125.5,2.4,Low,0,0.0,0.0,0.0
Australia,AUS,Oceania,-23.5,125.5,2.4,Low,0,0.0,0.0,0.0
Australia,AUS,Oceania,-22.5,125.5,2.4,Low,0,0.0,0.0,0.0
Australia,AUS,Oceania,-21.5,125.5,2.4,Low,0,0.0,0.0,0.0
Australia,AUS,Oceania,-20.5,125.5,2.4,Low,0,0.0,0.0,0.0
Australia,AUS,Oceania,-19.5,125.5,2.4,Low,0,0.0,0.0,0.0
Australia,AUS,Oceania,-18.5,125.5,2.4,Low,0,0.0,0.0,0.0
Australia,AUS,Oceania,-17.5,125.5,2.4,Low,0,0.0,0.0,0.0
Australia,AUS,Oceania,-16.5,125.5,2.4,Low,0,0.0,0.0,0.0
Australia,AUS,Oceania,-15.5,125.5,2.4,Low,0,0.0,0.0,0.0
Philippines,PHL,Asia,7.5,125.5,5.2,High,31,4.7677,5.7,43.3021
Philippines,PHL,Asia,8.5,125.5,5.2,High,32,4.6688,5.8,48.041
Philippines,PHL,Asia,9.5,125.5,5.2,High,131,4.7748,6.5,54.8859
Philippines,PHL,Asia,11.5,125.5,5.2,High,164,4.7726,6.4,46.2535
Korea DPR,PRK,Asia,38.5,125.5,4.6,Medium,0,0.0,0.0,0.0
Korea DPR,PRK,Asia,39.5,125.5,4.6,Medium,0,0.0,0.0,0.0
Korea DPR,PRK,Asia,40.5,125.5,4.6,Medium,0,0.0,0.0,0.0
China,CHN,Asia,41.5,125.5,2.9,Low,0,0.0,0.0,0.0
China,CHN,Asia,42.5,125.5,2.9,Low,0,0.0,0.0,0.0
China,CHN,Asia,43.5,125.5,2.9,Low,0,0.0,0.0,0.0
China,CHN,Asia,44.5,125.5,2.9,Low,0,0.0,0.0,0.0
China,CHN,Asia,45.5,125.5,2.9,Low,1,4.7,4.7,10.0
China,CHN,Asia,46.5,125.5,2.9,Low,2,4.75,5.0,28.85
China,CHN,Asia,47.5,125.5,2.9,Low,0,0.0,0.0,0.0
China,CHN,Asia,48.5,125.5,2.9,Low,1,4.5,4.5,10.0
China,CHN,Asia,49.5,125.5,2.9,Low,0,0.0,0.0,0.0
China,CHN,Asia,50.5,125.5,2.9,Low,0,0.0,0.0,0.0
China,CHN,Asia,51.5,125.5,2.9,Low,0,0.0,0.0,0.0
China,CHN,Asia,52.5,125.5,2.9,Low,0,0.0,0.0,0.0
Russian Federation,RUS,Europe,53.5,125.5,4.0,Medium,1,4.6,4.6,10.0
Russian Federation,RUS,Europe,54.5,125.5,4.0,Medium,0,0.0,0.0,0.0
Russian Federation,RUS,Europe,55.5,125.5,4.0,Medium,0,0.0,0.0,0.0
Russian Federation,RUS,Europe,56.5,125.5,4.0,Medium,0,0.0,0.0,0.0
Russian Federation,RUS,Europe,57.5,125.5,4.0,Medium,0,0.0,0.0,0.0
Russian Federation,RUS,Europe,58.5,125.5,4.0,Medium,0,0.0,0.0,0.0
Russian Federation,RUS,Europe,59.5,125.5,4.0,Medium,0,0.0,0.0,0.0
Russian Federation,RUS,Europe,60.5,125.5,4.0,Medium,0,0.0,0.0,0.0
Russian Federation,RUS,Europe,61.5,125.5,4.0,Medium,0,0.0,0.0,0.0
Russian Federation,RUS,Europe,62.5,125.5,4.0,Medium,0,0.0,0.0,0.0
Russian Federation,RUS,Europe,63.5,125.5,4.0,Medium,0,0.0,0.0,0.0
Russian Federation,RUS,Europe,64.5,125.5,4.0,Medium,0,0.0,0.0,0.0
Russian Federation,RUS,Europe,65.5,125.5,4.0,Medium,0,0.0,0.0,0.0
Russian Federation,RUS,Europe,66.5,125.5,4.0,Medium,0,0.0,0.0,0.0
Russian Federation,RUS,Europe,67.5,125.5,4.0,Medium,0,0.0,0.0,0.0
Russian Federation,RUS,Europe,68.5,125.5,4.0,Medium,0,0.0,0.0,0.0
Russian Federation,RUS,Europe,69.5,125.5,4.0,Medium,0,0.0,0.0,0.0
Russian Federation,RUS,Europe,70.5,125.5,4.0,Medium,0,0.0,0.0,0.0
Russian Federation,RUS,Europe,71.5,125.5,4.0,Medium,0,0.0,0.0,0.0
Russian Federation,RUS,Europe,72.5,125.5,4.0,Medium,0,0.0,0.0,0.0
Russian Federation,RUS,Europe,73.5,125.5,4.0,Medium,0,0.0,0.0,0.0
Australia,AUS,Oceania,-31.5,126.5,2.4,Low,0,0.0,0.0,0.0
Australia,AUS,Oceania,-30.5,126.5,2.4,Low,0,0.0,0.0,0.0
Australia,AUS,Oceania,-29.5,126.5,2.4,Low,0,0.0,0.0,0.0
Australia,AUS,Oceania,-28.5,126.5,2.4,Low,0,0.0,0.0,0.0
Australia,AUS,Oceania,-27.5,126.5,2.4,Low,0,0.0,0.0,0.0
Australia,AUS,Oceania,-26.5,126.5,2.4,Low,0,0.0,0.0,0.0
Australia,AUS,Oceania,-25.5,126.5,2.4,Low,0,0.0,0.0,0.0
Australia,AUS,Oceania,-24.5,126.5,2.4,Low,0,0.0,0.0,0.0
Australia,AUS,Oceania,-23.5,126.5,2.4,Low,0,0.0,0.0,0.0
Australia,AUS,Oceania,-22.5,126.5,2.4,Low,0,0.0,0.0,0.0
Australia,AUS,Oceania,-21.5,126.5,2.4,Low,0,0.0,0.0,0.0
Australia,AUS,Oceania,-20.5,126.5,2.4,Low,0,0.0,0.0,0.0
Australia,AUS,Oceania,-19.5,126.5,2.4,Low,0,0.0,0.0,0.0
Australia,AUS,Oceania,-18.5,126.5,2.4,Low,1,4.6,4.6,0.0
Australia,AUS,Oceania,-17.5,126.5,2.4,Low,0,0.0,0.0,0.0
Australia,AUS,Oceania,-16.5,126.5,2.4,Low,0,0.0,0.0,0.0
Australia,AUS,Oceania,-15.5,126.5,2.4,Low,0,0.0,0.0,0.0
Australia,AUS,Oceania,-14.5,126.5,2.4,Low,0,0.0,0.0,0.0
Timor-Leste,TLS,Asia,-8.5,126.5,3.7,Medium,14,4.9214,5.7,33.6766
Indonesia,IDN,Asia,-3.5,126.5,4.5,Medium,26,4.8115,5.8,39.3088
Philippines,PHL,Asia,7.5,126.5,5.2,High,174,4.8172,6.2,59.2153
Korea Republic of,KOR,Asia,34.5,126.5,2.0,Low,0,0.0,0.0,0.0
Korea Republic of,KOR,Asia,36.5,126.5,2.0,Low,0,0.0,0.0,0.0
Korea Republic of,KOR,Asia,37.5,126.5,2.0,Low,0,0.0,0.0,0.0
Korea DPR,PRK,Asia,38.5,126.5,4.6,Medium,0,0.0,0.0,0.0
Korea DPR,PRK,Asia,39.5,126.5,4.6,Medium,0,0.0,0.0,0.0
Korea DPR,PRK,Asia,40.5,126.5,4.6,Medium,0,0.0,0.0,0.0
China,CHN,Asia,41.5,126.5,2.9,Low,0,0.0,0.0,0.0
China,CHN,Asia,42.5,126.5,2.9,Low,0,0.0,0.0,0.0
China,CHN,Asia,43.5,126.5,2.9,Low,0,0.0,0.0,0.0
China,CHN,Asia,44.5,126.5,2.9,Low,0,0.0,0.0,0.0
China,CHN,Asia,45.5,126.5,2.9,Low,0,0.0,0.0,0.0
China,CHN,Asia,46.5,126.5,2.9,Low,0,0.0,0.0,0.0
China,CHN,Asia,47.5,126.5,2.9,Low,0,0.0,0.0,0.0
China,CHN,Asia,48.5,126.5,2.9,Low,0,0.0,0.0,0.0
China,CHN,Asia,49.5,126.5,2.9,Low,0,0.0,0.0,0.0
China,CHN,Asia,50.5,126.5,2.9,Low,0,0.0,0.0,0.0
China,CHN,Asia,51.5,126.5,2.9,Low,0,0.0,0.0,0.0
Russian Federation,RUS,Europe,52.5,126.5,4.0,Medium,0,0.0,0.0,0.0
Russian Federation,RUS,Europe,53.5,126.5,4.0,Medium,0,0.0,0.0,0.0
Russian Federation,RUS,Europe,54.5,126.5,4.0,Medium,1,4.7,4.7,10.0
Russian Federation,RUS,Europe,55.5,126.5,4.0,Medium,0,0.0,0.0,0.0
Russian Federation,RUS,Europe,56.5,126.5,4.0,Medium,0,0.0,0.0,0.0
Russian Federation,RUS,Europe,57.5,126.5,4.0,Medium,1,4.7,4.7,10.0
Russian Federation,RUS,Europe,58.5,126.5,4.0,Medium,0,0.0,0.0,0.0
Russian Federation,RUS,Europe,59.5,126.5,4.0,Medium,0,0.0,0.0,0.0
Russian Federation,RUS,Europe,60.5,126.5,4.0,Medium,0,0.0,0.0,0.0
Russian Federation,RUS,Europe,61.5,126.5,4.0,Medium,0,0.0,0.0,0.0
Russian Federation,RUS,Europe,62.5,126.5,4.0,Medium,0,0.0,0.0,0.0
Russian Federation,RUS,Europe,63.5,126.5,4.0,Medium,0,0.0,0.0,0.0
Russian Federation,RUS,Europe,64.5,126.5,4.0,Medium,0,0.0,0.0,0.0
Russian Federation,RUS,Europe,65.5,126.5,4.0,Medium,0,0.0,0.0,0.0
Russian Federation,RUS,Europe,66.5,126.5,4.0,Medium,0,0.0,0.0,0.0
Russian Federation,RUS,Europe,67.5,126.5,4.0,Medium,0,0.0,0.0,0.0
Russian Federation,RUS,Europe,68.5,126.5,4.0,Medium,0,0.0,0.0,0.0
Russian Federation,RUS,Europe,69.5,126.5,4.0,Medium,0,0.0,0.0,0.0
Russian Federation,RUS,Europe,70.5,126.5,4.0,Medium,0,0.0,0.0,0.0
Russian Federation,RUS,Europe,71.5,126.5,4.0,Medium,0,0.0,0.0,0.0
Russian Federation,RUS,Europe,72.5,126.5,4.0,Medium,0,0.0,0.0,0.0
Russian Federation,RUS,Europe,73.5,126.5,4.0,Medium,0,0.0,0.0,0.0
Australia,AUS,Oceania,-31.5,127.5,2.4,Low,0,0.0,0.0,0.0
Australia,AUS,Oceania,-30.5,127.5,2.4,Low,0,0.0,0.0,0.0
Australia,AUS,Oceania,-29.5,127.5,2.4,Low,0,0.0,0.0,0.0
Australia,AUS,Oceania,-28.5,127.5,2.4,Low,0,0.0,0.0,0.0
Australia,AUS,Oceania,-27.5,127.5,2.4,Low,0,0.0,0.0,0.0
Australia,AUS,Oceania,-26.5,127.5,2.4,Low,0,0.0,0.0,0.0
Australia,AUS,Oceania,-25.5,127.5,2.4,Low,0,0.0,0.0,0.0
Australia,AUS,Oceania,-24.5,127.5,2.4,Low,0,0.0,0.0,0.0
Australia,AUS,Oceania,-23.5,127.5,2.4,Low,0,0.0,0.0,0.0
Australia,AUS,Oceania,-22.5,127.5,2.4,Low,0,0.0,0.0,0.0
Australia,AUS,Oceania,-21.5,127.5,2.4,Low,0,0.0,0.0,0.0
Australia,AUS,Oceania,-20.5,127.5,2.4,Low,0,0.0,0.0,0.0
Australia,AUS,Oceania,-19.5,127.5,2.4,Low,1,4.8,4.8,10.0
Australia,AUS,Oceania,-18.5,127.5,2.4,Low,0,0.0,0.0,0.0
Australia,AUS,Oceania,-17.5,127.5,2.4,Low,0,0.0,0.0,0.0
Australia,AUS,Oceania,-16.5,127.5,2.4,Low,0,0.0,0.0,0.0
Australia,AUS,Oceania,-15.5,127.5,2.4,Low,0,0.0,0.0,0.0
Australia,AUS,Oceania,-14.5,127.5,2.4,Low,0,0.0,0.0,0.0
Korea Republic of,KOR,Asia,35.5,127.5,2.0,Low,0,0.0,0.0,0.0
Korea Republic of,KOR,Asia,36.5,127.5,2.0,Low,0,0.0,0.0,0.0
Korea Republic of,KOR,Asia,37.5,127.5,2.0,Low,0,0.0,0.0,0.0
Korea DPR,PRK,Asia,38.5,127.5,4.6,Medium,0,0.0,0.0,0.0
Korea DPR,PRK,Asia,39.5,127.5,4.6,Medium,0,0.0,0.0,0.0
Korea DPR,PRK,Asia,40.5,127.5,4.6,Medium,0,0.0,0.0,0.0
China,CHN,Asia,41.5,127.5,2.9,Low,0,0.0,0.0,0.0
China,CHN,Asia,42.5,127.5,2.9,Low,0,0.0,0.0,0.0
China,CHN,Asia,43.5,127.5,2.9,Low,0,0.0,0.0,0.0
China,CHN,Asia,44.5,127.5,2.9,Low,0,0.0,0.0,0.0
China,CHN,Asia,45.5,127.5,2.9,Low,0,0.0,0.0,0.0
China,CHN,Asia,46.5,127.5,2.9,Low,0,0.0,0.0,0.0
China,CHN,Asia,47.5,127.5,2.9,Low,0,0.0,0.0,0.0
China,CHN,Asia,48.5,127.5,2.9,Low,0,0.0,0.0,0.0
China,CHN,Asia,49.5,127.5,2.9,Low,0,0.0,0.0,0.0
Russian Federation,RUS,Europe,50.5,127.5,4.0,Medium,0,0.0,0.0,0.0
Russian Federation,RUS,Europe,51.5,127.5,4.0,Medium,0,0.0,0.0,0.0
Russian Federation,RUS,Europe,52.5,127.5,4.0,Medium,0,0.0,0.0,0.0
Russian Federation,RUS,Europe,53.5,127.5,4.0,Medium,1,5.1,5.1,10.0
Russian Federation,RUS,Europe,54.5,127.5,4.0,Medium,0,0.0,0.0,0.0
Russian Federation,RUS,Europe,55.5,127.5,4.0,Medium,0,0.0,0.0,0.0
Russian Federation,RUS,Europe,56.5,127.5,4.0,Medium,0,0.0,0.0,0.0
Russian Federation,RUS,Europe,57.5,127.5,4.0,Medium,0,0.0,0.0,0.0
Russian Federation,RUS,Europe,58.5,127.5,4.0,Medium,0,0.0,0.0,0.0
Russian Federation,RUS,Europe,59.5,127.5,4.0,Medium,0,0.0,0.0,0.0
Russian Federation,RUS,Europe,60.5,127.5,4.0,Medium,0,0.0,0.0,0.0
Russian Federation,RUS,Europe,61.5,127.5,4.0,Medium,0,0.0,0.0,0.0
Russian Federation,RUS,Europe,62.5,127.5,4.0,Medium,0,0.0,0.0,0.0
Russian Federation,RUS,Europe,63.5,127.5,4.0,Medium,0,0.0,0.0,0.0
Russian Federation,RUS,Europe,64.5,127.5,4.0,Medium,0,0.0,0.0,0.0
Russian Federation,RUS,Europe,65.5,127.5,4.0,Medium,0,0.0,0.0,0.0
Russian Federation,RUS,Europe,66.5,127.5,4.0,Medium,0,0.0,0.0,0.0
Russian Federation,RUS,Europe,67.5,127.5,4.0,Medium,0,0.0,0.0,0.0
Russian Federation,RUS,Europe,68.5,127.5,4.0,Medium,0,0.0,0.0,0.0
Russian Federation,RUS,Europe,69.5,127.5,4.0,Medium,0,0.0,0.0,0.0
Russian Federation,RUS,Europe,70.5,127.5,4.0,Medium,0,0.0,0.0,0.0
Russian Federation,RUS,Europe,71.5,127.5,4.0,Medium,0,0.0,0.0,0.0
Russian Federation,RUS,Europe,72.5,127.5,4.0,Medium,0,0.0,0.0,0.0
Australia,AUS,Oceania,-31.5,128.5,2.4,Low,0,0.0,0.0,0.0
Australia,AUS,Oceania,-30.5,128.5,2.4,Low,0,0.0,0.0,0.0
Australia,AUS,Oceania,-29.5,128.5,2.4,Low,0,0.0,0.0,0.0
Australia,AUS,Oceania,-28.5,128.5,2.4,Low,0,0.0,0.0,0.0
Australia,AUS,Oceania,-27.5,128.5,2.4,Low,0,0.0,0.0,0.0
Australia,AUS,Oceania,-26.5,128.5,2.4,Low,0,0.0,0.0,0.0
Australia,AUS,Oceania,-25.5,128.5,2.4,Low,0,0.0,0.0,0.0
Australia,AUS,Oceania,-24.5,128.5,2.4,Low,0,0.0,0.0,0.0
Australia,AUS,Oceania,-23.5,128.5,2.4,Low,0,0.0,0.0,0.0
Australia,AUS,Oceania,-22.5,128.5,2.4,Low,0,0.0,0.0,0.0
Australia,AUS,Oceania,-21.5,128.5,2.4,Low,0,0.0,0.0,0.0
Australia,AUS,Oceania,-20.5,128.5,2.4,Low,0,0.0,0.0,0.0
Australia,AUS,Oceania,-19.5,128.5,2.4,Low,1,4.9,4.9,4.57
Australia,AUS,Oceania,-18.5,128.5,2.4,Low,0,0.0,0.0,0.0
Australia,AUS,Oceania,-17.5,128.5,2.4,Low,0,0.0,0.0,0.0
Australia,AUS,Oceania,-16.5,128.5,2.4,Low,0,0.0,0.0,0.0
Australia,AUS,Oceania,-15.5,128.5,2.4,Low,0,0.0,0.0,0.0
Indonesia,IDN,Asia,0.5,128.5,4.5,Medium,6,4.9,5.1,31.095
Indonesia,IDN,Asia,1.5,128.5,4.5,Medium,117,4.7684,6.0,60.8288
Korea Republic of,KOR,Asia,35.5,128.5,2.0,Low,0,0.0,0.0,0.0
Korea Republic of,KOR,Asia,36.5,128.5,2.0,Low,0,0.0,0.0,0.0
Korea Republic of,KOR,Asia,37.5,128.5,2.0,Low,1,4.7,4.7,10.0
Korea DPR,PRK,Asia,40.5,128.5,4.6,Medium,1,4.6,4.6,10.0
Korea DPR,PRK,Asia,41.5,128.5,4.6,Medium,0,0.0,0.0,0.0
China,CHN,Asia,42.5,128.5,2.9,Low,0,0.0,0.0,0.0
China,CHN,Asia,43.5,128.5,2.9,Low,0,0.0,0.0,0.0
China,CHN,Asia,44.5,128.5,2.9,Low,0,0.0,0.0,0.0
China,CHN,Asia,45.5,128.5,2.9,Low,0,0.0,0.0,0.0
China,CHN,Asia,46.5,128.5,2.9,Low,0,0.0,0.0,0.0
China,CHN,Asia,47.5,128.5,2.9,Low,0,0.0,0.0,0.0
China,CHN,Asia,48.5,128.5,2.9,Low,0,0.0,0.0,0.0
China,CHN,Asia,49.5,128.5,2.9,Low,0,0.0,0.0,0.0
Russian Federation,RUS,Europe,50.5,128.5,4.0,Medium,0,0.0,0.0,0.0
Russian Federation,RUS,Europe,51.5,128.5,4.0,Medium,0,0.0,0.0,0.0
Russian Federation,RUS,Europe,52.5,128.5,4.0,Medium,0,0.0,0.0,0.0
Russian Federation,RUS,Europe,53.5,128.5,4.0,Medium,1,4.7,4.7,9.44
Russian Federation,RUS,Europe,54.5,128.5,4.0,Medium,0,0.0,0.0,0.0
Russian Federation,RUS,Europe,55.5,128.5,4.0,Medium,0,0.0,0.0,0.0
Russian Federation,RUS,Europe,56.5,128.5,4.0,Medium,0,0.0,0.0,0.0
Russian Federation,RUS,Europe,57.5,128.5,4.0,Medium,0,0.0,0.0,0.0
Russian Federation,RUS,Europe,58.5,128.5,4.0,Medium,0,0.0,0.0,0.0
Russian Federation,RUS,Europe,59.5,128.5,4.0,Medium,0,0.0,0.0,0.0
Russian Federation,RUS,Europe,60.5,128.5,4.0,Medium,0,0.0,0.0,0.0
Russian Federation,RUS,Europe,61.5,128.5,4.0,Medium,0,0.0,0.0,0.0
Russian Federation,RUS,Europe,62.5,128.5,4.0,Medium,0,0.0,0.0,0.0
Russian Federation,RUS,Europe,63.5,128.5,4.0,Medium,0,0.0,0.0,0.0
Russian Federation,RUS,Europe,64.5,128.5,4.0,Medium,0,0.0,0.0,0.0
Russian Federation,RUS,Europe,65.5,128.5,4.0,Medium,0,0.0,0.0,0.0
Russian Federation,RUS,Europe,66.5,128.5,4.0,Medium,0,0.0,0.0,0.0
Russian Federation,RUS,Europe,67.5,128.5,4.0,Medium,1,4.5,4.5,4.5
Russian Federation,RUS,Europe,68.5,128.5,4.0,Medium,0,0.0,0.0,0.0
Russian Federation,RUS,Europe,69.5,128.5,4.0,Medium,0,0.0,0.0,0.0
Russian Federation,RUS,Europe,70.5,128.5,4.0,Medium,1,4.6,4.6,21.58
Russian Federation,RUS,Europe,71.5,128.5,4.0,Medium,1,4.6,4.6,20.6
Russian Federation,RUS,Europe,72.5,128.5,4.0,Medium,0,0.0,0.0,0.0
Australia,AUS,Oceania,-31.5,129.5,2.4,Low,0,0.0,0.0,0.0
Australia,AUS,Oceania,-30.5,129.5,2.4,Low,0,0.0,0.0,0.0
Australia,AUS,Oceania,-29.5,129.5,2.4,Low,0,0.0,0.0,0.0
Australia,AUS,Oceania,-28.5,129.5,2.4,Low,0,0.0,0.0,0.0
Australia,AUS,Oceania,-27.5,129.5,2.4,Low,0,0.0,0.0,0.0
Australia,AUS,Oceania,-26.5,129.5,2.4,Low,0,0.0,0.0,0.0
Australia,AUS,Oceania,-25.5,129.5,2.4,Low,2,5.25,6.0,10.4
Australia,AUS,Oceania,-24.5,129.5,2.4,Low,0,0.0,0.0,0.0
Australia,AUS,Oceania,-23.5,129.5,2.4,Low,0,0.0,0.0,0.0
Australia,AUS,Oceania,-22.5,129.5,2.4,Low,3,4.6667,4.9,12.0
Australia,AUS,Oceania,-21.5,129.5,2.4,Low,0,0.0,0.0,0.0
Australia,AUS,Oceania,-20.5,129.5,2.4,Low,0,0.0,0.0,0.0
Australia,AUS,Oceania,-19.5,129.5,2.4,Low,0,0.0,0.0,0.0
Australia,AUS,Oceania,-18.5,129.5,2.4,Low,0,0.0,0.0,0.0
Australia,AUS,Oceania,-17.5,129.5,2.4,Low,0,0.0,0.0,0.0
Australia,AUS,Oceania,-16.5,129.5,2.4,Low,0,0.0,0.0,0.0
Australia,AUS,Oceania,-15.5,129.5,2.4,Low,0,0.0,0.0,0.0
Australia,AUS,Oceania,-14.5,129.5,2.4,Low,0,0.0,0.0,0.0
Korea DPR,PRK,Asia,41.5,129.5,4.6,Medium,0,0.0,0.0,0.0
China,CHN,Asia,42.5,129.5,2.9,Low,0,0.0,0.0,0.0
China,CHN,Asia,43.5,129.5,2.9,Low,0,0.0,0.0,0.0
China,CHN,Asia,44.5,129.5,2.9,Low,2,6.1,6.4,585.885
China,CHN,Asia,45.5,129.5,2.9,Low,0,0.0,0.0,0.0
China,CHN,Asia,46.5,129.5,2.9,Low,1,4.5,4.5,10.0
China,CHN,Asia,47.5,129.5,2.9,Low,0,0.0,0.0,0.0
China,CHN,Asia,48.5,129.5,2.9,Low,0,0.0,0.0,0.0
Russian Federation,RUS,Europe,49.5,129.5,4.0,Medium,0,0.0,0.0,0.0
Russian Federation,RUS,Europe,50.5,129.5,4.0,Medium,0,0.0,0.0,0.0
Russian Federation,RUS,Europe,51.5,129.5,4.0,Medium,0,0.0,0.0,0.0
Russian Federation,RUS,Europe,52.5,129.5,4.0,Medium,0,0.0,0.0,0.0
Russian Federation,RUS,Europe,53.5,129.5,4.0,Medium,0,0.0,0.0,0.0
Russian Federation,RUS,Europe,54.5,129.5,4.0,Medium,0,0.0,0.0,0.0
Russian Federation,RUS,Europe,55.5,129.5,4.0,Medium,0,0.0,0.0,0.0
Russian Federation,RUS,Europe,56.5,129.5,4.0,Medium,2,4.9,5.3,8.91
Russian Federation,RUS,Europe,57.5,129.5,4.0,Medium,0,0.0,0.0,0.0
Russian Federation,RUS,Europe,58.5,129.5,4.0,Medium,0,0.0,0.0,0.0
Russian Federation,RUS,Europe,59.5,129.5,4.0,Medium,0,0.0,0.0,0.0
Russian Federation,RUS,Europe,60.5,129.5,4.0,Medium,0,0.0,0.0,0.0
Russian Federation,RUS,Europe,61.5,129.5,4.0,Medium,0,0.0,0.0,0.0
Russian Federation,RUS,Europe,62.5,129.5,4.0,Medium,0,0.0,0.0,0.0
Russian Federation,RUS,Europe,63.5,129.5,4.0,Medium,0,0.0,0.0,0.0
Russian Federation,RUS,Europe,64.5,129.5,4.0,Medium,0,0.0,0.0,0.0
Russian Federation,RUS,Europe,65.5,129.5,4.0,Medium,0,0.0,0.0,0.0
Russian Federation,RUS,Europe,66.5,129.5,4.0,Medium,0,0.0,0.0,0.0
Russian Federation,RUS,Europe,67.5,129.5,4.0,Medium,0,0.0,0.0,0.0
Russian Federation,RUS,Europe,68.5,129.5,4.0,Medium,0,0.0,0.0,0.0
Russian Federation,RUS,Europe,69.5,129.5,4.0,Medium,0,0.0,0.0,0.0
Russian Federation,RUS,Europe,70.5,129.5,4.0,Medium,2,4.7,4.7,10.0
Australia,AUS,Oceania,-31.5,130.5,2.4,Low,0,0.0,0.0,0.0
Australia,AUS,Oceania,-30.5,130.5,2.4,Low,0,0.0,0.0,0.0
Australia,AUS,Oceania,-29.5,130.5,2.4,Low,0,0.0,0.0,0.0
Australia,AUS,Oceania,-28.5,130.5,2.4,Low,0,0.0,0.0,0.0
Australia,AUS,Oceania,-27.5,130.5,2.4,Low,0,0.0,0.0,0.0
Australia,AUS,Oceania,-26.5,130.5,2.4,Low,0,0.0,0.0,0.0
Australia,AUS,Oceania,-25.5,130.5,2.4,Low,1,4.8,4.8,11.0
Australia,AUS,Oceania,-24.5,130.5,2.4,Low,0,0.0,0.0,0.0
Australia,AUS,Oceania,-23.5,130.5,2.4,Low,0,0.0,0.0,0.0
Australia,AUS,Oceania,-22.5,130.5,2.4,Low,0,0.0,0.0,0.0
Australia,AUS,Oceania,-21.5,130.5,2.4,Low,0,0.0,0.0,0.0
Australia,AUS,Oceania,-20.5,130.5,2.4,Low,0,0.0,0.0,0.0
Australia,AUS,Oceania,-19.5,130.5,2.4,Low,0,0.0,0.0,0.0
Australia,AUS,Oceania,-18.5,130.5,2.4,Low,0,0.0,0.0,0.0
Australia,AUS,Oceania,-17.5,130.5,2.4,Low,0,0.0,0.0,0.0
Australia,AUS,Oceania,-16.5,130.5,2.4,Low,0,0.0,0.0,0.0
Australia,AUS,Oceania,-15.5,130.5,2.4,Low,0,0.0,0.0,0.0
Australia,AUS,Oceania,-14.5,130.5,2.4,Low,0,0.0,0.0,0.0
Australia,AUS,Oceania,-13.5,130.5,2.4,Low,0,0.0,0.0,0.0
Indonesia,IDN,Asia,-3.5,130.5,4.5,Medium,106,4.7547,5.6,25.9698
Japan,JPN,Asia,31.5,130.5,2.0,Low,35,4.7286,6.2,143.934
Japan,JPN,Asia,32.5,130.5,2.0,Low,70,4.8043,7.0,12.4463
Japan,JPN,Asia,33.5,130.5,2.0,Low,9,4.9667,6.6,17.2544
Korea DPR,PRK,Asia,42.5,130.5,4.6,Medium,4,5.525,6.9,568.65
China,CHN,Asia,43.5,130.5,2.9,Low,4,5.725,7.3,559.445
China,CHN,Asia,44.5,130.5,2.9,Low,0,0.0,0.0,0.0
China,CHN,Asia,45.5,130.5,2.9,Low,1,4.8,4.8,14.97
China,CHN,Asia,46.5,130.5,2.9,Low,0,0.0,0.0,0.0
China,CHN,Asia,47.5,130.5,2.9,Low,0,0.0,0.0,0.0
China,CHN,Asia,48.5,130.5,2.9,Low,1,4.5,4.5,10.0
Russian Federation,RUS,Europe,49.5,130.5,4.0,Medium,0,0.0,0.0,0.0
Russian Federation,RUS,Europe,50.5,130.5,4.0,Medium,0,0.0,0.0,0.0
Russian Federation,RUS,Europe,51.5,130.5,4.0,Medium,0,0.0,0.0,0.0
Russian Federation,RUS,Europe,52.5,130.5,4.0,Medium,0,0.0,0.0,0.0
Russian Federation,RUS,Europe,53.5,130.5,4.0,Medium,0,0.0,0.0,0.0
Russian Federation,RUS,Europe,54.5,130.5,4.0,Medium,0,0.0,0.0,0.0
Russian Federation,RUS,Europe,55.5,130.5,4.0,Medium,1,4.5,4.5,10.0
Russian Federation,RUS,Europe,56.5,130.5,4.0,Medium,0,0.0,0.0,0.0
Russian Federation,RUS,Europe,57.5,130.5,4.0,Medium,0,0.0,0.0,0.0
Russian Federation,RUS,Europe,58.5,130.5,4.0,Medium,0,0.0,0.0,0.0
Russian Federation,RUS,Europe,59.5,130.5,4.0,Medium,0,0.0,0.0,0.0
Russian Federation,RUS,Europe,60.5,130.5,4.0,Medium,0,0.0,0.0,0.0
Russian Federation,RUS,Europe,61.5,130.5,4.0,Medium,0,0.0,0.0,0.0
Russian Federation,RUS,Europe,62.5,130.5,4.0,Medium,0,0.0,0.0,0.0
Russian Federation,RUS,Europe,63.5,130.5,4.0,Medium,0,0.0,0.0,0.0
Russian Federation,RUS,Europe,64.5,130.5,4.0,Medium,0,0.0,0.0,0.0
Russian Federation,RUS,Europe,65.5,130.5,4.0,Medium,0,0.0,0.0,0.0
Russian Federation,RUS,Europe,66.5,130.5,4.0,Medium,0,0.0,0.0,0.0
Russian Federation,RUS,Europe,67.5,130.5,4.0,Medium,0,0.0,0.0,0.0
Russian Federation,RUS,Europe,68.5,130.5,4.0,Medium,0,0.0,0.0,0.0
Russian Federation,RUS,Europe,69.5,130.5,4.0,Medium,0,0.0,0.0,0.0
Russian Federation,RUS,Europe,70.5,130.5,4.0,Medium,0,0.0,0.0,0.0
Australia,AUS,Oceania,-31.5,131.5,2.4,Low,0,0.0,0.0,0.0
Australia,AUS,Oceania,-30.5,131.5,2.4,Low,0,0.0,0.0,0.0
Australia,AUS,Oceania,-29.5,131.5,2.4,Low,0,0.0,0.0,0.0
Australia,AUS,Oceania,-28.5,131.5,2.4,Low,0,0.0,0.0,0.0
Australia,AUS,Oceania,-27.5,131.5,2.4,Low,0,0.0,0.0,0.0
Australia,AUS,Oceania,-26.5,131.5,2.4,Low,3,5.0333,5.3,4.0
Australia,AUS,Oceania,-25.5,131.5,2.4,Low,0,0.0,0.0,0.0
Australia,AUS,Oceania,-24.5,131.5,2.4,Low,0,0.0,0.0,0.0
Australia,AUS,Oceania,-23.5,131.5,2.4,Low,0,0.0,0.0,0.0
Australia,AUS,Oceania,-22.5,131.5,2.4,Low,0,0.0,0.0,0.0
Australia,AUS,Oceania,-21.5,131.5,2.4,Low,1,4.5,4.5,10.0
Australia,AUS,Oceania,-20.5,131.5,2.4,Low,0,0.0,0.0,0.0
Australia,AUS,Oceania,-19.5,131.5,2.4,Low,0,0.0,0.0,0.0
Australia,AUS,Oceania,-18.5,131.5,2.4,Low,0,0.0,0.0,0.0
Australia,AUS,Oceania,-17.5,131.5,2.4,Low,0,0.0,0.0,0.0
Australia,AUS,Oceania,-16.5,131.5,2.4,Low,0,0.0,0.0,0.0
Australia,AUS,Oceania,-15.5,131.5,2.4,Low,0,0.0,0.0,0.0
Australia,AUS,Oceania,-14.5,131.5,2.4,Low,0,0.0,0.0,0.0
Australia,AUS,Oceania,-13.5,131.5,2.4,Low,0,0.0,0.0,0.0
Australia,AUS,Oceania,-12.5,131.5,2.4,Low,0,0.0,0.0,0.0
Indonesia,IDN,Asia,-1.5,131.5,4.5,Medium,2,4.85,5.1,21.5
Japan,JPN,Asia,32.5,131.5,2.0,Low,22,4.8682,5.8,42.5782
Japan,JPN,Asia,33.5,131.5,2.0,Low,28,4.925,6.3,53.9126
Japan,JPN,Asia,34.5,131.5,2.0,Low,1,4.5,4.5,21.28
Russian Federation,RUS,Europe,43.5,131.5,4.0,Medium,2,4.7,4.8,545.9
Russian Federation,RUS,Europe,44.5,131.5,4.0,Medium,0,0.0,0.0,0.0
China,CHN,Asia,45.5,131.5,2.9,Low,0,0.0,0.0,0.0
China,CHN,Asia,46.5,131.5,2.9,Low,1,4.5,4.5,37.7
China,CHN,Asia,47.5,131.5,2.9,Low,0,0.0,0.0,0.0
Russian Federation,RUS,Europe,48.5,131.5,4.0,Medium,0,0.0,0.0,0.0
Russian Federation,RUS,Europe,49.5,131.5,4.0,Medium,0,0.0,0.0,0.0
Russian Federation,RUS,Europe,50.5,131.5,4.0,Medium,0,0.0,0.0,0.0
Russian Federation,RUS,Europe,51.5,131.5,4.0,Medium,1,4.5,4.5,10.0
Russian Federation,RUS,Europe,52.5,131.5,4.0,Medium,0,0.0,0.0,0.0
Russian Federation,RUS,Europe,53.5,131.5,4.0,Medium,0,0.0,0.0,0.0
Russian Federation,RUS,Europe,54.5,131.5,4.0,Medium,0,0.0,0.0,0.0
Russian Federation,RUS,Europe,55.5,131.5,4.0,Medium,0,0.0,0.0,0.0
Russian Federation,RUS,Europe,56.5,131.5,4.0,Medium,0,0.0,0.0,0.0
Russian Federation,RUS,Europe,57.5,131.5,4.0,Medium,0,0.0,0.0,0.0
Russian Federation,RUS,Europe,58.5,131.5,4.0,Medium,0,0.0,0.0,0.0
Russian Federation,RUS,Europe,59.5,131.5,4.0,Medium,0,0.0,0.0,0.0
Russian Federation,RUS,Europe,60.5,131.5,4.0,Medium,0,0.0,0.0,0.0
Russian Federation,RUS,Europe,61.5,131.5,4.0,Medium,0,0.0,0.0,0.0
Russian Federation,RUS,Europe,62.5,131.5,4.0,Medium,0,0.0,0.0,0.0
Russian Federation,RUS,Europe,63.5,131.5,4.0,Medium,0,0.0,0.0,0.0
Russian Federation,RUS,Europe,64.5,131.5,4.0,Medium,0,0.0,0.0,0.0
Russian Federation,RUS,Europe,65.5,131.5,4.0,Medium,0,0.0,0.0,0.0
Russian Federation,RUS,Europe,66.5,131.5,4.0,Medium,0,0.0,0.0,0.0
Russian Federation,RUS,Europe,67.5,131.5,4.0,Medium,0,0.0,0.0,0.0
Russian Federation,RUS,Europe,68.5,131.5,4.0,Medium,0,0.0,0.0,0.0
Russian Federation,RUS,Europe,69.5,131.5,4.0,Medium,0,0.0,0.0,0.0
Russian Federation,RUS,Europe,70.5,131.5,4.0,Medium,0,0.0,0.0,0.0
Australia,AUS,Oceania,-31.5,132.5,2.4,Low,0,0.0,0.0,0.0
Australia,AUS,Oceania,-30.5,132.5,2.4,Low,0,0.0,0.0,0.0
Australia,AUS,Oceania,-29.5,132.5,2.4,Low,0,0.0,0.0,0.0
Australia,AUS,Oceania,-28.5,132.5,2.4,Low,0,0.0,0.0,0.0
Australia,AUS,Oceania,-27.5,132.5,2.4,Low,0,0.0,0.0,0.0
Australia,AUS,Oceania,-26.5,132.5,2.4,Low,0,0.0,0.0,0.0
Australia,AUS,Oceania,-25.5,132.5,2.4,Low,0,0.0,0.0,0.0
Australia,AUS,Oceania,-24.5,132.5,2.4,Low,0,0.0,0.0,0.0
Australia,AUS,Oceania,-23.5,132.5,2.4,Low,0,0.0,0.0,0.0
Australia,AUS,Oceania,-22.5,132.5,2.4,Low,0,0.0,0.0,0.0
Australia,AUS,Oceania,-21.5,132.5,2.4,Low,1,4.9,4.9,10.0
Australia,AUS,Oceania,-20.5,132.5,2.4,Low,0,0.0,0.0,0.0
Australia,AUS,Oceania,-19.5,132.5,2.4,Low,0,0.0,0.0,0.0
Australia,AUS,Oceania,-18.5,132.5,2.4,Low,0,0.0,0.0,0.0
Australia,AUS,Oceania,-17.5,132.5,2.4,Low,0,0.0,0.0,0.0
Australia,AUS,Oceania,-16.5,132.5,2.4,Low,0,0.0,0.0,0.0
Australia,AUS,Oceania,-15.5,132.5,2.4,Low,0,0.0,0.0,0.0
Australia,AUS,Oceania,-14.5,132.5,2.4,Low,0,0.0,0.0,0.0
Australia,AUS,Oceania,-13.5,132.5,2.4,Low,0,0.0,0.0,0.0
Australia,AUS,Oceania,-12.5,132.5,2.4,Low,0,0.0,0.0,0.0
Australia,AUS,Oceania,-11.5,132.5,2.4,Low,0,0.0,0.0,0.0
Indonesia,IDN,Asia,-1.5,132.5,4.5,Medium,3,4.9,5.3,25.0767
Indonesia,IDN,Asia,-0.5,132.5,4.5,Medium,133,4.8714,7.7,34.0233
Japan,JPN,Asia,33.5,132.5,2.0,Low,19,4.6211,4.9,53.8484
Japan,JPN,Asia,34.5,132.5,2.0,Low,5,5.24,6.8,39.468
Russian Federation,RUS,Europe,43.5,132.5,4.0,Medium,1,6.2,6.2,481.1
Russian Federation,RUS,Europe,44.5,132.5,4.0,Medium,0,0.0,0.0,0.0
China,CHN,Asia,45.5,132.5,2.9,Low,0,0.0,0.0,0.0
China,CHN,Asia,46.5,132.5,2.9,Low,0,0.0,0.0,0.0
China,CHN,Asia,47.5,132.5,2.9,Low,0,0.0,0.0,0.0
Russian Federation,RUS,Europe,48.5,132.5,4.0,Medium,0,0.0,0.0,0.0
Russian Federation,RUS,Europe,49.5,132.5,4.0,Medium,0,0.0,0.0,0.0
Russian Federation,RUS,Europe,50.5,132.5,4.0,Medium,0,0.0,0.0,0.0
Russian Federation,RUS,Europe,51.5,132.5,4.0,Medium,0,0.0,0.0,0.0
Russian Federation,RUS,Europe,52.5,132.5,4.0,Medium,0,0.0,0.0,0.0
Russian Federation,RUS,Europe,53.5,132.5,4.0,Medium,1,4.8,4.8,10.0
Russian Federation,RUS,Europe,54.5,132.5,4.0,Medium,0,0.0,0.0,0.0
Russian Federation,RUS,Europe,55.5,132.5,4.0,Medium,0,0.0,0.0,0.0
Russian Federation,RUS,Europe,56.5,132.5,4.0,Medium,0,0.0,0.0,0.0
Russian Federation,RUS,Europe,57.5,132.5,4.0,Medium,0,0.0,0.0,0.0
Russian Federation,RUS,Europe,58.5,132.5,4.0,Medium,0,0.0,0.0,0.0
Russian Federation,RUS,Europe,59.5,132.5,4.0,Medium,0,0.0,0.0,0.0
Russian Federation,RUS,Europe,60.5,132.5,4.0,Medium,0,0.0,0.0,0.0
Russian Federation,RUS,Europe,61.5,132.5,4.0,Medium,0,0.0,0.0,0.0
Russian Federation,RUS,Europe,62.5,132.5,4.0,Medium,0,0.0,0.0,0.0
Russian Federation,RUS,Europe,63.5,132.5,4.0,Medium,0,0.0,0.0,0.0
Russian Federation,RUS,Europe,64.5,132.5,4.0,Medium,0,0.0,0.0,0.0
Russian Federation,RUS,Europe,65.5,132.5,4.0,Medium,0,0.0,0.0,0.0
Russian Federation,RUS,Europe,66.5,132.5,4.0,Medium,0,0.0,0.0,0.0
Russian Federation,RUS,Europe,67.5,132.5,4.0,Medium,0,0.0,0.0,0.0
Russian Federation,RUS,Europe,68.5,132.5,4.0,Medium,0,0.0,0.0,0.0
Russian Federation,RUS,Europe,69.5,132.5,4.0,Medium,0,0.0,0.0,0.0
Russian Federation,RUS,Europe,70.5,132.5,4.0,Medium,0,0.0,0.0,0.0
Russian Federation,RUS,Europe,71.5,132.5,4.0,Medium,0,0.0,0.0,0.0
Australia,AUS,Oceania,-31.5,133.5,2.4,Low,0,0.0,0.0,0.0
Australia,AUS,Oceania,-30.5,133.5,2.4,Low,0,0.0,0.0,0.0
Australia,AUS,Oceania,-29.5,133.5,2.4,Low,0,0.0,0.0,0.0
Australia,AUS,Oceania,-28.5,133.5,2.4,Low,0,0.0,0.0,0.0
Australia,AUS,Oceania,-27.5,133.5,2.4,Low,0,0.0,0.0,0.0
Australia,AUS,Oceania,-26.5,133.5,2.4,Low,0,0.0,0.0,0.0
Australia,AUS,Oceania,-25.5,133.5,2.4,Low,0,0.0,0.0,0.0
Australia,AUS,Oceania,-24.5,133.5,2.4,Low,0,0.0,0.0,0.0
Australia,AUS,Oceania,-23.5,133.5,2.4,Low,0,0.0,0.0,0.0
Australia,AUS,Oceania,-22.5,133.5,2.4,Low,0,0.0,0.0,0.0
Australia,AUS,Oceania,-21.5,133.5,2.4,Low,0,0.0,0.0,0.0
Australia,AUS,Oceania,-20.5,133.5,2.4,Low,0,0.0,0.0,0.0
Australia,AUS,Oceania,-19.5,133.5,2.4,Low,2,5.05,5.1,10.0
Australia,AUS,Oceania,-18.5,133.5,2.4,Low,0,0.0,0.0,0.0
Australia,AUS,Oceania,-17.5,133.5,2.4,Low,0,0.0,0.0,0.0
Australia,AUS,Oceania,-16.5,133.5,2.4,Low,0,0.0,0.0,0.0
Australia,AUS,Oceania,-15.5,133.5,2.4,Low,0,0.0,0.0,0.0
Australia,AUS,Oceania,-14.5,133.5,2.4,Low,0,0.0,0.0,0.0
Australia,AUS,Oceania,-13.5,133.5,2.4,Low,0,0.0,0.0,0.0
Australia,AUS,Oceania,-12.5,133.5,2.4,Low,0,0.0,0.0,0.0
Indonesia,IDN,Asia,-3.5,133.5,4.5,Medium,9,4.7111,4.9,18.5689
Indonesia,IDN,Asia,-2.5,133.5,4.5,Medium,27,4.7778,5.3,24.6978
Indonesia,IDN,Asia,-1.5,133.5,4.5,Medium,38,4.8289,6.7,22.2116
Japan,JPN,Asia,33.5,133.5,2.0,Low,6,4.7167,5.1,32.8867
Japan,JPN,Asia,34.5,133.5,2.0,Low,2,4.65,4.8,24.15
Japan,JPN,Asia,35.5,133.5,2.0,Low,7,5.4429,6.7,9.3757
Russian Federation,RUS,Europe,43.5,133.5,4.0,Medium,4,4.925,6.0,439.5175
Russian Federation,RUS,Europe,44.5,133.5,4.0,Medium,0,0.0,0.0,0.0
Russian Federation,RUS,Europe,45.5,133.5,4.0,Medium,1,4.5,4.5,33.0
China,CHN,Asia,46.5,133.5,2.9,Low,0,0.0,0.0,0.0
China,CHN,Asia,47.5,133.5,2.9,Low,0,0.0,0.0,0.0
Russian Federation,RUS,Europe,48.5,133.5,4.0,Medium,1,4.6,4.6,10.0
Russian Federation,RUS,Europe,49.5,133.5,4.0,Medium,0,0.0,0.0,0.0
Russian Federation,RUS,Europe,50.5,133.5,4.0,Medium,0,0.0,0.0,0.0
Russian Federation,RUS,Europe,51.5,133.5,4.0,Medium,0,0.0,0.0,0.0
Russian Federation,RUS,Europe,52.5,133.5,4.0,Medium,0,0.0,0.0,0.0
Russian Federation,RUS,Europe,53.5,133.5,4.0,Medium,0,0.0,0.0,0.0
Russian Federation,RUS,Europe,54.5,133.5,4.0,Medium,0,0.0,0.0,0.0
Russian Federation,RUS,Europe,55.5,133.5,4.0,Medium,1,5.1,5.1,10.0
Russian Federation,RUS,Europe,56.5,133.5,4.0,Medium,0,0.0,0.0,0.0
Russian Federation,RUS,Europe,57.5,133.5,4.0,Medium,0,0.0,0.0,0.0
Russian Federation,RUS,Europe,58.5,133.5,4.0,Medium,0,0.0,0.0,0.0
Russian Federation,RUS,Europe,59.5,133.5,4.0,Medium,0,0.0,0.0,0.0
Russian Federation,RUS,Europe,60.5,133.5,4.0,Medium,0,0.0,0.0,0.0
Russian Federation,RUS,Europe,61.5,133.5,4.0,Medium,0,0.0,0.0,0.0
Russian Federation,RUS,Europe,62.5,133.5,4.0,Medium,0,0.0,0.0,0.0
Russian Federation,RUS,Europe,63.5,133.5,4.0,Medium,0,0.0,0.0,0.0
Russian Federation,RUS,Europe,64.5,133.5,4.0,Medium,0,0.0,0.0,0.0
Russian Federation,RUS,Europe,65.5,133.5,4.0,Medium,0,0.0,0.0,0.0
Russian Federation,RUS,Europe,66.5,133.5,4.0,Medium,0,0.0,0.0,0.0
Russian Federation,RUS,Europe,67.5,133.5,4.0,Medium,0,0.0,0.0,0.0
Russian Federation,RUS,Europe,68.5,133.5,4.0,Medium,0,0.0,0.0,0.0
Russian Federation,RUS,Europe,69.5,133.5,4.0,Medium,0,0.0,0.0,0.0
Russian Federation,RUS,Europe,70.5,133.5,4.0,Medium,0,0.0,0.0,0.0
Australia,AUS,Oceania,-32.5,134.5,2.4,Low,0,0.0,0.0,0.0
Australia,AUS,Oceania,-31.5,134.5,2.4,Low,0,0.0,0.0,0.0
Australia,AUS,Oceania,-30.5,134.5,2.4,Low,0,0.0,0.0,0.0
Australia,AUS,Oceania,-29.5,134.5,2.4,Low,0,0.0,0.0,0.0
Australia,AUS,Oceania,-28.5,134.5,2.4,Low,0,0.0,0.0,0.0
Australia,AUS,Oceania,-27.5,134.5,2.4,Low,0,0.0,0.0,0.0
Australia,AUS,Oceania,-26.5,134.5,2.4,Low,0,0.0,0.0,0.0
Australia,AUS,Oceania,-25.5,134.5,2.4,Low,0,0.0,0.0,0.0
Australia,AUS,Oceania,-24.5,134.5,2.4,Low,0,0.0,0.0,0.0
Australia,AUS,Oceania,-23.5,134.5,2.4,Low,0,0.0,0.0,0.0
Australia,AUS,Oceania,-22.5,134.5,2.4,Low,0,0.0,0.0,0.0
Australia,AUS,Oceania,-21.5,134.5,2.4,Low,0,0.0,0.0,0.0
Australia,AUS,Oceania,-20.5,134.5,2.4,Low,0,0.0,0.0,0.0
Australia,AUS,Oceania,-19.5,134.5,2.4,Low,1,4.9,4.9,5.0
Australia,AUS,Oceania,-18.5,134.5,2.4,Low,0,0.0,0.0,0.0
Australia,AUS,Oceania,-17.5,134.5,2.4,Low,0,0.0,0.0,0.0
Australia,AUS,Oceania,-16.5,134.5,2.4,Low,0,0.0,0.0,0.0
Australia,AUS,Oceania,-15.5,134.5,2.4,Low,0,0.0,0.0,0.0
Australia,AUS,Oceania,-14.5,134.5,2.4,Low,0,0.0,0.0,0.0
Australia,AUS,Oceania,-13.5,134.5,2.4,Low,0,0.0,0.0,0.0
Australia,AUS,Oceania,-12.5,134.5,2.4,Low,0,0.0,0.0,0.0
Indonesia,IDN,Asia,-6.5,134.5,4.5,Medium,0,0.0,0.0,0.0
Indonesia,IDN,Asia,-5.5,134.5,4.5,Medium,22,4.6864,5.1,22.5674
Indonesia,IDN,Asia,-3.5,134.5,4.5,Medium,58,4.7086,5.9,22.1272
Japan,JPN,Asia,35.5,134.5,2.0,Low,2,4.9,5.3,21.5
Russian Federation,RUS,Europe,43.5,134.5,4.0,Medium,2,4.95,5.2,432.085
Russian Federation,RUS,Europe,44.5,134.5,4.0,Medium,0,0.0,0.0,0.0
Russian Federation,RUS,Europe,45.5,134.5,4.0,Medium,0,0.0,0.0,0.0
Russian Federation,RUS,Europe,46.5,134.5,4.0,Medium,0,0.0,0.0,0.0
Russian Federation,RUS,Europe,47.5,134.5,4.0,Medium,0,0.0,0.0,0.0
Russian Federation,RUS,Europe,48.5,134.5,4.0,Medium,0,0.0,0.0,0.0
Russian Federation,RUS,Europe,49.5,134.5,4.0,Medium,0,0.0,0.0,0.0
Russian Federation,RUS,Europe,50.5,134.5,4.0,Medium,0,0.0,0.0,0.0
Russian Federation,RUS,Europe,51.5,134.5,4.0,Medium,0,0.0,0.0,0.0
Russian Federation,RUS,Europe,52.5,134.5,4.0,Medium,0,0.0,0.0,0.0
Russian Federation,RUS,Europe,53.5,134.5,4.0,Medium,1,4.5,4.5,10.0
Russian Federation,RUS,Europe,54.5,134.5,4.0,Medium,0,0.0,0.0,0.0
Russian Federation,RUS,Europe,55.5,134.5,4.0,Medium,0,0.0,0.0,0.0
Russian Federation,RUS,Europe,56.5,134.5,4.0,Medium,0,0.0,0.0,0.0
Russian Federation,RUS,Europe,57.5,134.5,4.0,Medium,0,0.0,0.0,0.0
Russian Federation,RUS,Europe,58.5,134.5,4.0,Medium,0,0.0,0.0,0.0
Russian Federation,RUS,Europe,59.5,134.5,4.0,Medium,0,0.0,0.0,0.0
Russian Federation,RUS,Europe,60.5,134.5,4.0,Medium,0,0.0,0.0,0.0
Russian Federation,RUS,Europe,61.5,134.5,4.0,Medium,0,0.0,0.0,0.0
Russian Federation,RUS,Europe,62.5,134.5,4.0,Medium,0,0.0,0.0,0.0
Russian Federation,RUS,Europe,63.5,134.5,4.0,Medium,0,0.0,0.0,0.0
Russian Federation,RUS,Europe,64.5,134.5,4.0,Medium,0,0.0,0.0,0.0
Russian Federation,RUS,Europe,65.5,134.5,4.0,Medium,0,0.0,0.0,0.0
Russian Federation,RUS,Europe,66.5,134.5,4.0,Medium,0,0.0,0.0,0.0
Russian Federation,RUS,Europe,67.5,134.5,4.0,Medium,0,0.0,0.0,0.0
Russian Federation,RUS,Europe,68.5,134.5,4.0,Medium,0,0.0,0.0,0.0
Russian Federation,RUS,Europe,69.5,134.5,4.0,Medium,0,0.0,0.0,0.0
Russian Federation,RUS,Europe,70.5,134.5,4.0,Medium,0,0.0,0.0,0.0
Australia,AUS,Oceania,-34.5,135.5,2.4,Low,0,0.0,0.0,0.0
Australia,AUS,Oceania,-33.5,135.5,2.4,Low,0,0.0,0.0,0.0
Australia,AUS,Oceania,-32.5,135.5,2.4,Low,0,0.0,0.0,0.0
Australia,AUS,Oceania,-31.5,135.5,2.4,Low,0,0.0,0.0,0.0
Australia,AUS,Oceania,-30.5,135.5,2.4,Low,0,0.0,0.0,0.0
Australia,AUS,Oceania,-29.5,135.5,2.4,Low,0,0.0,0.0,0.0
Australia,AUS,Oceania,-28.5,135.5,2.4,Low,0,0.0,0.0,0.0
Australia,AUS,Oceania,-27.5,135.5,2.4,Low,0,0.0,0.0,0.0
Australia,AUS,Oceania,-26.5,135.5,2.4,Low,0,0.0,0.0,0.0
Australia,AUS,Oceania,-25.5,135.5,2.4,Low,0,0.0,0.0,0.0
Australia,AUS,Oceania,-24.5,135.5,2.4,Low,0,0.0,0.0,0.0
Australia,AUS,Oceania,-23.5,135.5,2.4,Low,0,0.0,0.0,0.0
Australia,AUS,Oceania,-22.5,135.5,2.4,Low,0,0.0,0.0,0.0
Australia,AUS,Oceania,-21.5,135.5,2.4,Low,0,0.0,0.0,0.0
Australia,AUS,Oceania,-20.5,135.5,2.4,Low,0,0.0,0.0,0.0
Australia,AUS,Oceania,-19.5,135.5,2.4,Low,0,0.0,0.0,0.0
Australia,AUS,Oceania,-18.5,135.5,2.4,Low,0,0.0,0.0,0.0
Australia,AUS,Oceania,-17.5,135.5,2.4,Low,0,0.0,0.0,0.0
Australia,AUS,Oceania,-16.5,135.5,2.4,Low,0,0.0,0.0,0.0
Australia,AUS,Oceania,-15.5,135.5,2.4,Low,0,0.0,0.0,0.0
Australia,AUS,Oceania,-14.5,135.5,2.4,Low,0,0.0,0.0,0.0
Australia,AUS,Oceania,-13.5,135.5,2.4,Low,0,0.0,0.0,0.0
Australia,AUS,Oceania,-12.5,135.5,2.4,Low,0,0.0,0.0,0.0
Indonesia,IDN,Asia,-3.5,135.5,4.5,Medium,153,4.9013,7.1,18.1035
Japan,JPN,Asia,34.5,135.5,2.0,Low,14,4.6857,5.5,110.823
Japan,JPN,Asia,35.5,135.5,2.0,Low,12,4.7833,5.5,217.4783
Russian Federation,RUS,Europe,44.5,135.5,4.0,Medium,0,0.0,0.0,0.0
Russian Federation,RUS,Europe,45.5,135.5,4.0,Medium,0,0.0,0.0,0.0
Russian Federation,RUS,Europe,46.5,135.5,4.0,Medium,0,0.0,0.0,0.0
Russian Federation,RUS,Europe,47.5,135.5,4.0,Medium,0,0.0,0.0,0.0
Russian Federation,RUS,Europe,48.5,135.5,4.0,Medium,0,0.0,0.0,0.0
Russian Federation,RUS,Europe,49.5,135.5,4.0,Medium,0,0.0,0.0,0.0
Russian Federation,RUS,Europe,50.5,135.5,4.0,Medium,0,0.0,0.0,0.0
Russian Federation,RUS,Europe,51.5,135.5,4.0,Medium,0,0.0,0.0,0.0
Russian Federation,RUS,Europe,52.5,135.5,4.0,Medium,0,0.0,0.0,0.0
Russian Federation,RUS,Europe,53.5,135.5,4.0,Medium,0,0.0,0.0,0.0
Russian Federation,RUS,Europe,54.5,135.5,4.0,Medium,0,0.0,0.0,0.0
Russian Federation,RUS,Europe,55.5,135.5,4.0,Medium,0,0.0,0.0,0.0
Russian Federation,RUS,Europe,56.5,135.5,4.0,Medium,0,0.0,0.0,0.0
Russian Federation,RUS,Europe,57.5,135.5,4.0,Medium,0,0.0,0.0,0.0
Russian Federation,RUS,Europe,58.5,135.5,4.0,Medium,0,0.0,0.0,0.0
Russian Federation,RUS,Europe,59.5,135.5,4.0,Medium,0,0.0,0.0,0.0
Russian Federation,RUS,Europe,60.5,135.5,4.0,Medium,0,0.0,0.0,0.0
Russian Federation,RUS,Europe,61.5,135.5,4.0,Medium,0,0.0,0.0,0.0
Russian Federation,RUS,Europe,62.5,135.5,4.0,Medium,0,0.0,0.0,0.0
Russian Federation,RUS,Europe,63.5,135.5,4.0,Medium,0,0.0,0.0,0.0
Russian Federation,RUS,Europe,64.5,135.5,4.0,Medium,0,0.0,0.0,0.0
Russian Federation,RUS,Europe,65.5,135.5,4.0,Medium,0,0.0,0.0,0.0
Russian Federation,RUS,Europe,66.5,135.5,4.0,Medium,0,0.0,0.0,0.0
Russian Federation,RUS,Europe,67.5,135.5,4.0,Medium,0,0.0,0.0,0.0
Russian Federation,RUS,Europe,68.5,135.5,4.0,Medium,0,0.0,0.0,0.0
Russian Federation,RUS,Europe,69.5,135.5,4.0,Medium,0,0.0,0.0,0.0
Russian Federation,RUS,Europe,70.5,135.5,4.0,Medium,0,0.0,0.0,0.0
Russian Federation,RUS,Europe,71.5,135.5,4.0,Medium,0,0.0,0.0,0.0
Australia,AUS,Oceania,-33.5,136.5,2.4,Low,1,4.7,4.7,15.0
Australia,AUS,Oceania,-32.5,136.5,2.4,Low,0,0.0,0.0,0.0
Australia,AUS,Oceania,-31.5,136.5,2.4,Low,0,0.0,0.0,0.0
Australia,AUS,Oceania,-30.5,136.5,2.4,Low,0,0.0,0.0,0.0
Australia,AUS,Oceania,-29.5,136.5,2.4,Low,0,0.0,0.0,0.0
Australia,AUS,Oceania,-28.5,136.5,2.4,Low,0,0.0,0.0,0.0
Australia,AUS,Oceania,-27.5,136.5,2.4,Low,0,0.0,0.0,0.0
Australia,AUS,Oceania,-26.5,136.5,2.4,Low,0,0.0,0.0,0.0
Australia,AUS,Oceania,-25.5,136.5,2.4,Low,0,0.0,0.0,0.0
Australia,AUS,Oceania,-24.5,136.5,2.4,Low,0,0.0,0.0,0.0
Australia,AUS,Oceania,-23.5,136.5,2.4,Low,0,0.0,0.0,0.0
Australia,AUS,Oceania,-22.5,136.5,2.4,Low,0,0.0,0.0,0.0
Australia,AUS,Oceania,-21.5,136.5,2.4,Low,0,0.0,0.0,0.0
Australia,AUS,Oceania,-20.5,136.5,2.4,Low,0,0.0,0.0,0.0
Australia,AUS,Oceania,-19.5,136.5,2.4,Low,0,0.0,0.0,0.0
Australia,AUS,Oceania,-18.5,136.5,2.4,Low,0,0.0,0.0,0.0
Australia,AUS,Oceania,-17.5,136.5,2.4,Low,0,0.0,0.0,0.0
Australia,AUS,Oceania,-16.5,136.5,2.4,Low,0,0.0,0.0,0.0
Australia,AUS,Oceania,-12.5,136.5,2.4,Low,0,0.0,0.0,0.0
Indonesia,IDN,Asia,-4.5,136.5,4.5,Medium,11,4.6636,4.9,48.0729
Indonesia,IDN,Asia,-3.5,136.5,4.5,Medium,41,4.8512,6.0,33.532
Indonesia,IDN,Asia,-2.5,136.5,4.5,Medium,40,5.085,7.0,25.9038
Japan,JPN,Asia,34.5,136.5,2.0,Low,15,4.8933,5.5,282.5173
Japan,JPN,Asia,35.5,136.5,2.0,Low,7,4.6857,4.9,67.58
Japan,JPN,Asia,36.5,136.5,2.0,Low,8,4.6625,5.4,112.7762
Russian Federation,RUS,Europe,45.5,136.5,4.0,Medium,1,5.9,5.9,355.5
Russian Federation,RUS,Europe,46.5,136.5,4.0,Medium,0,0.0,0.0,0.0
Russian Federation,RUS,Europe,47.5,136.5,4.0,Medium,0,0.0,0.0,0.0
Russian Federation,RUS,Europe,48.5,136.5,4.0,Medium,0,0.0,0.0,0.0
Russian Federation,RUS,Europe,49.5,136.5,4.0,Medium,0,0.0,0.0,0.0
Russian Federation,RUS,Europe,50.5,136.5,4.0,Medium,0,0.0,0.0,0.0
Russian Federation,RUS,Europe,51.5,136.5,4.0,Medium,1,4.7,4.7,10.0
Russian Federation,RUS,Europe,52.5,136.5,4.0,Medium,0,0.0,0.0,0.0
Russian Federation,RUS,Europe,53.5,136.5,4.0,Medium,0,0.0,0.0,0.0
Russian Federation,RUS,Europe,54.5,136.5,4.0,Medium,0,0.0,0.0,0.0
Russian Federation,RUS,Europe,56.5,136.5,4.0,Medium,0,0.0,0.0,0.0
Russian Federation,RUS,Europe,57.5,136.5,4.0,Medium,0,0.0,0.0,0.0
Russian Federation,RUS,Europe,58.5,136.5,4.0,Medium,0,0.0,0.0,0.0
Russian Federation,RUS,Europe,59.5,136.5,4.0,Medium,0,0.0,0.0,0.0
Russian Federation,RUS,Europe,60.5,136.5,4.0,Medium,0,0.0,0.0,0.0
Russian Federation,RUS,Europe,61.5,136.5,4.0,Medium,0,0.0,0.0,0.0
Russian Federation,RUS,Europe,62.5,136.5,4.0,Medium,0,0.0,0.0,0.0
Russian Federation,RUS,Europe,63.5,136.5,4.0,Medium,0,0.0,0.0,0.0
Russian Federation,RUS,Europe,64.5,136.5,4.0,Medium,0,0.0,0.0,0.0
Russian Federation,RUS,Europe,65.5,136.5,4.0,Medium,0,0.0,0.0,0.0
Russian Federation,RUS,Europe,66.5,136.5,4.0,Medium,0,0.0,0.0,0.0
Russian Federation,RUS,Europe,67.5,136.5,4.0,Medium,0,0.0,0.0,0.0
Russian Federation,RUS,Europe,68.5,136.5,4.0,Medium,0,0.0,0.0,0.0
Russian Federation,RUS,Europe,69.5,136.5,4.0,Medium,0,0.0,0.0,0.0
Russian Federation,RUS,Europe,70.5,136.5,4.0,Medium,0,0.0,0.0,0.0
Russian Federation,RUS,Europe,71.5,136.5,4.0,Medium,0,0.0,0.0,0.0
Australia,AUS,Oceania,-34.5,137.5,2.4,Low,0,0.0,0.0,0.0
Australia,AUS,Oceania,-32.5,137.5,2.4,Low,0,0.0,0.0,0.0
Australia,AUS,Oceania,-31.5,137.5,2.4,Low,0,0.0,0.0,0.0
Australia,AUS,Oceania,-30.5,137.5,2.4,Low,0,0.0,0.0,0.0
Australia,AUS,Oceania,-29.5,137.5,2.4,Low,0,0.0,0.0,0.0
Australia,AUS,Oceania,-28.5,137.5,2.4,Low,0,0.0,0.0,0.0
Australia,AUS,Oceania,-27.5,137.5,2.4,Low,0,0.0,0.0,0.0
Australia,AUS,Oceania,-26.5,137.5,2.4,Low,0,0.0,0.0,0.0
Australia,AUS,Oceania,-25.5,137.5,2.4,Low,0,0.0,0.0,0.0
Australia,AUS,Oceania,-24.5,137.5,2.4,Low,0,0.0,0.0,0.0
Australia,AUS,Oceania,-23.5,137.5,2.4,Low,0,0.0,0.0,0.0
Australia,AUS,Oceania,-22.5,137.5,2.4,Low,0,0.0,0.0,0.0
Australia,AUS,Oceania,-21.5,137.5,2.4,Low,0,0.0,0.0,0.0
Australia,AUS,Oceania,-20.5,137.5,2.4,Low,0,0.0,0.0,0.0
Australia,AUS,Oceania,-19.5,137.5,2.4,Low,0,0.0,0.0,0.0
Australia,AUS,Oceania,-18.5,137.5,2.4,Low,0,0.0,0.0,0.0
Australia,AUS,Oceania,-17.5,137.5,2.4,Low,0,0.0,0.0,0.0
Australia,AUS,Oceania,-16.5,137.5,2.4,Low,0,0.0,0.0,0.0
Indonesia,IDN,Asia,-4.5,137.5,4.5,Medium,20,4.68,5.3,36.762
Indonesia,IDN,Asia,-3.5,137.5,4.5,Medium,21,4.719,5.3,55.0349
Indonesia,IDN,Asia,-2.5,137.5,4.5,Medium,9,4.6444,4.9,37.7641
Japan,JPN,Asia,35.5,137.5,2.0,Low,11,4.7636,5.2,49.8691
Japan,JPN,Asia,36.5,137.5,2.0,Low,31,4.8452,6.2,45.7877
Russian Federation,RUS,Europe,46.5,137.5,4.0,Medium,0,0.0,0.0,0.0
Russian Federation,RUS,Europe,47.5,137.5,4.0,Medium,0,0.0,0.0,0.0
Russian Federation,RUS,Europe,48.5,137.5,4.0,Medium,0,0.0,0.0,0.0
Russian Federation,RUS,Europe,49.5,137.5,4.0,Medium,0,0.0,0.0,0.0
Russian Federation,RUS,Europe,50.5,137.5,4.0,Medium,0,0.0,0.0,0.0
Russian Federation,RUS,Europe,51.5,137.5,4.0,Medium,0,0.0,0.0,0.0
Russian Federation,RUS,Europe,52.5,137.5,4.0,Medium,0,0.0,0.0,0.0
Russian Federation,RUS,Europe,53.5,137.5,4.0,Medium,0,0.0,0.0,0.0
Russian Federation,RUS,Europe,56.5,137.5,4.0,Medium,0,0.0,0.0,0.0
Russian Federation,RUS,Europe,57.5,137.5,4.0,Medium,0,0.0,0.0,0.0
Russian Federation,RUS,Europe,58.5,137.5,4.0,Medium,0,0.0,0.0,0.0
Russian Federation,RUS,Europe,59.5,137.5,4.0,Medium,0,0.0,0.0,0.0
Russian Federation,RUS,Europe,60.5,137.5,4.0,Medium,0,0.0,0.0,0.0
Russian Federation,RUS,Europe,61.5,137.5,4.0,Medium,0,0.0,0.0,0.0
Russian Federation,RUS,Europe,62.5,137.5,4.0,Medium,0,0.0,0.0,0.0
Russian Federation,RUS,Europe,63.5,137.5,4.0,Medium,0,0.0,0.0,0.0
Russian Federation,RUS,Europe,64.5,137.5,4.0,Medium,0,0.0,0.0,0.0
Russian Federation,RUS,Europe,65.5,137.5,4.0,Medium,0,0.0,0.0,0.0
Russian Federation,RUS,Europe,66.5,137.5,4.0,Medium,0,0.0,0.0,0.0
Russian Federation,RUS,Europe,67.5,137.5,4.0,Medium,0,0.0,0.0,0.0
Russian Federation,RUS,Europe,68.5,137.5,4.0,Medium,0,0.0,0.0,0.0
Russian Federation,RUS,Europe,69.5,137.5,4.0,Medium,0,0.0,0.0,0.0
Russian Federation,RUS,Europe,70.5,137.5,4.0,Medium,0,0.0,0.0,0.0
Russian Federation,RUS,Europe,75.5,137.5,4.0,Medium,0,0.0,0.0,0.0
Australia,AUS,Oceania,-35.5,138.5,2.4,Low,0,0.0,0.0,0.0
Australia,AUS,Oceania,-34.5,138.5,2.4,Low,0,0.0,0.0,0.0
Australia,AUS,Oceania,-33.5,138.5,2.4,Low,0,0.0,0.0,0.0
Australia,AUS,Oceania,-32.5,138.5,2.4,Low,1,4.6,4.6,0.0
Australia,AUS,Oceania,-31.5,138.5,2.4,Low,1,4.7,4.7,33.0
Australia,AUS,Oceania,-30.5,138.5,2.4,Low,0,0.0,0.0,0.0
Australia,AUS,Oceania,-29.5,138.5,2.4,Low,0,0.0,0.0,0.0
Australia,AUS,Oceania,-28.5,138.5,2.4,Low,0,0.0,0.0,0.0
Australia,AUS,Oceania,-27.5,138.5,2.4,Low,0,0.0,0.0,0.0
Australia,AUS,Oceania,-26.5,138.5,2.4,Low,0,0.0,0.0,0.0
Australia,AUS,Oceania,-25.5,138.5,2.4,Low,0,0.0,0.0,0.0
Australia,AUS,Oceania,-24.5,138.5,2.4,Low,0,0.0,0.0,0.0
Australia,AUS,Oceania,-23.5,138.5,2.4,Low,0,0.0,0.0,0.0
Australia,AUS,Oceania,-22.5,138.5,2.4,Low,0,0.0,0.0,0.0
Australia,AUS,Oceania,-21.5,138.5,2.4,Low,0,0.0,0.0,0.0
Australia,AUS,Oceania,-20.5,138.5,2.4,Low,0,0.0,0.0,0.0
Australia,AUS,Oceania,-19.5,138.5,2.4,Low,0,0.0,0.0,0.0
Australia,AUS,Oceania,-18.5,138.5,2.4,Low,0,0.0,0.0,0.0
Australia,AUS,Oceania,-17.5,138.5,2.4,Low,0,0.0,0.0,0.0
Indonesia,IDN,Asia,-7.5,138.5,4.5,Medium,0,0.0,0.0,0.0
Indonesia,IDN,Asia,-6.5,138.5,4.5,Medium,0,0.0,0.0,0.0
Indonesia,IDN,Asia,-5.5,138.5,4.5,Medium,0,0.0,0.0,0.0
Indonesia,IDN,Asia,-4.5,138.5,4.5,Medium,31,4.8,5.8,56.8874
Indonesia,IDN,Asia,-3.5,138.5,4.5,Medium,41,4.8195,7.0,60.4004
Indonesia,IDN,Asia,-2.5,138.5,4.5,Medium,236,4.8534,7.0,27.8867
Japan,JPN,Asia,35.5,138.5,2.0,Low,10,4.83,6.0,60.184
Japan,JPN,Asia,36.5,138.5,2.0,Low,24,4.7583,5.7,54.6108
Japan,JPN,Asia,37.5,138.5,2.0,Low,62,5.0258,6.6,27.5969
Russian Federation,RUS,Europe,47.5,138.5,4.0,Medium,0,0.0,0.0,0.0
Russian Federation,RUS,Europe,48.5,138.5,4.0,Medium,0,0.0,0.0,0.0
Russian Federation,RUS,Europe,49.5,138.5,4.0,Medium,0,0.0,0.0,0.0
Russian Federation,RUS,Europe,50.5,138.5,4.0,Medium,0,0.0,0.0,0.0
Russian Federation,RUS,Europe,51.5,138.5,4.0,Medium,0,0.0,0.0,0.0
Russian Federation,RUS,Europe,52.5,138.5,4.0,Medium,0,0.0,0.0,0.0
Russian Federation,RUS,Europe,53.5,138.5,4.0,Medium,0,0.0,0.0,0.0
Russian Federation,RUS,Europe,57.5,138.5,4.0,Medium,0,0.0,0.0,0.0
Russian Federation,RUS,Europe,58.5,138.5,4.0,Medium,0,0.0,0.0,0.0
Russian Federation,RUS,Europe,59.5,138.5,4.0,Medium,0,0.0,0.0,0.0
Russian Federation,RUS,Europe,60.5,138.5,4.0,Medium,0,0.0,0.0,0.0
Russian Federation,RUS,Europe,61.5,138.5,4.0,Medium,0,0.0,0.0,0.0
Russian Federation,RUS,Europe,62.5,138.5,4.0,Medium,1,4.9,4.9,10.0
Russian Federation,RUS,Europe,63.5,138.5,4.0,Medium,0,0.0,0.0,0.0
Russian Federation,RUS,Europe,64.5,138.5,4.0,Medium,0,0.0,0.0,0.0
Russian Federation,RUS,Europe,65.5,138.5,4.0,Medium,0,0.0,0.0,0.0
Russian Federation,RUS,Europe,66.5,138.5,4.0,Medium,0,0.0,0.0,0.0
Russian Federation,RUS,Europe,67.5,138.5,4.0,Medium,0,0.0,0.0,0.0
Russian Federation,RUS,Europe,68.5,138.5,4.0,Medium,0,0.0,0.0,0.0
Russian Federation,RUS,Europe,69.5,138.5,4.0,Medium,1,5.1,5.1,10.0
Russian Federation,RUS,Europe,70.5,138.5,4.0,Medium,0,0.0,0.0,0.0
Russian Federation,RUS,Europe,71.5,138.5,4.0,Medium,0,0.0,0.0,0.0
Russian Federation,RUS,Europe,75.5,138.5,4.0,Medium,0,0.0,0.0,0.0
Australia,AUS,Oceania,-35.5,139.5,2.4,Low,0,0.0,0.0,0.0
Australia,AUS,Oceania,-34.5,139.5,2.4,Low,0,0.0,0.0,0.0
Australia,AUS,Oceania,-33.5,139.5,2.4,Low,0,0.0,0.0,0.0
Australia,AUS,Oceania,-32.5,139.5,2.4,Low,4,4.65,4.9,9.774
Australia,AUS,Oceania,-31.5,139.5,2.4,Low,0,0.0,0.0,0.0
Australia,AUS,Oceania,-30.5,139.5,2.4,Low,1,4.5,4.5,21.0
Australia,AUS,Oceania,-29.5,139.5,2.4,Low,0,0.0,0.0,0.0
Australia,AUS,Oceania,-28.5,139.5,2.4,Low,0,0.0,0.0,0.0
Australia,AUS,Oceania,-27.5,139.5,2.4,Low,0,0.0,0.0,0.0
Australia,AUS,Oceania,-26.5,139.5,2.4,Low,0,0.0,0.0,0.0
Australia,AUS,Oceania,-25.5,139.5,2.4,Low,0,0.0,0.0,0.0
Australia,AUS,Oceania,-24.5,139.5,2.4,Low,0,0.0,0.0,0.0
Australia,AUS,Oceania,-23.5,139.5,2.4,Low,0,0.0,0.0,0.0
Australia,AUS,Oceania,-22.5,139.5,2.4,Low,0,0.0,0.0,0.0
Australia,AUS,Oceania,-21.5,139.5,2.4,Low,0,0.0,0.0,0.0
Australia,AUS,Oceania,-20.5,139.5,2.4,Low,0,0.0,0.0,0.0
Australia,AUS,Oceania,-19.5,139.5,2.4,Low,0,0.0,0.0,0.0
Australia,AUS,Oceania,-18.5,139.5,2.4,Low,0,0.0,0.0,0.0
Australia,AUS,Oceania,-17.5,139.5,2.4,Low,0,0.0,0.0,0.0
Indonesia,IDN,Asia,-7.5,139.5,4.5,Medium,0,0.0,0.0,0.0
Indonesia,IDN,Asia,-6.5,139.5,4.5,Medium,0,0.0,0.0,0.0
Indonesia,IDN,Asia,-5.5,139.5,4.5,Medium,2,4.75,4.8,33.0
Indonesia,IDN,Asia,-4.5,139.5,4.5,Medium,44,4.7114,5.5,41.9276
Indonesia,IDN,Asia,-3.5,139.5,4.5,Medium,97,4.8216,6.0,52.7313
Indonesia,IDN,Asia,-2.5,139.5,4.5,Medium,171,4.8415,6.3,38.1991
Japan,JPN,Asia,35.5,139.5,2.0,Low,79,4.7785,5.9,76.6152
Japan,JPN,Asia,36.5,139.5,2.0,Low,91,4.7407,5.8,60.2663
Japan,JPN,Asia,37.5,139.5,2.0,Low,12,4.7,5.5,42.675
Russian Federation,RUS,Europe,48.5,139.5,4.0,Medium,1,4.6,4.6,15.11
Russian Federation,RUS,Europe,49.5,139.5,4.0,Medium,0,0.0,0.0,0.0
Russian Federation,RUS,Europe,50.5,139.5,4.0,Medium,0,0.0,0.0,0.0
Russian Federation,RUS,Europe,51.5,139.5,4.0,Medium,0,0.0,0.0,0.0
Russian Federation,RUS,Europe,52.5,139.5,4.0,Medium,2,4.7,4.9,10.0
Russian Federation,RUS,Europe,53.5,139.5,4.0,Medium,0,0.0,0.0,0.0
Russian Federation,RUS,Europe,57.5,139.5,4.0,Medium,0,0.0,0.0,0.0
Russian Federation,RUS,Europe,58.5,139.5,4.0,Medium,0,0.0,0.0,0.0
Russian Federation,RUS,Europe,59.5,139.5,4.0,Medium,0,0.0,0.0,0.0
Russian Federation,RUS,Europe,60.5,139.5,4.0,Medium,0,0.0,0.0,0.0
Russian Federation,RUS,Europe,61.5,139.5,4.0,Medium,1,4.5,4.5,5.6
Russian Federation,RUS,Europe,62.5,139.5,4.0,Medium,0,0.0,0.0,0.0
Russian Federation,RUS,Europe,63.5,139.5,4.0,Medium,0,0.0,0.0,0.0
Russian Federation,RUS,Europe,64.5,139.5,4.0,Medium,0,0.0,0.0,0.0
Russian Federation,RUS,Europe,65.5,139.5,4.0,Medium,0,0.0,0.0,0.0
Russian Federation,RUS,Europe,66.5,139.5,4.0,Medium,0,0.0,0.0,0.0
Russian Federation,RUS,Europe,67.5,139.5,4.0,Medium,1,5.4,5.4,16.1
Russian Federation,RUS,Europe,68.5,139.5,4.0,Medium,0,0.0,0.0,0.0
Russian Federation,RUS,Europe,69.5,139.5,4.0,Medium,0,0.0,0.0,0.0
Russian Federation,RUS,Europe,70.5,139.5,4.0,Medium,1,4.8,4.8,10.0
Russian Federation,RUS,Europe,71.5,139.5,4.0,Medium,0,0.0,0.0,0.0
Russian Federation,RUS,Europe,72.5,139.5,4.0,Medium,0,0.0,0.0,0.0
Russian Federation,RUS,Europe,75.5,139.5,4.0,Medium,0,0.0,0.0,0.0
Australia,AUS,Oceania,-37.5,140.5,2.4,Low,0,0.0,0.0,0.0
Australia,AUS,Oceania,-36.5,140.5,2.4,Low,0,0.0,0.0,0.0
Australia,AUS,Oceania,-35.5,140.5,2.4,Low,0,0.0,0.0,0.0
Australia,AUS,Oceania,-34.5,140.5,2.4,Low,0,0.0,0.0,0.0
Australia,AUS,Oceania,-33.5,140.5,2.4,Low,0,0.0,0.0,0.0
Australia,AUS,Oceania,-32.5,140.5,2.4,Low,0,0.0,0.0,0.0
Australia,AUS,Oceania,-31.5,140.5,2.4,Low,0,0.0,0.0,0.0
Australia,AUS,Oceania,-30.5,140.5,2.4,Low,0,0.0,0.0,0.0
Australia,AUS,Oceania,-29.5,140.5,2.4,Low,0,0.0,0.0,0.0
Australia,AUS,Oceania,-28.5,140.5,2.4,Low,0,0.0,0.0,0.0
Australia,AUS,Oceania,-27.5,140.5,2.4,Low,0,0.0,0.0,0.0
Australia,AUS,Oceania,-26.5,140.5,2.4,Low,0,0.0,0.0,0.0
Australia,AUS,Oceania,-25.5,140.5,2.4,Low,0,0.0,0.0,0.0
Australia,AUS,Oceania,-24.5,140.5,2.4,Low,0,0.0,0.0,0.0
Australia,AUS,Oceania,-23.5,140.5,2.4,Low,0,0.0,0.0,0.0
Australia,AUS,Oceania,-22.5,140.5,2.4,Low,0,0.0,0.0,0.0
Australia,AUS,Oceania,-21.5,140.5,2.4,Low,0,0.0,0.0,0.0
Australia,AUS,Oceania,-20.5,140.5,2.4,Low,0,0.0,0.0,0.0
Australia,AUS,Oceania,-19.5,140.5,2.4,Low,0,0.0,0.0,0.0
Australia,AUS,Oceania,-18.5,140.5,2.4,Low,0,0.0,0.0,0.0
Indonesia,IDN,Asia,-8.5,140.5,4.5,Medium,0,0.0,0.0,0.0
Indonesia,IDN,Asia,-7.5,140.5,4.5,Medium,0,0.0,0.0,0.0
Indonesia,IDN,Asia,-6.5,140.5,4.5,Medium,0,0.0,0.0,0.0
Indonesia,IDN,Asia,-5.5,140.5,4.5,Medium,14,4.9643,5.7,20.1214
Indonesia,IDN,Asia,-4.5,140.5,4.5,Medium,9,4.8778,5.6,52.3333
Indonesia,IDN,Asia,-3.5,140.5,4.5,Medium,96,4.9094,6.3,34.934
Japan,JPN,Asia,35.5,140.5,2.0,Low,415,4.7959,6.2,46.3786
Japan,JPN,Asia,36.5,140.5,2.0,Low,317,4.7517,6.3,46.9517
Japan,JPN,Asia,37.5,140.5,2.0,Low,99,4.8556,6.6,42.259
Japan,JPN,Asia,38.5,140.5,2.0,Low,23,4.7522,6.1,53.767
Japan,JPN,Asia,39.5,140.5,2.0,Low,45,4.8311,6.9,52.0424
Japan,JPN,Asia,40.5,140.5,2.0,Low,8,4.725,5.0,45.204
Japan,JPN,Asia,42.5,140.5,2.0,Low,14,4.7143,5.6,51.2436
Russian Federation,RUS,Europe,50.5,140.5,4.0,Medium,0,0.0,0.0,0.0
Russian Federation,RUS,Europe,51.5,140.5,4.0,Medium,0,0.0,0.0,0.0
Russian Federation,RUS,Europe,52.5,140.5,4.0,Medium,0,0.0,0.0,0.0
Russian Federation,RUS,Europe,53.5,140.5,4.0,Medium,0,0.0,0.0,0.0
Russian Federation,RUS,Europe,58.5,140.5,4.0,Medium,0,0.0,0.0,0.0
Russian Federation,RUS,Europe,59.5,140.5,4.0,Medium,0,0.0,0.0,0.0
Russian Federation,RUS,Europe,60.5,140.5,4.0,Medium,0,0.0,0.0,0.0
Russian Federation,RUS,Europe,61.5,140.5,4.0,Medium,0,0.0,0.0,0.0
Russian Federation,RUS,Europe,62.5,140.5,4.0,Medium,0,0.0,0.0,0.0
Russian Federation,RUS,Europe,63.5,140.5,4.0,Medium,0,0.0,0.0,0.0
Russian Federation,RUS,Europe,64.5,140.5,4.0,Medium,0,0.0,0.0,0.0
Russian Federation,RUS,Europe,65.5,140.5,4.0,Medium,0,0.0,0.0,0.0
Russian Federation,RUS,Europe,66.5,140.5,4.0,Medium,0,0.0,0.0,0.0
Russian Federation,RUS,Europe,67.5,140.5,4.0,Medium,0,0.0,0.0,0.0
Russian Federation,RUS,Europe,68.5,140.5,4.0,Medium,0,0.0,0.0,0.0
Russian Federation,RUS,Europe,69.5,140.5,4.0,Medium,1,4.6,4.6,10.0
Russian Federation,RUS,Europe,70.5,140.5,4.0,Medium,0,0.0,0.0,0.0
Russian Federation,RUS,Europe,71.5,140.5,4.0,Medium,0,0.0,0.0,0.0
Russian Federation,RUS,Europe,72.5,140.5,4.0,Medium,0,0.0,0.0,0.0
Russian Federation,RUS,Europe,73.5,140.5,4.0,Medium,0,0.0,0.0,0.0
Russian Federation,RUS,Europe,75.5,140.5,4.0,Medium,0,0.0,0.0,0.0
Australia,AUS,Oceania,-37.5,141.5,2.4,Low,0,0.0,0.0,0.0
Australia,AUS,Oceania,-36.5,141.5,2.4,Low,0,0.0,0.0,0.0
Australia,AUS,Oceania,-35.5,141.5,2.4,Low,1,4.8,4.8,10.0
Australia,AUS,Oceania,-34.5,141.5,2.4,Low,0,0.0,0.0,0.0
Australia,AUS,Oceania,-33.5,141.5,2.4,Low,0,0.0,0.0,0.0
Australia,AUS,Oceania,-32.5,141.5,2.4,Low,0,0.0,0.0,0.0
Australia,AUS,Oceania,-31.5,141.5,2.4,Low,0,0.0,0.0,0.0
Australia,AUS,Oceania,-30.5,141.5,2.4,Low,0,0.0,0.0,0.0
Australia,AUS,Oceania,-29.5,141.5,2.4,Low,0,0.0,0.0,0.0
Australia,AUS,Oceania,-28.5,141.5,2.4,Low,0,0.0,0.0,0.0
Australia,AUS,Oceania,-27.5,141.5,2.4,Low,0,0.0,0.0,0.0
Australia,AUS,Oceania,-26.5,141.5,2.4,Low,0,0.0,0.0,0.0
Australia,AUS,Oceania,-25.5,141.5,2.4,Low,0,0.0,0.0,0.0
Australia,AUS,Oceania,-24.5,141.5,2.4,Low,0,0.0,0.0,0.0
Australia,AUS,Oceania,-23.5,141.5,2.4,Low,0,0.0,0.0,0.0
Australia,AUS,Oceania,-22.5,141.5,2.4,Low,0,0.0,0.0,0.0
Australia,AUS,Oceania,-21.5,141.5,2.4,Low,0,0.0,0.0,0.0
Australia,AUS,Oceania,-20.5,141.5,2.4,Low,0,0.0,0.0,0.0
Australia,AUS,Oceania,-19.5,141.5,2.4,Low,0,0.0,0.0,0.0
Australia,AUS,Oceania,-18.5,141.5,2.4,Low,0,0.0,0.0,0.0
Australia,AUS,Oceania,-17.5,141.5,2.4,Low,0,0.0,0.0,0.0
Australia,AUS,Oceania,-16.5,141.5,2.4,Low,0,0.0,0.0,0.0
Papua New Guinea,PNG,Oceania,-8.5,141.5,6.3,High,0,0.0,0.0,0.0
Papua New Guinea,PNG,Oceania,-7.5,141.5,6.3,High,0,0.0,0.0,0.0
Papua New Guinea,PNG,Oceania,-6.5,141.5,6.3,High,2,4.6,4.6,22.5
Papua New Guinea,PNG,Oceania,-5.5,141.5,6.3,High,17,4.7765,5.6,31.0659
Papua New Guinea,PNG,Oceania,-4.5,141.5,6.3,High,12,4.6417,5.1,84.8232
Papua New Guinea,PNG,Oceania,-3.5,141.5,6.3,High,56,4.8339,6.0,45.8327
Japan,JPN,Asia,39.5,141.5,2.0,Low,67,4.8806,6.8,67.5402
Japan,JPN,Asia,40.5,141.5,2.0,Low,39,4.8,5.8,62.1622
Japan,JPN,Asia,42.5,141.5,2.0,Low,41,4.8244,6.6,71.8315
Japan,JPN,Asia,43.5,141.5,2.0,Low,3,4.7,5.0,120.8953
Russian Federation,RUS,Europe,59.5,141.5,4.0,Medium,0,0.0,0.0,0.0
Russian Federation,RUS,Europe,60.5,141.5,4.0,Medium,0,0.0,0.0,0.0
Russian Federation,RUS,Europe,61.5,141.5,4.0,Medium,0,0.0,0.0,0.0
Russian Federation,RUS,Europe,62.5,141.5,4.0,Medium,0,0.0,0.0,0.0
Russian Federation,RUS,Europe,63.5,141.5,4.0,Medium,0,0.0,0.0,0.0
Russian Federation,RUS,Europe,64.5,141.5,4.0,Medium,0,0.0,0.0,0.0
Russian Federation,RUS,Europe,65.5,141.5,4.0,Medium,0,0.0,0.0,0.0
Russian Federation,RUS,Europe,66.5,141.5,4.0,Medium,0,0.0,0.0,0.0
Russian Federation,RUS,Europe,67.5,141.5,4.0,Medium,1,6.1,6.1,18.0
Russian Federation,RUS,Europe,68.5,141.5,4.0,Medium,0,0.0,0.0,0.0
Russian Federation,RUS,Europe,69.5,141.5,4.0,Medium,0,0.0,0.0,0.0
Russian Federation,RUS,Europe,70.5,141.5,4.0,Medium,0,0.0,0.0,0.0
Russian Federation,RUS,Europe,71.5,141.5,4.0,Medium,0,0.0,0.0,0.0
Russian Federation,RUS,Europe,72.5,141.5,4.0,Medium,0,0.0,0.0,0.0
Russian Federation,RUS,Europe,73.5,141.5,4.0,Medium,0,0.0,0.0,0.0
Russian Federation,RUS,Europe,75.5,141.5,4.0,Medium,0,0.0,0.0,0.0
Australia,AUS,Oceania,-37.5,142.5,2.4,Low,0,0.0,0.0,0.0
Australia,AUS,Oceania,-36.5,142.5,2.4,Low,0,0.0,0.0,0.0
Australia,AUS,Oceania,-35.5,142.5,2.4,Low,0,0.0,0.0,0.0
Australia,AUS,Oceania,-34.5,142.5,2.4,Low,0,0.0,0.0,0.0
Australia,AUS,Oceania,-33.5,142.5,2.4,Low,0,0.0,0.0,0.0
Australia,AUS,Oceania,-32.5,142.5,2.4,Low,0,0.0,0.0,0.0
Australia,AUS,Oceania,-31.5,142.5,2.4,Low,0,0.0,0.0,0.0
Australia,AUS,Oceania,-30.5,142.5,2.4,Low,0,0.0,0.0,0.0
Australia,AUS,Oceania,-29.5,142.5,2.4,Low,0,0.0,0.0,0.0
Australia,AUS,Oceania,-28.5,142.5,2.4,Low,0,0.0,0.0,0.0
Australia,AUS,Oceania,-27.5,142.5,2.4,Low,0,0.0,0.0,0.0
Australia,AUS,Oceania,-26.5,142.5,2.4,Low,0,0.0,0.0,0.0
Australia,AUS,Oceania,-25.5,142.5,2.4,Low,0,0.0,0.0,0.0
Australia,AUS,Oceania,-24.5,142.5,2.4,Low,0,0.0,0.0,0.0
Australia,AUS,Oceania,-23.5,142.5,2.4,Low,0,0.0,0.0,0.0
Australia,AUS,Oceania,-22.5,142.5,2.4,Low,0,0.0,0.0,0.0
Australia,AUS,Oceania,-21.5,142.5,2.4,Low,0,0.0,0.0,0.0
Australia,AUS,Oceania,-20.5,142.5,2.4,Low,0,0.0,0.0,0.0
Australia,AUS,Oceania,-19.5,142.5,2.4,Low,0,0.0,0.0,0.0
Australia,AUS,Oceania,-18.5,142.5,2.4,Low,0,0.0,0.0,0.0
Australia,AUS,Oceania,-17.5,142.5,2.4,Low,0,0.0,0.0,0.0
Australia,AUS,Oceania,-16.5,142.5,2.4,Low,0,0.0,0.0,0.0
Australia,AUS,Oceania,-15.5,142.5,2.4,Low,0,0.0,0.0,0.0
Australia,AUS,Oceania,-14.5,142.5,2.4,Low,0,0.0,0.0,0.0
Australia,AUS,Oceania,-13.5,142.5,2.4,Low,0,0.0,0.0,0.0
Australia,AUS,Oceania,-12.5,142.5,2.4,Low,0,0.0,0.0,0.0
Australia,AUS,Oceania,-11.5,142.5,2.4,Low,0,0.0,0.0,0.0
Papua New Guinea,PNG,Oceania,-8.5,142.5,6.3,High,0,0.0,0.0,0.0
Papua New Guinea,PNG,Oceania,-7.5,142.5,6.3,High,0,0.0,0.0,0.0
Papua New Guinea,PNG,Oceania,-6.5,142.5,6.3,High,161,4.8907,7.5,11.5832
Papua New Guinea,PNG,Oceania,-5.5,142.5,6.3,High,52,4.85,6.3,24.756
Papua New Guinea,PNG,Oceania,-4.5,142.5,6.3,High,61,4.7623,5.6,98.0124
Papua New Guinea,PNG,Oceania,-3.5,142.5,6.3,High,81,4.9556,7.6,28.3028
Japan,JPN,Asia,42.5,142.5,2.0,Low,141,4.7865,5.9,67.3559
Japan,JPN,Asia,43.5,142.5,2.0,Low,7,4.8571,6.1,163.43
Japan,JPN,Asia,44.5,142.5,2.0,Low,7,4.6429,5.1,46.9286
Russian Federation,RUS,Europe,46.5,142.5,4.0,Medium,7,4.8571,5.5,156.8457
Russian Federation,RUS,Europe,47.5,142.5,4.0,Medium,13,4.7385,5.2,10.7085
Russian Federation,RUS,Europe,48.5,142.5,4.0,Medium,29,4.8379,6.8,13.1379
Russian Federation,RUS,Europe,49.5,142.5,4.0,Medium,1,5.6,5.6,596.5
Russian Federation,RUS,Europe,50.5,142.5,4.0,Medium,12,4.7083,5.7,12.7633
Russian Federation,RUS,Europe,51.5,142.5,4.0,Medium,3,4.7333,4.8,10.0
Russian Federation,RUS,Europe,52.5,142.5,4.0,Medium,12,4.8583,5.8,15.19
Russian Federation,RUS,Europe,53.5,142.5,4.0,Medium,4,4.675,4.9,14.65
Russian Federation,RUS,Europe,59.5,142.5,4.0,Medium,0,0.0,0.0,0.0
Russian Federation,RUS,Europe,60.5,142.5,4.0,Medium,1,4.9,4.9,23.9
Russian Federation,RUS,Europe,61.5,142.5,4.0,Medium,0,0.0,0.0,0.0
Russian Federation,RUS,Europe,62.5,142.5,4.0,Medium,0,0.0,0.0,0.0
Russian Federation,RUS,Europe,63.5,142.5,4.0,Medium,0,0.0,0.0,0.0
Russian Federation,RUS,Europe,64.5,142.5,4.0,Medium,0,0.0,0.0,0.0
Russian Federation,RUS,Europe,65.5,142.5,4.0,Medium,0,0.0,0.0,0.0
Russian Federation,RUS,Europe,66.5,142.5,4.0,Medium,0,0.0,0.0,0.0
Russian Federation,RUS,Europe,67.5,142.5,4.0,Medium,33,4.8091,6.6,11.237
Russian Federation,RUS,Europe,68.5,142.5,4.0,Medium,0,0.0,0.0,0.0
Russian Federation,RUS,Europe,69.5,142.5,4.0,Medium,0,0.0,0.0,0.0
Russian Federation,RUS,Europe,70.5,142.5,4.0,Medium,0,0.0,0.0,0.0
Russian Federation,RUS,Europe,71.5,142.5,4.0,Medium,0,0.0,0.0,0.0
Russian Federation,RUS,Europe,72.5,142.5,4.0,Medium,0,0.0,0.0,0.0
Russian Federation,RUS,Europe,73.5,142.5,4.0,Medium,0,0.0,0.0,0.0
Russian Federation,RUS,Europe,75.5,142.5,4.0,Medium,0,0.0,0.0,0.0
Australia,AUS,Oceania,-38.5,143.5,2.4,Low,1,4.8,4.8,10.0
Australia,AUS,Oceania,-37.5,143.5,2.4,Low,0,0.0,0.0,0.0
Australia,AUS,Oceania,-36.5,143.5,2.4,Low,0,0.0,0.0,0.0
Australia,AUS,Oceania,-35.5,143.5,2.4,Low,0,0.0,0.0,0.0
Australia,AUS,Oceania,-34.5,143.5,2.4,Low,0,0.0,0.0,0.0
Australia,AUS,Oceania,-33.5,143.5,2.4,Low,0,0.0,0.0,0.0
Australia,AUS,Oceania,-32.5,143.5,2.4,Low,0,0.0,0.0,0.0
Australia,AUS,Oceania,-31.5,143.5,2.4,Low,0,0.0,0.0,0.0
Australia,AUS,Oceania,-30.5,143.5,2.4,Low,0,0.0,0.0,0.0
Australia,AUS,Oceania,-29.5,143.5,2.4,Low,0,0.0,0.0,0.0
Australia,AUS,Oceania,-28.5,143.5,2.4,Low,0,0.0,0.0,0.0
Australia,AUS,Oceania,-27.5,143.5,2.4,Low,0,0.0,0.0,0.0
Australia,AUS,Oceania,-26.5,143.5,2.4,Low,0,0.0,0.0,0.0
Australia,AUS,Oceania,-25.5,143.5,2.4,Low,0,0.0,0.0,0.0
Australia,AUS,Oceania,-24.5,143.5,2.4,Low,0,0.0,0.0,0.0
Australia,AUS,Oceania,-23.5,143.5,2.4,Low,0,0.0,0.0,0.0
Australia,AUS,Oceania,-22.5,143.5,2.4,Low,0,0.0,0.0,0.0
Australia,AUS,Oceania,-21.5,143.5,2.4,Low,0,0.0,0.0,0.0
Australia,AUS,Oceania,-20.5,143.5,2.4,Low,0,0.0,0.0,0.0
Australia,AUS,Oceania,-19.5,143.5,2.4,Low,0,0.0,0.0,0.0
Australia,AUS,Oceania,-18.5,143.5,2.4,Low,0,0.0,0.0,0.0
Australia,AUS,Oceania,-17.5,143.5,2.4,Low,0,0.0,0.0,0.0
Australia,AUS,Oceania,-16.5,143.5,2.4,Low,0,0.0,0.0,0.0
Australia,AUS,Oceania,-15.5,143.5,2.4,Low,0,0.0,0.0,0.0
Australia,AUS,Oceania,-14.5,143.5,2.4,Low,0,0.0,0.0,0.0
Australia,AUS,Oceania,-13.5,143.5,2.4,Low,0,0.0,0.0,0.0
Papua New Guinea,PNG,Oceania,-7.5,143.5,6.3,High,3,4.9667,5.6,21.32
Papua New Guinea,PNG,Oceania,-6.5,143.5,6.3,High,129,4.8698,6.6,16.289
Papua New Guinea,PNG,Oceania,-5.5,143.5,6.3,High,7,4.7571,5.4,104.5386
Papua New Guinea,PNG,Oceania,-4.5,143.5,6.3,High,75,4.892,7.0,100.186
Japan,JPN,Asia,42.5,143.5,2.0,Low,80,4.8225,6.9,65.6538
Japan,JPN,Asia,43.5,143.5,2.0,Low,6,4.7167,5.1,107.2767
Russian Federation,RUS,Europe,46.5,143.5,4.0,Medium,6,4.8833,5.4,337.7803
Russian Federation,RUS,Europe,49.5,143.5,4.0,Medium,0,0.0,0.0,0.0
Russian Federation,RUS,Europe,50.5,143.5,4.0,Medium,4,4.7,5.1,15.375
Russian Federation,RUS,Europe,59.5,143.5,4.0,Medium,0,0.0,0.0,0.0
Russian Federation,RUS,Europe,60.5,143.5,4.0,Medium,0,0.0,0.0,0.0
Russian Federation,RUS,Europe,61.5,143.5,4.0,Medium,0,0.0,0.0,0.0
Russian Federation,RUS,Europe,62.5,143.5,4.0,Medium,0,0.0,0.0,0.0
Russian Federation,RUS,Europe,63.5,143.5,4.0,Medium,0,0.0,0.0,0.0
Russian Federation,RUS,Europe,64.5,143.5,4.0,Medium,0,0.0,0.0,0.0
Russian Federation,RUS,Europe,65.5,143.5,4.0,Medium,1,4.5,4.5,10.0
Russian Federation,RUS,Europe,66.5,143.5,4.0,Medium,0,0.0,0.0,0.0
Russian Federation,RUS,Europe,67.5,143.5,4.0,Medium,0,0.0,0.0,0.0
Russian Federation,RUS,Europe,68.5,143.5,4.0,Medium,0,0.0,0.0,0.0
Russian Federation,RUS,Europe,69.5,143.5,4.0,Medium,0,0.0,0.0,0.0
Russian Federation,RUS,Europe,70.5,143.5,4.0,Medium,0,0.0,0.0,0.0
Russian Federation,RUS,Europe,71.5,143.5,4.0,Medium,0,0.0,0.0,0.0
Russian Federation,RUS,Europe,72.5,143.5,4.0,Medium,0,0.0,0.0,0.0
Russian Federation,RUS,Europe,75.5,143.5,4.0,Medium,1,4.8,4.8,10.0
Australia,AUS,Oceania,-37.5,144.5,2.4,Low,0,0.0,0.0,0.0
Australia,AUS,Oceania,-36.5,144.5,2.4,Low,0,0.0,0.0,0.0
Australia,AUS,Oceania,-35.5,144.5,2.4,Low,0,0.0,0.0,0.0
Australia,AUS,Oceania,-34.5,144.5,2.4,Low,0,0.0,0.0,0.0
Australia,AUS,Oceania,-33.5,144.5,2.4,Low,0,0.0,0.0,0.0
Australia,AUS,Oceania,-32.5,144.5,2.4,Low,0,0.0,0.0,0.0
Australia,AUS,Oceania,-31.5,144.5,2.4,Low,0,0.0,0.0,0.0
Australia,AUS,Oceania,-30.5,144.5,2.4,Low,0,0.0,0.0,0.0
Australia,AUS,Oceania,-29.5,144.5,2.4,Low,0,0.0,0.0,0.0
Australia,AUS,Oceania,-28.5,144.5,2.4,Low,0,0.0,0.0,0.0
Australia,AUS,Oceania,-27.5,144.5,2.4,Low,0,0.0,0.0,0.0
Australia,AUS,Oceania,-26.5,144.5,2.4,Low,0,0.0,0.0,0.0
Australia,AUS,Oceania,-25.5,144.5,2.4,Low,0,0.0,0.0,0.0
Australia,AUS,Oceania,-24.5,144.5,2.4,Low,0,0.0,0.0,0.0
Australia,AUS,Oceania,-23.5,144.5,2.4,Low,0,0.0,0.0,0.0
Australia,AUS,Oceania,-22.5,144.5,2.4,Low,0,0.0,0.0,0.0
Australia,AUS,Oceania,-21.5,144.5,2.4,Low,0,0.0,0.0,0.0
Australia,AUS,Oceania,-20.5,144.5,2.4,Low,0,0.0,0.0,0.0
Australia,AUS,Oceania,-19.5,144.5,2.4,Low,0,0.0,0.0,0.0
Australia,AUS,Oceania,-18.5,144.5,2.4,Low,0,0.0,0.0,0.0
Australia,AUS,Oceania,-17.5,144.5,2.4,Low,0,0.0,0.0,0.0
Australia,AUS,Oceania,-16.5,144.5,2.4,Low,0,0.0,0.0,0.0
Australia,AUS,Oceania,-15.5,144.5,2.4,Low,0,0.0,0.0,0.0
Australia,AUS,Oceania,-14.5,144.5,2.4,Low,0,0.0,0.0,0.0
Papua New Guinea,PNG,Oceania,-7.5,144.5,6.3,High,16,4.8375,5.4,21.3231
Papua New Guinea,PNG,Oceania,-6.5,144.5,6.3,High,15,4.78,5.4,32.762
Papua New Guinea,PNG,Oceania,-5.5,144.5,6.3,High,18,4.8722,5.9,89.8773
Papua New Guinea,PNG,Oceania,-4.5,144.5,6.3,High,98,4.8051,6.2,79.9119
Japan,JPN,Asia,43.5,144.5,2.0,Low,17,4.8412,5.8,103.7079
Russian Federation,RUS,Europe,59.5,144.5,4.0,Medium,1,5.0,5.0,10.0
Russian Federation,RUS,Europe,60.5,144.5,4.0,Medium,0,0.0,0.0,0.0
Russian Federation,RUS,Europe,61.5,144.5,4.0,Medium,1,4.6,4.6,10.0
Russian Federation,RUS,Europe,62.5,144.5,4.0,Medium,0,0.0,0.0,0.0
Russian Federation,RUS,Europe,63.5,144.5,4.0,Medium,1,4.7,4.7,10.0
Russian Federation,RUS,Europe,64.5,144.5,4.0,Medium,0,0.0,0.0,0.0
Russian Federation,RUS,Europe,65.5,144.5,4.0,Medium,0,0.0,0.0,0.0
Russian Federation,RUS,Europe,66.5,144.5,4.0,Medium,0,0.0,0.0,0.0
Russian Federation,RUS,Europe,67.5,144.5,4.0,Medium,0,0.0,0.0,0.0
Russian Federation,RUS,Europe,68.5,144.5,4.0,Medium,0,0.0,0.0,0.0
Russian Federation,RUS,Europe,69.5,144.5,4.0,Medium,0,0.0,0.0,0.0
Russian Federation,RUS,Europe,70.5,144.5,4.0,Medium,0,0.0,0.0,0.0
Russian Federation,RUS,Europe,71.5,144.5,4.0,Medium,0,0.0,0.0,0.0
Russian Federation,RUS,Europe,72.5,144.5,4.0,Medium,0,0.0,0.0,0.0
Russian Federation,RUS,Europe,75.5,144.5,4.0,Medium,0,0.0,0.0,0.0
Australia,AUS,Oceania,-42.5,145.5,2.4,Low,0,0.0,0.0,0.0
Australia,AUS,Oceania,-41.5,145.5,2.4,Low,0,0.0,0.0,0.0
Australia,AUS,Oceania,-38.5,145.5,2.4,Low,1,4.5,4.5,14.0
Australia,AUS,Oceania,-37.5,145.5,2.4,Low,0,0.0,0.0,0.0
Australia,AUS,Oceania,-36.5,145.5,2.4,Low,0,0.0,0.0,0.0
Australia,AUS,Oceania,-35.5,145.5,2.4,Low,0,0.0,0.0,0.0
Australia,AUS,Oceania,-34.5,145.5,2.4,Low,0,0.0,0.0,0.0
Australia,AUS,Oceania,-33.5,145.5,2.4,Low,0,0.0,0.0,0.0
Australia,AUS,Oceania,-32.5,145.5,2.4,Low,0,0.0,0.0,0.0
Australia,AUS,Oceania,-31.5,145.5,2.4,Low,0,0.0,0.0,0.0
Australia,AUS,Oceania,-30.5,145.5,2.4,Low,0,0.0,0.0,0.0
Australia,AUS,Oceania,-29.5,145.5,2.4,Low,0,0.0,0.0,0.0
Australia,AUS,Oceania,-28.5,145.5,2.4,Low,0,0.0,0.0,0.0
Australia,AUS,Oceania,-27.5,145.5,2.4,Low,0,0.0,0.0,0.0
Australia,AUS,Oceania,-26.5,145.5,2.4,Low,0,0.0,0.0,0.0
Australia,AUS,Oceania,-25.5,145.5,2.4,Low,0,0.0,0.0,0.0
Australia,AUS,Oceania,-24.5,145.5,2.4,Low,0,0.0,0.0,0.0
Australia,AUS,Oceania,-23.5,145.5,2.4,Low,0,0.0,0.0,0.0
Australia,AUS,Oceania,-22.5,145.5,2.4,Low,0,0.0,0.0,0.0
Australia,AUS,Oceania,-21.5,145.5,2.4,Low,0,0.0,0.0,0.0
Australia,AUS,Oceania,-20.5,145.5,2.4,Low,0,0.0,0.0,0.0
Australia,AUS,Oceania,-19.5,145.5,2.4,Low,0,0.0,0.0,0.0
Australia,AUS,Oceania,-18.5,145.5,2.4,Low,0,0.0,0.0,0.0
Australia,AUS,Oceania,-17.5,145.5,2.4,Low,0,0.0,0.0,0.0
Australia,AUS,Oceania,-16.5,145.5,2.4,Low,0,0.0,0.0,0.0
Papua New Guinea,PNG,Oceania,-7.5,145.5,6.3,High,7,5.1714,5.9,114.5957
Papua New Guinea,PNG,Oceania,-6.5,145.5,6.3,High,27,4.8148,6.6,104.4141
Papua New Guinea,PNG,Oceania,-5.5,145.5,6.3,High,110,4.8545,6.2,85.3697
Russian Federation,RUS,Europe,59.5,145.5,4.0,Medium,0,0.0,0.0,0.0
Russian Federation,RUS,Europe,60.5,145.5,4.0,Medium,1,4.5,4.5,13.92
Russian Federation,RUS,Europe,61.5,145.5,4.0,Medium,0,0.0,0.0,0.0
Russian Federation,RUS,Europe,62.5,145.5,4.0,Medium,1,5.3,5.3,21.1
Russian Federation,RUS,Europe,63.5,145.5,4.0,Medium,0,0.0,0.0,0.0
Russian Federation,RUS,Europe,64.5,145.5,4.0,Medium,0,0.0,0.0,0.0
Russian Federation,RUS,Europe,65.5,145.5,4.0,Medium,2,4.85,5.1,10.0
Russian Federation,RUS,Europe,66.5,145.5,4.0,Medium,0,0.0,0.0,0.0
Russian Federation,RUS,Europe,67.5,145.5,4.0,Medium,0,0.0,0.0,0.0
Russian Federation,RUS,Europe,68.5,145.5,4.0,Medium,0,0.0,0.0,0.0
Russian Federation,RUS,Europe,69.5,145.5,4.0,Medium,0,0.0,0.0,0.0
Russian Federation,RUS,Europe,70.5,145.5,4.0,Medium,0,0.0,0.0,0.0
Russian Federation,RUS,Europe,71.5,145.5,4.0,Medium,0,0.0,0.0,0.0
Australia,AUS,Oceania,-43.5,146.5,2.4,Low,0,0.0,0.0,0.0
Australia,AUS,Oceania,-42.5,146.5,2.4,Low,0,0.0,0.0,0.0
Australia,AUS,Oceania,-41.5,146.5,2.4,Low,0,0.0,0.0,0.0
Australia,AUS,Oceania,-38.5,146.5,2.4,Low,3,4.9333,5.2,11.7333
Australia,AUS,Oceania,-37.5,146.5,2.4,Low,1,5.9,5.9,12.0
Australia,AUS,Oceania,-36.5,146.5,2.4,Low,0,0.0,0.0,0.0
Australia,AUS,Oceania,-35.5,146.5,2.4,Low,0,0.0,0.0,0.0
Australia,AUS,Oceania,-34.5,146.5,2.4,Low,0,0.0,0.0,0.0
Australia,AUS,Oceania,-33.5,146.5,2.4,Low,0,0.0,0.0,0.0
Australia,AUS,Oceania,-32.5,146.5,2.4,Low,0,0.0,0.0,0.0
Australia,AUS,Oceania,-31.5,146.5,2.4,Low,0,0.0,0.0,0.0
Australia,AUS,Oceania,-30.5,146.5,2.4,Low,0,0.0,0.0,0.0
Australia,AUS,Oceania,-29.5,146.5,2.4,Low,0,0.0,0.0,0.0
Australia,AUS,Oceania,-28.5,146.5,2.4,Low,0,0.0,0.0,0.0
Australia,AUS,Oceania,-27.5,146.5,2.4,Low,0,0.0,0.0,0.0
Australia,AUS,Oceania,-26.5,146.5,2.4,Low,0,0.0,0.0,0.0
Australia,AUS,Oceania,-25.5,146.5,2.4,Low,0,0.0,0.0,0.0
Australia,AUS,Oceania,-24.5,146.5,2.4,Low,0,0.0,0.0,0.0
Australia,AUS,Oceania,-23.5,146.5,2.4,Low,0,0.0,0.0,0.0
Australia,AUS,Oceania,-22.5,146.5,2.4,Low,0,0.0,0.0,0.0
Australia,AUS,Oceania,-21.5,146.5,2.4,Low,0,0.0,0.0,0.0
Australia,AUS,Oceania,-20.5,146.5,2.4,Low,1,4.7,4.7,10.0
Australia,AUS,Oceania,-19.5,146.5,2.4,Low,0,0.0,0.0,0.0
Papua New Guinea,PNG,Oceania,-8.5,146.5,6.3,High,10,4.98,5.6,23.272
Papua New Guinea,PNG,Oceania,-7.5,146.5,6.3,High,28,4.95,7.1,94.4065
Papua New Guinea,PNG,Oceania,-6.5,146.5,6.3,High,142,4.9077,7.6,74.8769
Russian Federation,RUS,Europe,59.5,146.5,4.0,Medium,1,4.7,4.7,10.0
Russian Federation,RUS,Europe,60.5,146.5,4.0,Medium,0,0.0,0.0,0.0
Russian Federation,RUS,Europe,61.5,146.5,4.0,Medium,0,0.0,0.0,0.0
Russian Federation,RUS,Europe,62.5,146.5,4.0,Medium,0,0.0,0.0,0.0
Russian Federation,RUS,Europe,63.5,146.5,4.0,Medium,0,0.0,0.0,0.0
Russian Federation,RUS,Europe,64.5,146.5,4.0,Medium,2,5.15,5.5,11.0
Russian Federation,RUS,Europe,65.5,146.5,4.0,Medium,0,0.0,0.0,0.0
Russian Federation,RUS,Europe,66.5,146.5,4.0,Medium,0,0.0,0.0,0.0
Russian Federation,RUS,Europe,67.5,146.5,4.0,Medium,0,0.0,0.0,0.0
Russian Federation,RUS,Europe,68.5,146.5,4.0,Medium,0,0.0,0.0,0.0
Russian Federation,RUS,Europe,69.5,146.5,4.0,Medium,0,0.0,0.0,0.0
Russian Federation,RUS,Europe,70.5,146.5,4.0,Medium,0,0.0,0.0,0.0
Russian Federation,RUS,Europe,71.5,146.5,4.0,Medium,0,0.0,0.0,0.0
Australia,AUS,Oceania,-42.5,147.5,2.4,Low,1,4.7,4.7,10.0
Australia,AUS,Oceania,-41.5,147.5,2.4,Low,0,0.0,0.0,0.0
Australia,AUS,Oceania,-37.5,147.5,2.4,Low,0,0.0,0.0,0.0
Australia,AUS,Oceania,-36.5,147.5,2.4,Low,0,0.0,0.0,0.0
Australia,AUS,Oceania,-35.5,147.5,2.4,Low,0,0.0,0.0,0.0
Australia,AUS,Oceania,-34.5,147.5,2.4,Low,0,0.0,0.0,0.0
Australia,AUS,Oceania,-33.5,147.5,2.4,Low,0,0.0,0.0,0.0
Australia,AUS,Oceania,-32.5,147.5,2.4,Low,0,0.0,0.0,0.0
Australia,AUS,Oceania,-31.5,147.5,2.4,Low,0,0.0,0.0,0.0
Australia,AUS,Oceania,-30.5,147.5,2.4,Low,0,0.0,0.0,0.0
Australia,AUS,Oceania,-29.5,147.5,2.4,Low,0,0.0,0.0,0.0
Australia,AUS,Oceania,-28.5,147.5,2.4,Low,0,0.0,0.0,0.0
Australia,AUS,Oceania,-27.5,147.5,2.4,Low,0,0.0,0.0,0.0
Australia,AUS,Oceania,-26.5,147.5,2.4,Low,0,0.0,0.0,0.0
Australia,AUS,Oceania,-25.5,147.5,2.4,Low,0,0.0,0.0,0.0
Australia,AUS,Oceania,-24.5,147.5,2.4,Low,0,0.0,0.0,0.0
Australia,AUS,Oceania,-23.5,147.5,2.4,Low,0,0.0,0.0,0.0
Australia,AUS,Oceania,-22.5,147.5,2.4,Low,0,0.0,0.0,0.0
Australia,AUS,Oceania,-21.5,147.5,2.4,Low,0,0.0,0.0,0.0
Australia,AUS,Oceania,-20.5,147.5,2.4,Low,1,5.0,5.0,7.0
Papua New Guinea,PNG,Oceania,-9.5,147.5,6.3,High,0,0.0,0.0,0.0
Papua New Guinea,PNG,Oceania,-8.5,147.5,6.3,High,7,4.7571,5.1,71.81
Papua New Guinea,PNG,Oceania,-6.5,147.5,6.3,High,267,4.8487,6.5,61.0339
Russian Federation,RUS,Europe,59.5,147.5,4.0,Medium,1,5.4,5.4,14.2
Russian Federation,RUS,Europe,60.5,147.5,4.0,Medium,0,0.0,0.0,0.0
Russian Federation,RUS,Europe,61.5,147.5,4.0,Medium,0,0.0,0.0,0.0
Russian Federation,RUS,Europe,62.5,147.5,4.0,Medium,0,0.0,0.0,0.0
Russian Federation,RUS,Europe,63.5,147.5,4.0,Medium,1,4.6,4.6,33.0
Russian Federation,RUS,Europe,64.5,147.5,4.0,Medium,0,0.0,0.0,0.0
Russian Federation,RUS,Europe,65.5,147.5,4.0,Medium,0,0.0,0.0,0.0
Russian Federation,RUS,Europe,66.5,147.5,4.0,Medium,0,0.0,0.0,0.0
Russian Federation,RUS,Europe,67.5,147.5,4.0,Medium,0,0.0,0.0,0.0
Russian Federation,RUS,Europe,68.5,147.5,4.0,Medium,0,0.0,0.0,0.0
Russian Federation,RUS,Europe,69.5,147.5,4.0,Medium,0,0.0,0.0,0.0
Russian Federation,RUS,Europe,70.5,147.5,4.0,Medium,0,0.0,0.0,0.0
Russian Federation,RUS,Europe,71.5,147.5,4.0,Medium,0,0.0,0.0,0.0
Australia,AUS,Oceania,-37.5,148.5,2.4,Low,0,0.0,0.0,0.0
Australia,AUS,Oceania,-36.5,148.5,2.4,Low,0,0.0,0.0,0.0
Australia,AUS,Oceania,-35.5,148.5,2.4,Low,0,0.0,0.0,0.0
Australia,AUS,Oceania,-34.5,148.5,2.4,Low,0,0.0,0.0,0.0
Australia,AUS,Oceania,-33.5,148.5,2.4,Low,0,0.0,0.0,0.0
Australia,AUS,Oceania,-32.5,148.5,2.4,Low,0,0.0,0.0,0.0
Australia,AUS,Oceania,-31.5,148.5,2.4,Low,0,0.0,0.0,0.0
Australia,AUS,Oceania,-30.5,148.5,2.4,Low,0,0.0,0.0,0.0
Australia,AUS,Oceania,-29.5,148.5,2.4,Low,0,0.0,0.0,0.0
Australia,AUS,Oceania,-28.5,148.5,2.4,Low,0,0.0,0.0,0.0
Australia,AUS,Oceania,-27.5,148.5,2.4,Low,0,0.0,0.0,0.0
Australia,AUS,Oceania,-26.5,148.5,2.4,Low,0,0.0,0.0,0.0
Australia,AUS,Oceania,-25.5,148.5,2.4,Low,0,0.0,0.0,0.0
Australia,AUS,Oceania,-24.5,148.5,2.4,Low,0,0.0,0.0,0.0
Australia,AUS,Oceania,-23.5,148.5,2.4,Low,0,0.0,0.0,0.0
Australia,AUS,Oceania,-22.5,148.5,2.4,Low,0,0.0,0.0,0.0
Australia,AUS,Oceania,-21.5,148.5,2.4,Low,0,0.0,0.0,0.0
Australia,AUS,Oceania,-20.5,148.5,2.4,Low,0,0.0,0.0,0.0
Papua New Guinea,PNG,Oceania,-9.5,148.5,6.3,High,18,4.8611,5.5,20.2213
Papua New Guinea,PNG,Oceania,-5.5,148.5,6.3,High,121,4.9,6.6,115.645
Russian Federation,RUS,Europe,59.5,148.5,4.0,Medium,0,0.0,0.0,0.0
Russian Federation,RUS,Europe,60.5,148.5,4.0,Medium,0,0.0,0.0,0.0
Russian Federation,RUS,Europe,61.5,148.5,4.0,Medium,0,0.0,0.0,0.0
Russian Federation,RUS,Europe,62.5,148.5,4.0,Medium,0,0.0,0.0,0.0
Russian Federation,RUS,Europe,63.5,148.5,4.0,Medium,0,0.0,0.0,0.0
Russian Federation,RUS,Europe,64.5,148.5,4.0,Medium,1,5.2,5.2,20.8
Russian Federation,RUS,Europe,65.5,148.5,4.0,Medium,0,0.0,0.0,0.0
Russian Federation,RUS,Europe,66.5,148.5,4.0,Medium,0,0.0,0.0,0.0
Russian Federation,RUS,Europe,67.5,148.5,4.0,Medium,0,0.0,0.0,0.0
Russian Federation,RUS,Europe,68.5,148.5,4.0,Medium,0,0.0,0.0,0.0
Russian Federation,RUS,Europe,69.5,148.5,4.0,Medium,0,0.0,0.0,0.0
Russian Federation,RUS,Europe,70.5,148.5,4.0,Medium,0,0.0,0.0,0.0
Russian Federation,RUS,Europe,71.5,148.5,4.0,Medium,0,0.0,0.0,0.0
Australia,AUS,Oceania,-37.5,149.5,2.4,Low,0,0.0,0.0,0.0
Australia,AUS,Oceania,-36.5,149.5,2.4,Low,0,0.0,0.0,0.0
Australia,AUS,Oceania,-35.5,149.5,2.4,Low,0,0.0,0.0,0.0
Australia,AUS,Oceania,-34.5,149.5,2.4,Low,0,0.0,0.0,0.0
Australia,AUS,Oceania,-33.5,149.5,2.4,Low,0,0.0,0.0,0.0
Australia,AUS,Oceania,-32.5,149.5,2.4,Low,0,0.0,0.0,0.0
Australia,AUS,Oceania,-31.5,149.5,2.4,Low,0,0.0,0.0,0.0
Australia,AUS,Oceania,-30.5,149.5,2.4,Low,0,0.0,0.0,0.0
Australia,AUS,Oceania,-29.5,149.5,2.4,Low,0,0.0,0.0,0.0
Australia,AUS,Oceania,-28.5,149.5,2.4,Low,0,0.0,0.0,0.0
Australia,AUS,Oceania,-27.5,149.5,2.4,Low,0,0.0,0.0,0.0
Australia,AUS,Oceania,-26.5,149.5,2.4,Low,0,0.0,0.0,0.0
Australia,AUS,Oceania,-25.5,149.5,2.4,Low,0,0.0,0.0,0.0
Australia,AUS,Oceania,-24.5,149.5,2.4,Low,0,0.0,0.0,0.0
Australia,AUS,Oceania,-23.5,149.5,2.4,Low,0,0.0,0.0,0.0
Australia,AUS,Oceania,-22.5,149.5,2.4,Low,0,0.0,0.0,0.0
Russian Federation,RUS,Europe,60.5,149.5,4.0,Medium,0,0.0,0.0,0.0
Russian Federation,RUS,Europe,61.5,149.5,4.0,Medium,0,0.0,0.0,0.0
Russian Federation,RUS,Europe,62.5,149.5,4.0,Medium,0,0.0,0.0,0.0
Russian Federation,RUS,Europe,63.5,149.5,4.0,Medium,0,0.0,0.0,0.0
Russian Federation,RUS,Europe,64.5,149.5,4.0,Medium,1,4.7,4.7,10.0
Russian Federation,RUS,Europe,65.5,149.5,4.0,Medium,2,4.65,4.8,13.3
Russian Federation,RUS,Europe,66.5,149.5,4.0,Medium,0,0.0,0.0,0.0
Russian Federation,RUS,Europe,67.5,149.5,4.0,Medium,0,0.0,0.0,0.0
Russian Federation,RUS,Europe,68.5,149.5,4.0,Medium,0,0.0,0.0,0.0
Russian Federation,RUS,Europe,69.5,149.5,4.0,Medium,0,0.0,0.0,0.0
Russian Federation,RUS,Europe,70.5,149.5,4.0,Medium,0,0.0,0.0,0.0
Russian Federation,RUS,Europe,71.5,149.5,4.0,Medium,0,0.0,0.0,0.0
Australia,AUS,Oceania,-34.5,150.5,2.4,Low,1,4.6,4.6,0.0
Australia,AUS,Oceania,-33.5,150.5,2.4,Low,0,0.0,0.0,0.0
Australia,AUS,Oceania,-32.5,150.5,2.4,Low,0,0.0,0.0,0.0
Australia,AUS,Oceania,-31.5,150.5,2.4,Low,0,0.0,0.0,0.0
Australia,AUS,Oceania,-30.5,150.5,2.4,Low,0,0.0,0.0,0.0
Australia,AUS,Oceania,-29.5,150.5,2.4,Low,0,0.0,0.0,0.0
Australia,AUS,Oceania,-28.5,150.5,2.4,Low,0,0.0,0.0,0.0
Australia,AUS,Oceania,-27.5,150.5,2.4,Low,0,0.0,0.0,0.0
Australia,AUS,Oceania,-26.5,150.5,2.4,Low,0,0.0,0.0,0.0
Australia,AUS,Oceania,-25.5,150.5,2.4,Low,0,0.0,0.0,0.0
Australia,AUS,Oceania,-24.5,150.5,2.4,Low,0,0.0,0.0,0.0
Australia,AUS,Oceania,-23.5,150.5,2.4,Low,0,0.0,0.0,0.0
Papua New Guinea,PNG,Oceania,-10.5,150.5,6.3,High,3,4.8333,4.9,30.6333
Papua New Guinea,PNG,Oceania,-5.5,150.5,6.3,High,187,4.8791,7.3,83.3796
Russian Federation,RUS,Europe,60.5,150.5,4.0,Medium,0,0.0,0.0,0.0
Russian Federation,RUS,Europe,61.5,150.5,4.0,Medium,0,0.0,0.0,0.0
Russian Federation,RUS,Europe,62.5,150.5,4.0,Medium,0,0.0,0.0,0.0
Russian Federation,RUS,Europe,63.5,150.5,4.0,Medium,0,0.0,0.0,0.0
Russian Federation,RUS,Europe,64.5,150.5,4.0,Medium,0,0.0,0.0,0.0
Russian Federation,RUS,Europe,65.5,150.5,4.0,Medium,0,0.0,0.0,0.0
Russian Federation,RUS,Europe,66.5,150.5,4.0,Medium,0,0.0,0.0,0.0
Russian Federation,RUS,Europe,67.5,150.5,4.0,Medium,0,0.0,0.0,0.0
Russian Federation,RUS,Europe,68.5,150.5,4.0,Medium,0,0.0,0.0,0.0
Russian Federation,RUS,Europe,69.5,150.5,4.0,Medium,0,0.0,0.0,0.0
Russian Federation,RUS,Europe,70.5,150.5,4.0,Medium,0,0.0,0.0,0.0
Russian Federation,RUS,Europe,71.5,150.5,4.0,Medium,0,0.0,0.0,0.0
Australia,AUS,Oceania,-32.5,151.5,2.4,Low,0,0.0,0.0,0.0
Australia,AUS,Oceania,-31.5,151.5,2.4,Low,0,0.0,0.0,0.0
Australia,AUS,Oceania,-30.5,151.5,2.4,Low,0,0.0,0.0,0.0
Australia,AUS,Oceania,-29.5,151.5,2.4,Low,0,0.0,0.0,0.0
Australia,AUS,Oceania,-28.5,151.5,2.4,Low,0,0.0,0.0,0.0
Australia,AUS,Oceania,-27.5,151.5,2.4,Low,0,0.0,0.0,0.0
Australia,AUS,Oceania,-26.5,151.5,2.4,Low,0,0.0,0.0,0.0
Australia,AUS,Oceania,-25.5,151.5,2.4,Low,1,4.9,4.9,15.0
Australia,AUS,Oceania,-24.5,151.5,2.4,Low,0,0.0,0.0,0.0
Papua New Guinea,PNG,Oceania,-5.5,151.5,6.3,High,740,4.9049,7.8,51.2382
Russian Federation,RUS,Europe,59.5,151.5,4.0,Medium,0,0.0,0.0,0.0
Russian Federation,RUS,Europe,60.5,151.5,4.0,Medium,0,0.0,0.0,0.0
Russian Federation,RUS,Europe,61.5,151.5,4.0,Medium,0,0.0,0.0,0.0
Russian Federation,RUS,Europe,62.5,151.5,4.0,Medium,0,0.0,0.0,0.0
Russian Federation,RUS,Europe,63.5,151.5,4.0,Medium,0,0.0,0.0,0.0
Russian Federation,RUS,Europe,64.5,151.5,4.0,Medium,0,0.0,0.0,0.0
Russian Federation,RUS,Europe,65.5,151.5,4.0,Medium,0,0.0,0.0,0.0
Russian Federation,RUS,Europe,66.5,151.5,4.0,Medium,0,0.0,0.0,0.0
Russian Federation,RUS,Europe,67.5,151.5,4.0,Medium,0,0.0,0.0,0.0
Russian Federation,RUS,Europe,68.5,151.5,4.0,Medium,0,0.0,0.0,0.0
Russian Federation,RUS,Europe,69.5,151.5,4.0,Medium,0,0.0,0.0,0.0
Russian Federation,RUS,Europe,70.5,151.5,4.0,Medium,0,0.0,0.0,0.0
Australia,AUS,Oceania,-31.5,152.5,2.4,Low,0,0.0,0.0,0.0
Australia,AUS,Oceania,-30.5,152.5,2.4,Low,0,0.0,0.0,0.0
Australia,AUS,Oceania,-29.5,152.5,2.4,Low,0,0.0,0.0,0.0
Australia,AUS,Oceania,-28.5,152.5,2.4,Low,0,0.0,0.0,0.0
Australia,AUS,Oceania,-27.5,152.5,2.4,Low,0,0.0,0.0,0.0
Australia,AUS,Oceania,-26.5,152.5,2.4,Low,0,0.0,0.0,0.0
Australia,AUS,Oceania,-25.5,152.5,2.4,Low,0,0.0,0.0,0.0
Russian Federation,RUS,Europe,59.5,152.5,4.0,Medium,1,4.6,4.6,10.0
Russian Federation,RUS,Europe,60.5,152.5,4.0,Medium,0,0.0,0.0,0.0
Russian Federation,RUS,Europe,61.5,152.5,4.0,Medium,0,0.0,0.0,0.0
Russian Federation,RUS,Europe,62.5,152.5,4.0,Medium,0,0.0,0.0,0.0
Russian Federation,RUS,Europe,63.5,152.5,4.0,Medium,0,0.0,0.0,0.0
Russian Federation,RUS,Europe,64.5,152.5,4.0,Medium,0,0.0,0.0,0.0
Russian Federation,RUS,Europe,65.5,152.5,4.0,Medium,0,0.0,0.0,0.0
Russian Federation,RUS,Europe,66.5,152.5,4.0,Medium,0,0.0,0.0,0.0
Russian Federation,RUS,Europe,67.5,152.5,4.0,Medium,0,0.0,0.0,0.0
Russian Federation,RUS,Europe,68.5,152.5,4.0,Medium,0,0.0,0.0,0.0
Russian Federation,RUS,Europe,69.5,152.5,4.0,Medium,0,0.0,0.0,0.0
Russian Federation,RUS,Europe,70.5,152.5,4.0,Medium,0,0.0,0.0,0.0
Australia,AUS,Oceania,-28.5,153.5,2.4,Low,0,0.0,0.0,0.0
Russian Federation,RUS,Europe,59.5,153.5,4.0,Medium,0,0.0,0.0,0.0
Russian Federation,RUS,Europe,60.5,153.5,4.0,Medium,0,0.0,0.0,0.0
Russian Federation,RUS,Europe,61.5,153.5,4.0,Medium,0,0.0,0.0,0.0
Russian Federation,RUS,Europe,62.5,153.5,4.0,Medium,0,0.0,0.0,0.0
Russian Federation,RUS,Europe,63.5,153.5,4.0,Medium,0,0.0,0.0,0.0
Russian Federation,RUS,Europe,64.5,153.5,4.0,Medium,0,0.0,0.0,0.0
Russian Federation,RUS,Europe,65.5,153.5,4.0,Medium,0,0.0,0.0,0.0
Russian Federation,RUS,Europe,66.5,153.5,4.0,Medium,0,0.0,0.0,0.0
Russian Federation,RUS,Europe,67.5,153.5,4.0,Medium,0,0.0,0.0,0.0
Russian Federation,RUS,Europe,68.5,153.5,4.0,Medium,0,0.0,0.0,0.0
Russian Federation,RUS,Europe,69.5,153.5,4.0,Medium,0,0.0,0.0,0.0
Russian Federation,RUS,Europe,70.5,153.5,4.0,Medium,0,0.0,0.0,0.0
Russian Federation,RUS,Europe,59.5,154.5,4.0,Medium,0,0.0,0.0,0.0
Russian Federation,RUS,Europe,60.5,154.5,4.0,Medium,0,0.0,0.0,0.0
Russian Federation,RUS,Europe,61.5,154.5,4.0,Medium,0,0.0,0.0,0.0
Russian Federation,RUS,Europe,62.5,154.5,4.0,Medium,0,0.0,0.0,0.0
Russian Federation,RUS,Europe,63.5,154.5,4.0,Medium,0,0.0,0.0,0.0
Russian Federation,RUS,Europe,64.5,154.5,4.0,Medium,0,0.0,0.0,0.0
Russian Federation,RUS,Europe,65.5,154.5,4.0,Medium,0,0.0,0.0,0.0
Russian Federation,RUS,Europe,66.5,154.5,4.0,Medium,0,0.0,0.0,0.0
Russian Federation,RUS,Europe,67.5,154.5,4.0,Medium,0,0.0,0.0,0.0
Russian Federation,RUS,Europe,68.5,154.5,4.0,Medium,0,0.0,0.0,0.0
Russian Federation,RUS,Europe,69.5,154.5,4.0,Medium,0,0.0,0.0,0.0
Russian Federation,RUS,Europe,70.5,154.5,4.0,Medium,0,0.0,0.0,0.0
Papua New Guinea,PNG,Oceania,-6.5,155.5,6.3,High,333,4.848,7.9,57.5553
Russian Federation,RUS,Europe,55.5,155.5,4.0,Medium,0,0.0,0.0,0.0
Russian Federation,RUS,Europe,61.5,155.5,4.0,Medium,0,0.0,0.0,0.0
Russian Federation,RUS,Europe,62.5,155.5,4.0,Medium,0,0.0,0.0,0.0
Russian Federation,RUS,Europe,63.5,155.5,4.0,Medium,1,4.7,4.7,10.0
Russian Federation,RUS,Europe,64.5,155.5,4.0,Medium,0,0.0,0.0,0.0
Russian Federation,RUS,Europe,65.5,155.5,4.0,Medium,0,0.0,0.0,0.0
Russian Federation,RUS,Europe,66.5,155.5,4.0,Medium,0,0.0,0.0,0.0
Russian Federation,RUS,Europe,67.5,155.5,4.0,Medium,0,0.0,0.0,0.0
Russian Federation,RUS,Europe,68.5,155.5,4.0,Medium,0,0.0,0.0,0.0
Russian Federation,RUS,Europe,69.5,155.5,4.0,Medium,0,0.0,0.0,0.0
Russian Federation,RUS,Europe,70.5,155.5,4.0,Medium,0,0.0,0.0,0.0
Russian Federation,RUS,Europe,52.5,156.5,4.0,Medium,5,4.82,5.0,214.008
Russian Federation,RUS,Europe,53.5,156.5,4.0,Medium,2,4.65,4.7,297.3
Russian Federation,RUS,Europe,54.5,156.5,4.0,Medium,1,4.8,4.8,10.0
Russian Federation,RUS,Europe,55.5,156.5,4.0,Medium,0,0.0,0.0,0.0
Russian Federation,RUS,Europe,56.5,156.5,4.0,Medium,1,4.7,4.7,17.23
Russian Federation,RUS,Europe,61.5,156.5,4.0,Medium,1,4.7,4.7,7.6
Russian Federation,RUS,Europe,62.5,156.5,4.0,Medium,0,0.0,0.0,0.0
Russian Federation,RUS,Europe,63.5,156.5,4.0,Medium,0,0.0,0.0,0.0
Russian Federation,RUS,Europe,64.5,156.5,4.0,Medium,0,0.0,0.0,0.0
Russian Federation,RUS,Europe,65.5,156.5,4.0,Medium,0,0.0,0.0,0.0
Russian Federation,RUS,Europe,66.5,156.5,4.0,Medium,0,0.0,0.0,0.0
Russian Federation,RUS,Europe,67.5,156.5,4.0,Medium,0,0.0,0.0,0.0
Russian Federation,RUS,Europe,68.5,156.5,4.0,Medium,0,0.0,0.0,0.0
Russian Federation,RUS,Europe,69.5,156.5,4.0,Medium,0,0.0,0.0,0.0
Russian Federation,RUS,Europe,70.5,156.5,4.0,Medium,0,0.0,0.0,0.0
Russian Federation,RUS,Europe,51.5,157.5,4.0,Medium,38,4.8079,6.5,88.2192
Russian Federation,RUS,Europe,52.5,157.5,4.0,Medium,27,4.8556,6.4,133.4541
Russian Federation,RUS,Europe,53.5,157.5,4.0,Medium,6,4.7167,5.3,175.8467
Russian Federation,RUS,Europe,54.5,157.5,4.0,Medium,0,0.0,0.0,0.0
Russian Federation,RUS,Europe,55.5,157.5,4.0,Medium,0,0.0,0.0,0.0
Russian Federation,RUS,Europe,56.5,157.5,4.0,Medium,0,0.0,0.0,0.0
Russian Federation,RUS,Europe,57.5,157.5,4.0,Medium,0,0.0,0.0,0.0
Russian Federation,RUS,Europe,62.5,157.5,4.0,Medium,0,0.0,0.0,0.0
Russian Federation,RUS,Europe,63.5,157.5,4.0,Medium,0,0.0,0.0,0.0
Russian Federation,RUS,Europe,64.5,157.5,4.0,Medium,0,0.0,0.0,0.0
Russian Federation,RUS,Europe,65.5,157.5,4.0,Medium,0,0.0,0.0,0.0
Russian Federation,RUS,Europe,66.5,157.5,4.0,Medium,0,0.0,0.0,0.0
Russian Federation,RUS,Europe,67.5,157.5,4.0,Medium,0,0.0,0.0,0.0
Russian Federation,RUS,Europe,68.5,157.5,4.0,Medium,0,0.0,0.0,0.0
Russian Federation,RUS,Europe,69.5,157.5,4.0,Medium,0,0.0,0.0,0.0
Russian Federation,RUS,Europe,70.5,157.5,4.0,Medium,0,0.0,0.0,0.0
Solomon Islands,SLB,Oceania,-7.5,158.5,4.3,Medium,20,4.755,5.7,40.6475
Russian Federation,RUS,Europe,53.5,158.5,4.0,Medium,20,4.835,7.2,134.44
Russian Federation,RUS,Europe,54.5,158.5,4.0,Medium,7,4.9429,6.2,192.3857
Russian Federation,RUS,Europe,55.5,158.5,4.0,Medium,2,5.45,6.4,341.05
Russian Federation,RUS,Europe,56.5,158.5,4.0,Medium,1,5.1,5.1,72.38
Russian Federation,RUS,Europe,57.5,158.5,4.0,Medium,0,0.0,0.0,0.0
Russian Federation,RUS,Europe,62.5,158.5,4.0,Medium,0,0.0,0.0,0.0
Russian Federation,RUS,Europe,63.5,158.5,4.0,Medium,3,4.8333,4.9,10.0
Russian Federation,RUS,Europe,64.5,158.5,4.0,Medium,0,0.0,0.0,0.0
Russian Federation,RUS,Europe,65.5,158.5,4.0,Medium,0,0.0,0.0,0.0
Russian Federation,RUS,Europe,66.5,158.5,4.0,Medium,0,0.0,0.0,0.0
Russian Federation,RUS,Europe,67.5,158.5,4.0,Medium,0,0.0,0.0,0.0
Russian Federation,RUS,Europe,68.5,158.5,4.0,Medium,0,0.0,0.0,0.0
Russian Federation,RUS,Europe,69.5,158.5,4.0,Medium,0,0.0,0.0,0.0
Russian Federation,RUS,Europe,70.5,158.5,4.0,Medium,0,0.0,0.0,0.0
Russian Federation,RUS,Europe,53.5,159.5,4.0,Medium,40,4.785,5.7,80.3683
Russian Federation,RUS,Europe,54.5,159.5,4.0,Medium,18,4.7889,5.6,108.1993
Russian Federation,RUS,Europe,55.5,159.5,4.0,Medium,8,5.15,6.9,192.8638
Russian Federation,RUS,Europe,56.5,159.5,4.0,Medium,0,0.0,0.0,0.0
Russian Federation,RUS,Europe,57.5,159.5,4.0,Medium,0,0.0,0.0,0.0
Russian Federation,RUS,Europe,58.5,159.5,4.0,Medium,0,0.0,0.0,0.0
Russian Federation,RUS,Europe,61.5,159.5,4.0,Medium,0,0.0,0.0,0.0
Russian Federation,RUS,Europe,62.5,159.5,4.0,Medium,0,0.0,0.0,0.0
Russian Federation,RUS,Europe,63.5,159.5,4.0,Medium,0,0.0,0.0,0.0
Russian Federation,RUS,Europe,64.5,159.5,4.0,Medium,0,0.0,0.0,0.0
Russian Federation,RUS,Europe,65.5,159.5,4.0,Medium,0,0.0,0.0,0.0
Russian Federation,RUS,Europe,66.5,159.5,4.0,Medium,0,0.0,0.0,0.0
Russian Federation,RUS,Europe,67.5,159.5,4.0,Medium,0,0.0,0.0,0.0
Russian Federation,RUS,Europe,68.5,159.5,4.0,Medium,0,0.0,0.0,0.0
Russian Federation,RUS,Europe,69.5,159.5,4.0,Medium,0,0.0,0.0,0.0
Russian Federation,RUS,Europe,70.5,159.5,4.0,Medium,0,0.0,0.0,0.0
Solomon Islands,SLB,Oceania,-9.5,160.5,4.3,Medium,63,4.8571,5.7,36.2066
Russian Federation,RUS,Europe,54.5,160.5,4.0,Medium,21,4.7667,5.6,89.2163
Russian Federation,RUS,Europe,55.5,160.5,4.0,Medium,22,4.8136,6.9,94.2099
Russian Federation,RUS,Europe,56.5,160.5,4.0,Medium,3,4.8667,5.2,150.5883
Russian Federation,RUS,Europe,57.5,160.5,4.0,Medium,0,0.0,0.0,0.0
Russian Federation,RUS,Europe,58.5,160.5,4.0,Medium,1,4.7,4.7,22.7
Russian Federation,RUS,Europe,59.5,160.5,4.0,Medium,1,4.6,4.6,33.0
Russian Federation,RUS,Europe,61.5,160.5,4.0,Medium,1,4.6,4.6,35.0
Russian Federation,RUS,Europe,62.5,160.5,4.0,Medium,0,0.0,0.0,0.0
Russian Federation,RUS,Europe,63.5,160.5,4.0,Medium,0,0.0,0.0,0.0
Russian Federation,RUS,Europe,64.5,160.5,4.0,Medium,0,0.0,0.0,0.0
Russian Federation,RUS,Europe,65.5,160.5,4.0,Medium,0,0.0,0.0,0.0
Russian Federation,RUS,Europe,66.5,160.5,4.0,Medium,0,0.0,0.0,0.0
Russian Federation,RUS,Europe,67.5,160.5,4.0,Medium,0,0.0,0.0,0.0
Russian Federation,RUS,Europe,68.5,160.5,4.0,Medium,0,0.0,0.0,0.0
Russian Federation,RUS,Europe,69.5,160.5,4.0,Medium,0,0.0,0.0,0.0
Solomon Islands,SLB,Oceania,-9.5,161.5,4.3,Medium,24,4.7375,5.6,54.6817
Russian Federation,RUS,Europe,55.5,161.5,4.0,Medium,34,4.8647,6.1,70.7876
Russian Federation,RUS,Europe,56.5,161.5,4.0,Medium,5,4.666,5.03,46.4
Russian Federation,RUS,Europe,57.5,161.5,4.0,Medium,1,4.5,4.5,7.14
Russian Federation,RUS,Europe,58.5,161.5,4.0,Medium,0,0.0,0.0,0.0
Russian Federation,RUS,Europe,59.5,161.5,4.0,Medium,0,0.0,0.0,0.0
Russian Federation,RUS,Europe,61.5,161.5,4.0,Medium,0,0.0,0.0,0.0
Russian Federation,RUS,Europe,62.5,161.5,4.0,Medium,0,0.0,0.0,0.0
Russian Federation,RUS,Europe,63.5,161.5,4.0,Medium,0,0.0,0.0,0.0
Russian Federation,RUS,Europe,64.5,161.5,4.0,Medium,0,0.0,0.0,0.0
Russian Federation,RUS,Europe,65.5,161.5,4.0,Medium,0,0.0,0.0,0.0
Russian Federation,RUS,Europe,66.5,161.5,4.0,Medium,0,0.0,0.0,0.0
Russian Federation,RUS,Europe,67.5,161.5,4.0,Medium,0,0.0,0.0,0.0
Russian Federation,RUS,Europe,68.5,161.5,4.0,Medium,0,0.0,0.0,0.0
Russian Federation,RUS,Europe,69.5,161.5,4.0,Medium,0,0.0,0.0,0.0
Russian Federation,RUS,Europe,56.5,162.5,4.0,Medium,28,4.8571,6.6,29.0641
Russian Federation,RUS,Europe,57.5,162.5,4.0,Medium,5,4.82,5.4,37.046
Russian Federation,RUS,Europe,59.5,162.5,4.0,Medium,0,0.0,0.0,0.0
Russian Federation,RUS,Europe,60.5,162.5,4.0,Medium,0,0.0,0.0,0.0
Russian Federation,RUS,Europe,62.5,162.5,4.0,Medium,0,0.0,0.0,0.0
Russian Federation,RUS,Europe,63.5,162.5,4.0,Medium,0,0.0,0.0,0.0
Russian Federation,RUS,Europe,64.5,162.5,4.0,Medium,0,0.0,0.0,0.0
Russian Federation,RUS,Europe,65.5,162.5,4.0,Medium,0,0.0,0.0,0.0
Russian Federation,RUS,Europe,66.5,162.5,4.0,Medium,0,0.0,0.0,0.0
Russian Federation,RUS,Europe,67.5,162.5,4.0,Medium,0,0.0,0.0,0.0
Russian Federation,RUS,Europe,68.5,162.5,4.0,Medium,0,0.0,0.0,0.0
Russian Federation,RUS,Europe,69.5,162.5,4.0,Medium,0,0.0,0.0,0.0
Russian Federation,RUS,Europe,60.5,163.5,4.0,Medium,3,5.0667,5.8,10.2833
Russian Federation,RUS,Europe,62.5,163.5,4.0,Medium,0,0.0,0.0,0.0
Russian Federation,RUS,Europe,63.5,163.5,4.0,Medium,0,0.0,0.0,0.0
Russian Federation,RUS,Europe,64.5,163.5,4.0,Medium,0,0.0,0.0,0.0
Russian Federation,RUS,Europe,65.5,163.5,4.0,Medium,0,0.0,0.0,0.0
Russian Federation,RUS,Europe,66.5,163.5,4.0,Medium,0,0.0,0.0,0.0
Russian Federation,RUS,Europe,67.5,163.5,4.0,Medium,0,0.0,0.0,0.0
Russian Federation,RUS,Europe,68.5,163.5,4.0,Medium,0,0.0,0.0,0.0
Russian Federation,RUS,Europe,69.5,163.5,4.0,Medium,0,0.0,0.0,0.0
Russian Federation,RUS,Europe,60.5,164.5,4.0,Medium,0,0.0,0.0,0.0
Russian Federation,RUS,Europe,61.5,164.5,4.0,Medium,0,0.0,0.0,0.0
Russian Federation,RUS,Europe,62.5,164.5,4.0,Medium,0,0.0,0.0,0.0
Russian Federation,RUS,Europe,63.5,164.5,4.0,Medium,0,0.0,0.0,0.0
Russian Federation,RUS,Europe,64.5,164.5,4.0,Medium,0,0.0,0.0,0.0
Russian Federation,RUS,Europe,65.5,164.5,4.0,Medium,0,0.0,0.0,0.0
Russian Federation,RUS,Europe,66.5,164.5,4.0,Medium,0,0.0,0.0,0.0
Russian Federation,RUS,Europe,67.5,164.5,4.0,Medium,0,0.0,0.0,0.0
Russian Federation,RUS,Europe,68.5,164.5,4.0,Medium,0,0.0,0.0,0.0
Russian Federation,RUS,Europe,69.5,164.5,4.0,Medium,0,0.0,0.0,0.0
Russian Federation,RUS,Europe,60.5,165.5,4.0,Medium,57,4.7912,6.6,17.8824
Russian Federation,RUS,Europe,61.5,165.5,4.0,Medium,3,4.5,4.5,10.0
Russian Federation,RUS,Europe,62.5,165.5,4.0,Medium,0,0.0,0.0,0.0
Russian Federation,RUS,Europe,63.5,165.5,4.0,Medium,0,0.0,0.0,0.0
Russian Federation,RUS,Europe,64.5,165.5,4.0,Medium,0,0.0,0.0,0.0
Russian Federation,RUS,Europe,65.5,165.5,4.0,Medium,0,0.0,0.0,0.0
Russian Federation,RUS,Europe,66.5,165.5,4.0,Medium,0,0.0,0.0,0.0
Russian Federation,RUS,Europe,67.5,165.5,4.0,Medium,0,0.0,0.0,0.0
Russian Federation,RUS,Europe,68.5,165.5,4.0,Medium,0,0.0,0.0,0.0
Russian Federation,RUS,Europe,69.5,165.5,4.0,Medium,0,0.0,0.0,0.0
Russian Federation,RUS,Europe,60.5,166.5,4.0,Medium,34,4.7588,5.1,14.2941
Russian Federation,RUS,Europe,61.5,166.5,4.0,Medium,5,4.92,5.3,14.66
Russian Federation,RUS,Europe,62.5,166.5,4.0,Medium,0,0.0,0.0,0.0
Russian Federation,RUS,Europe,63.5,166.5,4.0,Medium,0,0.0,0.0,0.0
Russian Federation,RUS,Europe,64.5,166.5,4.0,Medium,0,0.0,0.0,0.0
Russian Federation,RUS,Europe,65.5,166.5,4.0,Medium,0,0.0,0.0,0.0
Russian Federation,RUS,Europe,66.5,166.5,4.0,Medium,0,0.0,0.0,0.0
Russian Federation,RUS,Europe,67.5,166.5,4.0,Medium,0,0.0,0.0,0.0
Russian Federation,RUS,Europe,68.5,166.5,4.0,Medium,0,0.0,0.0,0.0
Russian Federation,RUS,Europe,69.5,166.5,4.0,Medium,0,0.0,0.0,0.0
New Zealand,NZL,Oceania,-45.5,167.5,1.5,Very Low,46,4.8848,7.2,66.0857
Vanuatu,VUT,Oceania,-16.5,167.5,4.3,Medium,161,4.9056,7.0,56.2434
Russian Federation,RUS,Europe,60.5,167.5,4.0,Medium,14,5.3,7.6,12.3714
Russian Federation,RUS,Europe,61.5,167.5,4.0,Medium,28,4.7964,6.1,15.6286
Russian Federation,RUS,Europe,62.5,167.5,4.0,Medium,0,0.0,0.0,0.0
Russian Federation,RUS,Europe,63.5,167.5,4.0,Medium,0,0.0,0.0,0.0
Russian Federation,RUS,Europe,64.5,167.5,4.0,Medium,0,0.0,0.0,0.0
Russian Federation,RUS,Europe,65.5,167.5,4.0,Medium,0,0.0,0.0,0.0
Russian Federation,RUS,Europe,66.5,167.5,4.0,Medium,0,0.0,0.0,0.0
Russian Federation,RUS,Europe,67.5,167.5,4.0,Medium,0,0.0,0.0,0.0
Russian Federation,RUS,Europe,68.5,167.5,4.0,Medium,0,0.0,0.0,0.0
Russian Federation,RUS,Europe,69.5,167.5,4.0,Medium,0,0.0,0.0,0.0
New Zealand,NZL,Oceania,-46.5,168.5,1.5,Very Low,0,0.0,0.0,0.0
New Zealand,NZL,Oceania,-45.5,168.5,1.5,Very Low,0,0.0,0.0,0.0
New Zealand,NZL,Oceania,-44.5,168.5,1.5,Very Low,24,4.8167,5.8,17.1146
Russian Federation,RUS,Europe,60.5,168.5,4.0,Medium,0,0.0,0.0,0.0
Russian Federation,RUS,Europe,61.5,168.5,4.0,Medium,3,4.9667,5.4,9.0
Russian Federation,RUS,Europe,62.5,168.5,4.0,Medium,0,0.0,0.0,0.0
Russian Federation,RUS,Europe,63.5,168.5,4.0,Medium,0,0.0,0.0,0.0
Russian Federation,RUS,Europe,64.5,168.5,4.0,Medium,1,5.0,5.0,10.0
Russian Federation,RUS,Europe,65.5,168.5,4.0,Medium,0,0.0,0.0,0.0
Russian Federation,RUS,Europe,66.5,168.5,4.0,Medium,0,0.0,0.0,0.0
Russian Federation,RUS,Europe,67.5,168.5,4.0,Medium,0,0.0,0.0,0.0
Russian Federation,RUS,Europe,68.5,168.5,4.0,Medium,0,0.0,0.0,0.0
New Zealand,NZL,Oceania,-46.5,169.5,1.5,Very Low,1,4.5,4.5,31.0
New Zealand,NZL,Oceania,-45.5,169.5,1.5,Very Low,0,0.0,0.0,0.0
New Zealand,NZL,Oceania,-44.5,169.5,1.5,Very Low,5,4.72,5.1,9.4
Russian Federation,RUS,Europe,60.5,169.5,4.0,Medium,0,0.0,0.0,0.0
Russian Federation,RUS,Europe,61.5,169.5,4.0,Medium,0,0.0,0.0,0.0
Russian Federation,RUS,Europe,62.5,169.5,4.0,Medium,0,0.0,0.0,0.0
Russian Federation,RUS,Europe,63.5,169.5,4.0,Medium,1,4.9,4.9,10.0
Russian Federation,RUS,Europe,64.5,169.5,4.0,Medium,0,0.0,0.0,0.0
Russian Federation,RUS,Europe,65.5,169.5,4.0,Medium,0,0.0,0.0,0.0
Russian Federation,RUS,Europe,66.5,169.5,4.0,Medium,0,0.0,0.0,0.0
Russian Federation,RUS,Europe,67.5,169.5,4.0,Medium,0,0.0,0.0,0.0
Russian Federation,RUS,Europe,68.5,169.5,4.0,Medium,0,0.0,0.0,0.0
New Zealand,NZL,Oceania,-45.5,170.5,1.5,Very Low,1,4.5,4.5,12.0
New Zealand,NZL,Oceania,-44.5,170.5,1.5,Very Low,0,0.0,0.0,0.0
New Zealand,NZL,Oceania,-43.5,170.5,1.5,Very Low,1,4.7,4.7,4.6
Russian Federation,RUS,Europe,60.5,170.5,4.0,Medium,0,0.0,0.0,0.0
Russian Federation,RUS,Europe,61.5,170.5,4.0,Medium,0,0.0,0.0,0.0
Russian Federation,RUS,Europe,62.5,170.5,4.0,Medium,2,4.75,4.8,10.0
Russian Federation,RUS,Europe,63.5,170.5,4.0,Medium,0,0.0,0.0,0.0
Russian Federation,RUS,Europe,64.5,170.5,4.0,Medium,0,0.0,0.0,0.0
Russian Federation,RUS,Europe,65.5,170.5,4.0,Medium,0,0.0,0.0,0.0
Russian Federation,RUS,Europe,66.5,170.5,4.0,Medium,0,0.0,0.0,0.0
Russian Federation,RUS,Europe,67.5,170.5,4.0,Medium,0,0.0,0.0,0.0
Russian Federation,RUS,Europe,68.5,170.5,4.0,Medium,0,0.0,0.0,0.0
Russian Federation,RUS,Europe,69.5,170.5,4.0,Medium,0,0.0,0.0,0.0
New Zealand,NZL,Oceania,-43.5,171.5,1.5,Very Low,16,4.9562,7.0,8.7926
New Zealand,NZL,Oceania,-42.5,171.5,1.5,Very Low,2,4.65,4.8,10.5
Russian Federation,RUS,Europe,61.5,171.5,4.0,Medium,0,0.0,0.0,0.0
Russian Federation,RUS,Europe,62.5,171.5,4.0,Medium,5,5.2,6.4,10.0
Russian Federation,RUS,Europe,63.5,171.5,4.0,Medium,0,0.0,0.0,0.0
Russian Federation,RUS,Europe,64.5,171.5,4.0,Medium,0,0.0,0.0,0.0
Russian Federation,RUS,Europe,65.5,171.5,4.0,Medium,0,0.0,0.0,0.0
Russian Federation,RUS,Europe,66.5,171.5,4.0,Medium,0,0.0,0.0,0.0
Russian Federation,RUS,Europe,67.5,171.5,4.0,Medium,0,0.0,0.0,0.0
Russian Federation,RUS,Europe,68.5,171.5,4.0,Medium,0,0.0,0.0,0.0
Russian Federation,RUS,Europe,69.5,171.5,4.0,Medium,0,0.0,0.0,0.0
New Zealand,NZL,Oceania,-43.5,172.5,1.5,Very Low,94,4.7894,6.1,9.4764
New Zealand,NZL,Oceania,-42.5,172.5,1.5,Very Low,31,4.6871,5.5,28.8103
New Zealand,NZL,Oceania,-41.5,172.5,1.5,Very Low,12,4.7083,5.2,49.4953
Russian Federation,RUS,Europe,61.5,172.5,4.0,Medium,0,0.0,0.0,0.0
Russian Federation,RUS,Europe,62.5,172.5,4.0,Medium,1,4.5,4.5,15.33
Russian Federation,RUS,Europe,63.5,172.5,4.0,Medium,1,4.5,4.5,17.38
Russian Federation,RUS,Europe,64.5,172.5,4.0,Medium,0,0.0,0.0,0.0
Russian Federation,RUS,Europe,65.5,172.5,4.0,Medium,0,0.0,0.0,0.0
Russian Federation,RUS,Europe,66.5,172.5,4.0,Medium,0,0.0,0.0,0.0
Russian Federation,RUS,Europe,67.5,172.5,4.0,Medium,0,0.0,0.0,0.0
Russian Federation,RUS,Europe,68.5,172.5,4.0,Medium,0,0.0,0.0,0.0
Russian Federation,RUS,Europe,69.5,172.5,4.0,Medium,0,0.0,0.0,0.0
New Zealand,NZL,Oceania,-42.5,173.5,1.5,Very Low,81,4.9309,7.8,13.4963
New Zealand,NZL,Oceania,-41.5,173.5,1.5,Very Low,21,4.7524,5.3,55.1451
New Zealand,NZL,Oceania,-35.5,173.5,1.5,Very Low,0,0.0,0.0,0.0
Russian Federation,RUS,Europe,62.5,173.5,4.0,Medium,0,0.0,0.0,0.0
Russian Federation,RUS,Europe,63.5,173.5,4.0,Medium,0,0.0,0.0,0.0
Russian Federation,RUS,Europe,64.5,173.5,4.0,Medium,0,0.0,0.0,0.0
Russian Federation,RUS,Europe,65.5,173.5,4.0,Medium,0,0.0,0.0,0.0
Russian Federation,RUS,Europe,66.5,173.5,4.0,Medium,0,0.0,0.0,0.0
Russian Federation,RUS,Europe,67.5,173.5,4.0,Medium,0,0.0,0.0,0.0
Russian Federation,RUS,Europe,68.5,173.5,4.0,Medium,0,0.0,0.0,0.0
Russian Federation,RUS,Europe,69.5,173.5,4.0,Medium,0,0.0,0.0,0.0
New Zealand,NZL,Oceania,-39.5,174.5,1.5,Very Low,38,4.7921,6.1,195.6837
New Zealand,NZL,Oceania,-36.5,174.5,1.5,Very Low,1,4.5,4.5,12.0
Russian Federation,RUS,Europe,62.5,174.5,4.0,Medium,0,0.0,0.0,0.0
Russian Federation,RUS,Europe,63.5,174.5,4.0,Medium,0,0.0,0.0,0.0
Russian Federation,RUS,Europe,64.5,174.5,4.0,Medium,0,0.0,0.0,0.0
Russian Federation,RUS,Europe,65.5,174.5,4.0,Medium,0,0.0,0.0,0.0
Russian Federation,RUS,Europe,66.5,174.5,4.0,Medium,0,0.0,0.0,0.0
Russian Federation,RUS,Europe,67.5,174.5,4.0,Medium,0,0.0,0.0,0.0
Russian Federation,RUS,Europe,68.5,174.5,4.0,Medium,0,0.0,0.0,0.0
Russian Federation,RUS,Europe,69.5,174.5,4.0,Medium,0,0.0,0.0,0.0
New Zealand,NZL,Oceania,-41.5,175.5,1.5,Very Low,11,4.8727,5.3,26.5482
New Zealand,NZL,Oceania,-40.5,175.5,1.5,Very Low,23,4.7565,6.1,33.6361
New Zealand,NZL,Oceania,-39.5,175.5,1.5,Very Low,18,4.8056,5.3,81.3194
New Zealand,NZL,Oceania,-38.5,175.5,1.5,Very Low,58,4.7431,5.6,152.042
New Zealand,NZL,Oceania,-37.5,175.5,1.5,Very Low,5,4.76,5.0,112.5
Russian Federation,RUS,Europe,62.5,175.5,4.0,Medium,0,0.0,0.0,0.0
Russian Federation,RUS,Europe,63.5,175.5,4.0,Medium,0,0.0,0.0,0.0
Russian Federation,RUS,Europe,64.5,175.5,4.0,Medium,0,0.0,0.0,0.0
Russian Federation,RUS,Europe,65.5,175.5,4.0,Medium,0,0.0,0.0,0.0
Russian Federation,RUS,Europe,66.5,175.5,4.0,Medium,0,0.0,0.0,0.0
Russian Federation,RUS,Europe,67.5,175.5,4.0,Medium,0,0.0,0.0,0.0
Russian Federation,RUS,Europe,68.5,175.5,4.0,Medium,0,0.0,0.0,0.0
Russian Federation,RUS,Europe,69.5,175.5,4.0,Medium,0,0.0,0.0,0.0
New Zealand,NZL,Oceania,-40.5,176.5,1.5,Very Low,42,4.8262,5.6,28.5609
New Zealand,NZL,Oceania,-39.5,176.5,1.5,Very Low,23,4.8,5.5,46.4313
New Zealand,NZL,Oceania,-38.5,176.5,1.5,Very Low,53,4.817,6.3,117.178
Russian Federation,RUS,Europe,62.5,176.5,4.0,Medium,0,0.0,0.0,0.0
Russian Federation,RUS,Europe,63.5,176.5,4.0,Medium,0,0.0,0.0,0.0
Russian Federation,RUS,Europe,64.5,176.5,4.0,Medium,0,0.0,0.0,0.0
Russian Federation,RUS,Europe,65.5,176.5,4.0,Medium,0,0.0,0.0,0.0
Russian Federation,RUS,Europe,66.5,176.5,4.0,Medium,0,0.0,0.0,0.0
Russian Federation,RUS,Europe,67.5,176.5,4.0,Medium,0,0.0,0.0,0.0
Russian Federation,RUS,Europe,68.5,176.5,4.0,Medium,0,0.0,0.0,0.0
Russian Federation,RUS,Europe,69.5,176.5,4.0,Medium,0,0.0,0.0,0.0
New Zealand,NZL,Oceania,-38.5,177.5,1.5,Very Low,24,4.7333,5.2,48.8767
Russian Federation,RUS,Europe,63.5,177.5,4.0,Medium,0,0.0,0.0,0.0
Russian Federation,RUS,Europe,64.5,177.5,4.0,Medium,0,0.0,0.0,0.0
Russian Federation,RUS,Europe,65.5,177.5,4.0,Medium,0,0.0,0.0,0.0
Russian Federation,RUS,Europe,66.5,177.5,4.0,Medium,0,0.0,0.0,0.0
Russian Federation,RUS,Europe,67.5,177.5,4.0,Medium,0,0.0,0.0,0.0
Russian Federation,RUS,Europe,68.5,177.5,4.0,Medium,0,0.0,0.0,0.0
Russian Federation,RUS,Europe,69.5,177.5,4.0,Medium,0,0.0,0.0,0.0
Fiji,FJI,Oceania,-17.5,178.5,3.0,Low,14,5.0143,7.3,504.8079
Russian Federation,RUS,Europe,62.5,178.5,4.0,Medium,0,0.0,0.0,0.0
Russian Federation,RUS,Europe,63.5,178.5,4.0,Medium,0,0.0,0.0,0.0
Russian Federation,RUS,Europe,65.5,178.5,4.0,Medium,0,0.0,0.0,0.0
Russian Federation,RUS,Europe,66.5,178.5,4.0,Medium,0,0.0,0.0,0.0
Russian Federation,RUS,Europe,67.5,178.5,4.0,Medium,0,0.0,0.0,0.0
Russian Federation,RUS,Europe,68.5,178.5,4.0,Medium,0,0.0,0.0,0.0
Fiji,FJI,Oceania,-16.5,179.5,3.0,Low,6,4.6667,4.9,110.9797
Russian Federation,RUS,Europe,65.5,179.5,4.0,Medium,0,0.0,0.0,0.0
Russian Federation,RUS,Europe,66.5,179.5,4.0,Medium,0,0.0,0.0,0.0
Russian Federation,RUS,Europe,67.5,179.5,4.0,Medium,0,0.0,0.0,0.0
Russian Federation,RUS,Europe,68.5,179.5,4.0,Medium,0,0.0,0.0,0.0
